2026-08-22 19:27:33,313 [INFO] [MainThread] [root/log.py:104]: YASB v2.0.6
2026-08-22 19:27:33,314 [INFO] [CLIPipeServer] [cli_server/cli_server.py:216]: CLI server started v1.1.7
2026-08-22 19:27:33,314 [INFO] [MainThread] [cli_server/cli_server.py:106]: Log pipe server started
2026-08-22 19:28:01,048 [INFO] [MainThread] [root/welcome.py:867]: Created config file at C:\Users\Felipe\.config\yasb\config.yaml
2026-08-22 19:28:01,048 [INFO] [MainThread] [root/welcome.py:876]: Created styles file at C:\Users\Felipe\.config\yasb\styles.css
2026-08-22 19:28:01,945 [INFO] [MainThread] [root/api.py:62]: GitHubDataManager started...
2026-08-22 19:28:02,015 [INFO] [MainThread] [root/service.py:41]: AudioInputService starting...
2026-08-22 19:28:02,021 [INFO] [SystrayHook] [systray_hook/systray_hook.py:193]: Injecting into Explorer (PID: 17048)
2026-08-22 19:28:02,115 [INFO] [MainThread] [root/service.py:52]: AudioOutputService starting...
2026-08-22 19:28:02,240 [INFO] [MainThread] [root/bar_manager.py:238]: Starting HotkeyListener...
2026-08-22 19:28:02,240 [INFO] [MainThread] [root/bar_manager.py:103]: Starting SystemEventListener...
2026-08-22 19:28:02,240 [INFO] [MainThread] [root/bar_manager.py:103]: Starting WindowsNotificationEventListener...
2026-08-22 19:28:02,242 [INFO] [MainThread] [root/watcher.py:65]: Watching directory: c:\users\felipe\.config\yasb
2026-08-22 19:28:02,243 [INFO] [MainThread] [root/watcher.py:104]: Created file watcher
2026-08-22 19:28:02,259 [INFO] [MainThread] [root/update_service.py:434]: Background update checker started
2026-08-22 19:28:02,304 [INFO] [Dummy-12] [root/windows_notification.py:161]: Notification service started (WNF_SHEL_NOTIFICATION_TOTAL)
2026-08-22 19:30:41,708 [INFO] [SystrayHook] [systray_hook/systray_hook.py:193]: Injecting into Explorer (PID: 8280)
2026-08-22 19:31:09,846 [INFO] [MainThread] [root/bar_helper.py:594]: AppBarManager need to re-register 1 bar
2026-08-22 19:31:09,853 [INFO] [MainThread] [root/bar_helper.py:603]: Re-registered AppBar for primary-bar_Odyssey G5_c0dd251d (space reservation + fullscreen)
2026-08-22 19:34:21,710 [INFO] [MainThread] [root/bar_helper.py:594]: AppBarManager need to re-register 1 bar
2026-08-22 19:34:21,747 [INFO] [MainThread] [root/bar_helper.py:603]: Re-registered AppBar for primary-bar_Odyssey G5_c0dd251d (space reservation + fullscreen)
2026-08-22 19:34:22,866 [INFO] [SystrayHook] [systray_hook/systray_hook.py:193]: Injecting into Explorer (PID: 17648)
2026-08-22 19:35:06,092 [INFO] [MainThread] [root/bar_helper.py:594]: AppBarManager need to re-register 1 bar
2026-08-22 19:35:06,113 [INFO] [MainThread] [root/bar_helper.py:603]: Re-registered AppBar for primary-bar_Odyssey G5_c0dd251d (space reservation + fullscreen)
2026-08-22 19:35:07,393 [INFO] [SystrayHook] [systray_hook/systray_hook.py:193]: Injecting into Explorer (PID: 16984)
2026-08-22 19:35:22,968 [INFO] [MainThread] [root/bar_helper.py:594]: AppBarManager need to re-register 1 bar
2026-08-22 19:35:22,995 [INFO] [MainThread] [root/bar_helper.py:603]: Re-registered AppBar for primary-bar_Odyssey G5_c0dd251d (space reservation + fullscreen)
2026-08-22 19:35:24,154 [INFO] [SystrayHook] [systray_hook/systray_hook.py:193]: Injecting into Explorer (PID: 5420)
2026-08-22 19:37:07,176 [INFO] [MainThread] [root/bar_helper.py:594]: AppBarManager need to re-register 1 bar
2026-08-22 19:37:07,199 [INFO] [MainThread] [root/bar_helper.py:603]: Re-registered AppBar for primary-bar_Odyssey G5_c0dd251d (space reservation + fullscreen)
2026-08-22 19:37:08,443 [INFO] [SystrayHook] [systray_hook/systray_hook.py:193]: Injecting into Explorer (PID: 10556)
2026-08-22 19:38:00,767 [INFO] [MainThread] [root/bar_helper.py:594]: AppBarManager need to re-register 1 bar
2026-08-22 19:38:00,804 [INFO] [MainThread] [root/bar_helper.py:603]: Re-registered AppBar for primary-bar_Odyssey G5_c0dd251d (space reservation + fullscreen)
2026-08-22 19:38:01,884 [INFO] [SystrayHook] [systray_hook/systray_hook.py:193]: Injecting into Explorer (PID: 9464)
2026-08-22 19:51:54,261 [INFO] [SystrayHook] [systray_hook/systray_hook.py:193]: Injecting into Explorer (PID: 17544)
2026-08-22 19:52:22,348 [INFO] [MainThread] [root/bar_helper.py:594]: AppBarManager need to re-register 1 bar
2026-08-22 19:52:22,361 [INFO] [MainThread] [root/bar_helper.py:603]: Re-registered AppBar for primary-bar_Odyssey G5_c0dd251d (space reservation + fullscreen)
2026-08-22 20:00:30,927 [INFO] [SystrayHook] [systray_hook/systray_hook.py:193]: Injecting into Explorer (PID: 1896)
2026-08-22 20:00:59,063 [INFO] [MainThread] [root/bar_helper.py:594]: AppBarManager need to re-register 1 bar
2026-08-22 20:00:59,077 [INFO] [MainThread] [root/bar_helper.py:603]: Re-registered AppBar for primary-bar_Odyssey G5_c0dd251d (space reservation + fullscreen)
2026-08-22 20:01:20,322 [INFO] [MainThread] [root/bar_helper.py:594]: AppBarManager need to re-register 1 bar
2026-08-22 20:01:20,346 [INFO] [MainThread] [root/bar_helper.py:603]: Re-registered AppBar for primary-bar_Odyssey G5_c0dd251d (space reservation + fullscreen)
2026-08-22 20:01:21,513 [INFO] [SystrayHook] [systray_hook/systray_hook.py:193]: Injecting into Explorer (PID: 1756)
2026-08-22 20:02:05,203 [INFO] [MainThread] [root/bar_helper.py:594]: AppBarManager need to re-register 1 bar
2026-08-22 20:02:05,230 [INFO] [MainThread] [root/bar_helper.py:603]: Re-registered AppBar for primary-bar_Odyssey G5_c0dd251d (space reservation + fullscreen)
2026-08-22 20:02:06,409 [INFO] [SystrayHook] [systray_hook/systray_hook.py:193]: Injecting into Explorer (PID: 7244)
2026-08-22 20:04:03,707 [INFO] [MainThread] [root/bar_helper.py:594]: AppBarManager need to re-register 1 bar
2026-08-22 20:04:03,738 [INFO] [MainThread] [root/bar_helper.py:603]: Re-registered AppBar for primary-bar_Odyssey G5_c0dd251d (space reservation + fullscreen)
2026-08-22 20:04:04,897 [INFO] [SystrayHook] [systray_hook/systray_hook.py:193]: Injecting into Explorer (PID: 11356)
2026-08-22 20:04:30,292 [INFO] [MainThread] [root/bar_helper.py:594]: AppBarManager need to re-register 1 bar
2026-08-22 20:04:30,316 [INFO] [MainThread] [root/bar_helper.py:603]: Re-registered AppBar for primary-bar_Odyssey G5_c0dd251d (space reservation + fullscreen)
2026-08-22 20:04:31,468 [INFO] [SystrayHook] [systray_hook/systray_hook.py:193]: Injecting into Explorer (PID: 15192)
2026-08-22 20:10:10,834 [INFO] [MainThread] [root/bar_helper.py:594]: AppBarManager need to re-register 1 bar
2026-08-22 20:10:10,858 [INFO] [MainThread] [root/bar_helper.py:603]: Re-registered AppBar for primary-bar_Odyssey G5_c0dd251d (space reservation + fullscreen)
2026-08-22 20:10:11,896 [INFO] [SystrayHook] [systray_hook/systray_hook.py:193]: Injecting into Explorer (PID: 10252)
2026-08-22 20:11:38,352 [INFO] [MainThread] [root/bar_helper.py:594]: AppBarManager need to re-register 1 bar
2026-08-22 20:11:38,380 [INFO] [MainThread] [root/bar_helper.py:603]: Re-registered AppBar for primary-bar_Odyssey G5_c0dd251d (space reservation + fullscreen)
2026-08-22 20:11:39,480 [INFO] [SystrayHook] [systray_hook/systray_hook.py:193]: Injecting into Explorer (PID: 15724)
2026-08-22 20:13:03,796 [INFO] [MainThread] [root/bar_helper.py:594]: AppBarManager need to re-register 1 bar
2026-08-22 20:13:03,823 [INFO] [MainThread] [root/bar_helper.py:603]: Re-registered AppBar for primary-bar_Odyssey G5_c0dd251d (space reservation + fullscreen)
2026-08-22 20:13:04,942 [INFO] [SystrayHook] [systray_hook/systray_hook.py:193]: Injecting into Explorer (PID: 3800)
2026-08-22 20:14:59,868 [INFO] [MainThread] [root/bar_helper.py:594]: AppBarManager need to re-register 1 bar
2026-08-22 20:14:59,890 [INFO] [MainThread] [root/bar_helper.py:603]: Re-registered AppBar for primary-bar_Odyssey G5_c0dd251d (space reservation + fullscreen)
2026-08-22 20:15:00,996 [INFO] [SystrayHook] [systray_hook/systray_hook.py:193]: Injecting into Explorer (PID: 1392)
2026-08-22 20:17:17,094 [INFO] [MainThread] [root/bar_helper.py:594]: AppBarManager need to re-register 1 bar
2026-08-22 20:17:17,112 [INFO] [MainThread] [root/bar_helper.py:603]: Re-registered AppBar for primary-bar_Odyssey G5_c0dd251d (space reservation + fullscreen)
2026-08-22 20:17:18,237 [INFO] [SystrayHook] [systray_hook/systray_hook.py:193]: Injecting into Explorer (PID: 1464)
Windows fatal exception: code 0x800706f7

Thread 0x00000464 [Thread-10] (most recent call first):
  File "C:\hostedtoolcache\windows\Python\3.14.6\x64\Lib\threading.py", line 369 in wait
  File "C:\hostedtoolcache\windows\Python\3.14.6\x64\Lib\queue.py", line 199 in get
  File "D:\a\yasb\yasb\venv\Lib\site-packages\watchdog\observers\api.py", line 379 in dispatch_events
  File "D:\a\yasb\yasb\venv\Lib\site-packages\watchdog\observers\api.py", line 213 in run
  File "C:\hostedtoolcache\windows\Python\3.14.6\x64\Lib\threading.py", line 1082 in _bootstrap_inner
  File "C:\hostedtoolcache\windows\Python\3.14.6\x64\Lib\threading.py", line 1044 in _bootstrap

Thread 0x00001d98 [Thread-11] (most recent call first):
  File "D:\a\yasb\yasb\venv\Lib\site-packages\watchdog\observers\winapi.py", line 326 in read_directory_changes
  File "D:\a\yasb\yasb\venv\Lib\site-packages\watchdog\observers\winapi.py", line 380 in read_events
  File "D:\a\yasb\yasb\venv\Lib\site-packages\watchdog\observers\read_directory_changes.py", line 67 in _read_events
  File "D:\a\yasb\yasb\venv\Lib\site-packages\watchdog\observers\read_directory_changes.py", line 70 in queue_events
  File "D:\a\yasb\yasb\venv\Lib\site-packages\watchdog\observers\api.py", line 158 in run
  File "C:\hostedtoolcache\windows\Python\3.14.6\x64\Lib\threading.py", line 1082 in _bootstrap_inner
  File "C:\hostedtoolcache\windows\Python\3.14.6\x64\Lib\threading.py", line 1044 in _bootstrap

Thread 0x0000056c [WindowsNotificationEventListener] (most recent call first):
  File "C:\hostedtoolcache\windows\Python\3.14.6\x64\Lib\asyncio\windows_events.py", line 778 in _poll
  File "C:\hostedtoolcache\windows\Python\3.14.6\x64\Lib\asyncio\windows_events.py", line 446 in select
  File "C:\hostedtoolcache\windows\Python\3.14.6\x64\Lib\asyncio\base_events.py", line 2018 in _run_once
  File "C:\hostedtoolcache\windows\Python\3.14.6\x64\Lib\asyncio\base_events.py", line 677 in run_forever
  File "C:\hostedtoolcache\windows\Python\3.14.6\x64\Lib\asyncio\base_events.py", line 706 in run_until_complete
  File "D:\a\yasb\yasb\src\core\widgets\services\notifications\windows_notification.py", line 84 in run

Thread 0x000035d4 [SystemEventListener] (most recent call first):
  File "D:\a\yasb\yasb\src\core\utils\win32\event_listener.py", line 69 in run

Thread 0x00003c6c [HotkeyListener] (most recent call first):
  File "D:\a\yasb\yasb\src\core\utils\win32\hotkeys.py", line 252 in run

Thread 0x0000446c [MemoryWorker] (most recent call first):
  File "C:\hostedtoolcache\windows\Python\3.14.6\x64\Lib\threading.py", line 373 in wait
  File "C:\hostedtoolcache\windows\Python\3.14.6\x64\Lib\threading.py", line 670 in wait
  File "D:\a\yasb\yasb\src\core\widgets\services\memory\memory_api.py", line 247 in run

Thread 0x00002344 [CpuWorker] (most recent call first):
  File "C:\hostedtoolcache\windows\Python\3.14.6\x64\Lib\threading.py", line 373 in wait
  File "C:\hostedtoolcache\windows\Python\3.14.6\x64\Lib\threading.py", line 670 in wait
  File "D:\a\yasb\yasb\src\core\widgets\services\cpu\cpu_api.py", line 343 in run

Thread 0x000036bc [SystrayHook] (most recent call first):
  File "D:\a\yasb\yasb\src\core\widgets\services\systray\systray_hook.py", line 247 in run
  File "D:\a\yasb\yasb\src\core\widgets\yasb\systray.py", line 79 in run

Thread 0x00003684 [QueryWorker] (most recent call first):
  File "D:\a\yasb\yasb\src\core\widgets\services\quick_launch\workers.py", line 61 in run

Thread 0x000022c4 [_EventWorker] (most recent call first):
  File "D:\a\yasb\yasb\venv\Lib\site-packages\qasync\_windows.py", line 147 in _poll
  File "D:\a\yasb\yasb\venv\Lib\site-packages\qasync\_windows.py", line 72 in select
  File "D:\a\yasb\yasb\venv\Lib\site-packages\qasync\_windows.py", line 199 in run

Thread 0x0000213c [LogPipeServer] (most recent call first):
  File "D:\a\yasb\yasb\src\core\utils\win32\bindings\kernel32.py", line 291 in ConnectNamedPipe
  File "D:\a\yasb\yasb\src\core\utils\cli_server.py", line 138 in _run_server
  File "C:\hostedtoolcache\windows\Python\3.14.6\x64\Lib\threading.py", line 1024 in run
  File "C:\hostedtoolcache\windows\Python\3.14.6\x64\Lib\threading.py", line 1082 in _bootstrap_inner
  File "C:\hostedtoolcache\windows\Python\3.14.6\x64\Lib\threading.py", line 1044 in _bootstrap

Thread 0x000040b0 [CLIPipeServer] (most recent call first):
  File "D:\a\yasb\yasb\src\core\utils\win32\bindings\kernel32.py", line 291 in ConnectNamedPipe
  File "D:\a\yasb\yasb\src\core\utils\cli_server.py", line 235 in _run_server
  File "C:\hostedtoolcache\windows\Python\3.14.6\x64\Lib\threading.py", line 1024 in run
  File "C:\hostedtoolcache\windows\Python\3.14.6\x64\Lib\threading.py", line 1082 in _bootstrap_inner
  File "C:\hostedtoolcache\windows\Python\3.14.6\x64\Lib\threading.py", line 1044 in _bootstrap

Current thread 0x00004ce0 (most recent call first):
  File "D:\a\yasb\yasb\src\core\widgets\yasb\active_window.py", line 337 in _update_window_title
  File "D:\a\yasb\yasb\src\core\widgets\yasb\active_window.py", line 237 in _on_focus_change_event
  File "D:\a\yasb\yasb\venv\Lib\site-packages\qasync\__init__.py", line 404 in run_forever
  File "D:\a\yasb\yasb\venv\Lib\site-packages\qasync\__init__.py", line 428 in run_until_complete
  File "main.py", line 100 in main
  File "main.py", line 203 in <module>
  File "D:\a\yasb\yasb\venv\Lib\site-packages\freeze_core\initscripts\console.py", line 43 in run
  File "src/freeze_core/initscripts/__startup__.py", line 147 in run
Windows fatal exception: code 0x800706f7

Thread 0x00000464 [Thread-10] (most recent call first):
  File "C:\hostedtoolcache\windows\Python\3.14.6\x64\Lib\threading.py", line 369 in wait
  File "C:\hostedtoolcache\windows\Python\3.14.6\x64\Lib\queue.py", line 199 in get
  File "D:\a\yasb\yasb\venv\Lib\site-packages\watchdog\observers\api.py", line 379 in dispatch_events
  File "D:\a\yasb\yasb\venv\Lib\site-packages\watchdog\observers\api.py", line 213 in run
  File "C:\hostedtoolcache\windows\Python\3.14.6\x64\Lib\threading.py", line 1082 in _bootstrap_inner
  File "C:\hostedtoolcache\windows\Python\3.14.6\x64\Lib\threading.py", line 1044 in _bootstrap

Thread 0x00001d98 [Thread-11] (most recent call first):
  File "D:\a\yasb\yasb\venv\Lib\site-packages\watchdog\observers\winapi.py", line 326 in read_directory_changes
  File "D:\a\yasb\yasb\venv\Lib\site-packages\watchdog\observers\winapi.py", line 380 in read_events
  File "D:\a\yasb\yasb\venv\Lib\site-packages\watchdog\observers\read_directory_changes.py", line 67 in _read_events
  File "D:\a\yasb\yasb\venv\Lib\site-packages\watchdog\observers\read_directory_changes.py", line 70 in queue_events
  File "D:\a\yasb\yasb\venv\Lib\site-packages\watchdog\observers\api.py", line 158 in run
  File "C:\hostedtoolcache\windows\Python\3.14.6\x64\Lib\threading.py", line 1082 in _bootstrap_inner
  File "C:\hostedtoolcache\windows\Python\3.14.6\x64\Lib\threading.py", line 1044 in _bootstrap

Thread 0x0000056c [WindowsNotificationEventListener] (most recent call first):
  File "C:\hostedtoolcache\windows\Python\3.14.6\x64\Lib\asyncio\windows_events.py", line 778 in _poll
  File "C:\hostedtoolcache\windows\Python\3.14.6\x64\Lib\asyncio\windows_events.py", line 446 in select
  File "C:\hostedtoolcache\windows\Python\3.14.6\x64\Lib\asyncio\base_events.py", line 2018 in _run_once
  File "C:\hostedtoolcache\windows\Python\3.14.6\x64\Lib\asyncio\base_events.py", line 677 in run_forever
  File "C:\hostedtoolcache\windows\Python\3.14.6\x64\Lib\asyncio\base_events.py", line 706 in run_until_complete
  File "D:\a\yasb\yasb\src\core\widgets\services\notifications\windows_notification.py", line 84 in run

Thread 0x000035d4 [SystemEventListener] (most recent call first):
  File "D:\a\yasb\yasb\src\core\utils\win32\event_listener.py", line 69 in run

Thread 0x00003c6c [HotkeyListener] (most recent call first):
  File "D:\a\yasb\yasb\src\core\utils\win32\hotkeys.py", line 252 in run

Thread 0x0000446c [MemoryWorker] (most recent call first):
  File "C:\hostedtoolcache\windows\Python\3.14.6\x64\Lib\threading.py", line 373 in wait
  File "C:\hostedtoolcache\windows\Python\3.14.6\x64\Lib\threading.py", line 670 in wait
  File "D:\a\yasb\yasb\src\core\widgets\services\memory\memory_api.py", line 247 in run

Thread 0x00002344 [CpuWorker] (most recent call first):
  File "C:\hostedtoolcache\windows\Python\3.14.6\x64\Lib\threading.py", line 373 in wait
  File "C:\hostedtoolcache\windows\Python\3.14.6\x64\Lib\threading.py", line 670 in wait
  File "D:\a\yasb\yasb\src\core\widgets\services\cpu\cpu_api.py", line 343 in run

Thread 0x000036bc [SystrayHook] (most recent call first):
  File "D:\a\yasb\yasb\src\core\widgets\services\systray\systray_hook.py", line 247 in run
  File "D:\a\yasb\yasb\src\core\widgets\yasb\systray.py", line 79 in run

Thread 0x00003684 [QueryWorker] (most recent call first):
  File "D:\a\yasb\yasb\src\core\widgets\services\quick_launch\workers.py", line 61 in run

Thread 0x000022c4 [_EventWorker] (most recent call first):
  File "D:\a\yasb\yasb\venv\Lib\site-packages\qasync\_windows.py", line 147 in _poll
  File "D:\a\yasb\yasb\venv\Lib\site-packages\qasync\_windows.py", line 72 in select
  File "D:\a\yasb\yasb\venv\Lib\site-packages\qasync\_windows.py", line 199 in run

Thread 0x0000213c [LogPipeServer] (most recent call first):
  File "D:\a\yasb\yasb\src\core\utils\win32\bindings\kernel32.py", line 291 in ConnectNamedPipe
  File "D:\a\yasb\yasb\src\core\utils\cli_server.py", line 138 in _run_server
  File "C:\hostedtoolcache\windows\Python\3.14.6\x64\Lib\threading.py", line 1024 in run
  File "C:\hostedtoolcache\windows\Python\3.14.6\x64\Lib\threading.py", line 1082 in _bootstrap_inner
  File "C:\hostedtoolcache\windows\Python\3.14.6\x64\Lib\threading.py", line 1044 in _bootstrap

Thread 0x000040b0 [CLIPipeServer] (most recent call first):
  File "D:\a\yasb\yasb\src\core\utils\win32\bindings\kernel32.py", line 291 in ConnectNamedPipe
  File "D:\a\yasb\yasb\src\core\utils\cli_server.py", line 235 in _run_server
  File "C:\hostedtoolcache\windows\Python\3.14.6\x64\Lib\threading.py", line 1024 in run
  File "C:\hostedtoolcache\windows\Python\3.14.6\x64\Lib\threading.py", line 1082 in _bootstrap_inner
  File "C:\hostedtoolcache\windows\Python\3.14.6\x64\Lib\threading.py", line 1044 in _bootstrap

Current thread 0x00004ce0 (most recent call first):
  File "D:\a\yasb\yasb\src\core\widgets\yasb\active_window.py", line 337 in _update_window_title
  File "D:\a\yasb\yasb\src\core\widgets\yasb\active_window.py", line 237 in _on_focus_change_event
  File "D:\a\yasb\yasb\venv\Lib\site-packages\qasync\__init__.py", line 404 in run_forever
  File "D:\a\yasb\yasb\venv\Lib\site-packages\qasync\__init__.py", line 428 in run_until_complete
  File "main.py", line 100 in main
  File "main.py", line 203 in <module>
  File "D:\a\yasb\yasb\venv\Lib\site-packages\freeze_core\initscripts\console.py", line 43 in run
  File "src/freeze_core/initscripts/__startup__.py", line 147 in run
2026-08-22 20:48:56,211 [INFO] [MainThread] [root/controller.py:21]: Reloading Application because of config change.
2026-08-22 20:48:56,319 [INFO] [MainThread] [cli_server/cli_server.py:114]: Log pipe server stopped
2026-08-22 20:48:56,327 [INFO] [MainThread] [root/bar_manager.py:93]: Successfully loaded updated config and re-initialised all bars.
2026-08-22 20:48:56,349 [INFO] [MainThread] [root/bar_manager.py:111]: Stopping HotkeyListener...
2026-08-22 20:48:56,351 [INFO] [MainThread] [root/bar_manager.py:119]: Stopping SystemEventListener...
2026-08-22 20:48:56,353 [INFO] [MainThread] [root/bar_manager.py:119]: Stopping WindowsNotificationEventListener...
2026-08-22 20:48:56,354 [INFO] [Dummy-12] [root/windows_notification.py:97]: Notification service stopped
2026-08-22 20:48:56,802 [INFO] [MainThread] [root/log.py:104]: YASB v2.0.6
2026-08-22 20:48:56,803 [INFO] [CLIPipeServer] [cli_server/cli_server.py:216]: CLI server started v1.1.7
2026-08-22 20:48:56,803 [INFO] [MainThread] [cli_server/cli_server.py:106]: Log pipe server started
2026-08-22 20:48:57,162 [INFO] [MainThread] [root/service.py:52]: AudioOutputService starting...
2026-08-22 20:48:57,297 [INFO] [MainThread] [root/bar_manager.py:103]: Starting SystemEventListener...
2026-08-22 20:48:57,298 [ERROR] [MainThread] [root/widget_builder.py:114]: Failed to validate widget(s) due to invalid options  - power_menu
      buttons:
      - Field required
      
2026-08-22 20:48:57,313 [INFO] [MainThread] [root/watcher.py:65]: Watching directory: c:\users\felipe\.config\yasb
2026-08-22 20:48:57,314 [INFO] [MainThread] [root/watcher.py:104]: Created file watcher
2026-08-22 20:48:57,331 [INFO] [MainThread] [root/update_service.py:434]: Background update checker started
2026-08-22 20:48:57,350 [INFO] [SystrayHook] [systray_hook/systray_hook.py:193]: Injecting into Explorer (PID: 1464)
2026-08-22 20:49:44,336 [INFO] [MainThread] [root/controller.py:21]: Reloading Application because of config change.
2026-08-22 20:49:44,439 [INFO] [MainThread] [cli_server/cli_server.py:114]: Log pipe server stopped
2026-08-22 20:49:44,445 [INFO] [MainThread] [root/bar_manager.py:93]: Successfully loaded updated config and re-initialised all bars.
2026-08-22 20:49:44,465 [INFO] [MainThread] [root/bar_manager.py:119]: Stopping SystemEventListener...
2026-08-22 20:49:44,900 [INFO] [MainThread] [root/log.py:104]: YASB v2.0.6
2026-08-22 20:49:44,900 [INFO] [CLIPipeServer] [cli_server/cli_server.py:216]: CLI server started v1.1.7
2026-08-22 20:49:44,900 [INFO] [MainThread] [cli_server/cli_server.py:106]: Log pipe server started
2026-08-22 20:49:45,436 [INFO] [MainThread] [root/api.py:62]: GitHubDataManager started...
2026-08-22 20:49:45,482 [INFO] [MainThread] [root/service.py:41]: AudioInputService starting...
2026-08-22 20:49:45,523 [INFO] [SystrayHook] [systray_hook/systray_hook.py:193]: Injecting into Explorer (PID: 1464)
2026-08-22 20:49:45,567 [INFO] [MainThread] [root/service.py:52]: AudioOutputService starting...
2026-08-22 20:49:45,728 [INFO] [MainThread] [root/bar_manager.py:238]: Starting HotkeyListener...
2026-08-22 20:49:45,729 [INFO] [MainThread] [root/bar_manager.py:103]: Starting WindowsNotificationEventListener...
2026-08-22 20:49:45,729 [INFO] [MainThread] [root/bar_manager.py:103]: Starting SystemEventListener...
2026-08-22 20:49:45,730 [INFO] [MainThread] [root/watcher.py:65]: Watching directory: c:\users\felipe\.config\yasb
2026-08-22 20:49:45,730 [INFO] [MainThread] [root/watcher.py:104]: Created file watcher
2026-08-22 20:49:45,750 [INFO] [MainThread] [root/update_service.py:434]: Background update checker started
2026-08-22 20:49:45,754 [INFO] [Dummy-12] [root/windows_notification.py:161]: Notification service started (WNF_SHEL_NOTIFICATION_TOTAL)
2026-08-22 20:57:53,316 [INFO] [MainThread] [root/controller.py:21]: Reloading Application because of config change.
2026-08-22 20:57:53,430 [INFO] [MainThread] [cli_server/cli_server.py:114]: Log pipe server stopped
2026-08-22 20:57:53,436 [INFO] [MainThread] [root/bar_manager.py:93]: Successfully loaded updated config and re-initialised all bars.
2026-08-22 20:57:53,456 [INFO] [MainThread] [root/bar_manager.py:111]: Stopping HotkeyListener...
2026-08-22 20:57:53,458 [INFO] [MainThread] [root/bar_manager.py:119]: Stopping WindowsNotificationEventListener...
2026-08-22 20:57:53,458 [INFO] [Dummy-12] [root/windows_notification.py:97]: Notification service stopped
2026-08-22 20:57:53,460 [INFO] [MainThread] [root/bar_manager.py:119]: Stopping SystemEventListener...
2026-08-22 20:57:53,899 [INFO] [MainThread] [root/log.py:104]: YASB v2.0.6
2026-08-22 20:57:53,900 [INFO] [CLIPipeServer] [cli_server/cli_server.py:216]: CLI server started v1.1.7
2026-08-22 20:57:53,900 [INFO] [MainThread] [cli_server/cli_server.py:106]: Log pipe server started
2026-08-22 20:57:54,296 [INFO] [SystrayHook] [systray_hook/systray_hook.py:193]: Injecting into Explorer (PID: 1464)
2026-08-22 20:57:54,393 [INFO] [MainThread] [root/service.py:52]: AudioOutputService starting...
2026-08-22 20:57:54,478 [INFO] [MainThread] [root/bar_manager.py:103]: Starting SystemEventListener...
2026-08-22 20:57:54,479 [INFO] [MainThread] [root/watcher.py:65]: Watching directory: c:\users\felipe\.config\yasb
2026-08-22 20:57:54,480 [INFO] [MainThread] [root/watcher.py:104]: Created file watcher
2026-08-22 20:57:54,500 [INFO] [MainThread] [root/update_service.py:434]: Background update checker started
2026-08-22 21:05:54,073 [INFO] [MainThread] [root/controller.py:21]: Reloading Application because of config change.
2026-08-22 21:05:54,180 [INFO] [MainThread] [cli_server/cli_server.py:114]: Log pipe server stopped
2026-08-22 21:05:54,187 [INFO] [MainThread] [root/bar_manager.py:93]: Successfully loaded updated config and re-initialised all bars.
2026-08-22 21:05:54,209 [INFO] [MainThread] [root/bar_manager.py:119]: Stopping SystemEventListener...
2026-08-22 21:05:54,641 [INFO] [MainThread] [root/log.py:104]: YASB v2.0.6
2026-08-22 21:05:54,642 [INFO] [CLIPipeServer] [cli_server/cli_server.py:216]: CLI server started v1.1.7
2026-08-22 21:05:54,642 [INFO] [MainThread] [cli_server/cli_server.py:106]: Log pipe server started
2026-08-22 21:05:55,036 [INFO] [MainThread] [root/service.py:52]: AudioOutputService starting...
2026-08-22 21:05:55,101 [INFO] [SystrayHook] [systray_hook/systray_hook.py:193]: Injecting into Explorer (PID: 1464)
2026-08-22 21:05:55,124 [INFO] [MainThread] [root/bar_manager.py:103]: Starting SystemEventListener...
2026-08-22 21:05:55,126 [INFO] [MainThread] [root/watcher.py:65]: Watching directory: c:\users\felipe\.config\yasb
2026-08-22 21:05:55,127 [INFO] [MainThread] [root/watcher.py:104]: Created file watcher
2026-08-22 21:05:55,143 [INFO] [MainThread] [root/update_service.py:434]: Background update checker started
2026-08-22 21:08:08,821 [INFO] [MainThread] [root/controller.py:21]: Reloading Application because of config change.
2026-08-22 21:08:08,932 [INFO] [MainThread] [cli_server/cli_server.py:114]: Log pipe server stopped
2026-08-22 21:08:08,939 [INFO] [MainThread] [root/bar_manager.py:93]: Successfully loaded updated config and re-initialised all bars.
2026-08-22 21:08:08,963 [INFO] [MainThread] [root/bar_manager.py:119]: Stopping SystemEventListener...
2026-08-22 21:08:09,428 [INFO] [MainThread] [root/log.py:104]: YASB v2.0.6
2026-08-22 21:08:09,428 [INFO] [CLIPipeServer] [cli_server/cli_server.py:216]: CLI server started v1.1.7
2026-08-22 21:08:09,429 [INFO] [MainThread] [cli_server/cli_server.py:106]: Log pipe server started
2026-08-22 21:08:09,844 [INFO] [MainThread] [root/service.py:52]: AudioOutputService starting...
2026-08-22 21:08:09,903 [INFO] [SystrayHook] [systray_hook/systray_hook.py:193]: Injecting into Explorer (PID: 1464)
2026-08-22 21:08:09,932 [INFO] [MainThread] [root/bar_manager.py:103]: Starting SystemEventListener...
2026-08-22 21:08:09,934 [INFO] [MainThread] [root/watcher.py:65]: Watching directory: c:\users\felipe\.config\yasb
2026-08-22 21:08:09,934 [INFO] [MainThread] [root/watcher.py:104]: Created file watcher
2026-08-22 21:08:09,951 [INFO] [MainThread] [root/update_service.py:434]: Background update checker started
2026-08-22 21:08:16,562 [INFO] [MainThread] [root/controller.py:21]: Reloading Application because of config change.
2026-08-22 21:08:16,677 [INFO] [MainThread] [cli_server/cli_server.py:114]: Log pipe server stopped
2026-08-22 21:08:16,685 [INFO] [MainThread] [root/bar_manager.py:93]: Successfully loaded updated config and re-initialised all bars.
2026-08-22 21:08:16,706 [INFO] [MainThread] [root/bar_manager.py:119]: Stopping SystemEventListener...
2026-08-22 21:08:17,175 [INFO] [MainThread] [root/log.py:104]: YASB v2.0.6
2026-08-22 21:08:17,175 [INFO] [CLIPipeServer] [cli_server/cli_server.py:216]: CLI server started v1.1.7
2026-08-22 21:08:17,176 [INFO] [MainThread] [cli_server/cli_server.py:106]: Log pipe server started
2026-08-22 21:08:17,586 [INFO] [MainThread] [root/service.py:52]: AudioOutputService starting...
2026-08-22 21:08:17,646 [INFO] [SystrayHook] [systray_hook/systray_hook.py:193]: Injecting into Explorer (PID: 1464)
2026-08-22 21:08:17,670 [INFO] [MainThread] [root/bar_manager.py:103]: Starting SystemEventListener...
2026-08-22 21:08:17,672 [INFO] [MainThread] [root/watcher.py:65]: Watching directory: c:\users\felipe\.config\yasb
2026-08-22 21:08:17,672 [INFO] [MainThread] [root/watcher.py:104]: Created file watcher
2026-08-22 21:08:17,687 [INFO] [MainThread] [root/update_service.py:434]: Background update checker started
2026-08-22 21:08:55,714 [INFO] [MainThread] [root/controller.py:21]: Reloading Application because of config change.
2026-08-22 21:08:55,819 [INFO] [MainThread] [cli_server/cli_server.py:114]: Log pipe server stopped
2026-08-22 21:08:55,827 [INFO] [MainThread] [root/bar_manager.py:93]: Successfully loaded updated config and re-initialised all bars.
2026-08-22 21:08:55,847 [INFO] [MainThread] [root/bar_manager.py:119]: Stopping SystemEventListener...
2026-08-22 21:08:56,291 [INFO] [MainThread] [root/log.py:104]: YASB v2.0.6
2026-08-22 21:08:56,292 [INFO] [CLIPipeServer] [cli_server/cli_server.py:216]: CLI server started v1.1.7
2026-08-22 21:08:56,292 [INFO] [MainThread] [cli_server/cli_server.py:106]: Log pipe server started
2026-08-22 21:08:56,707 [INFO] [MainThread] [root/service.py:52]: AudioOutputService starting...
2026-08-22 21:08:56,770 [INFO] [SystrayHook] [systray_hook/systray_hook.py:193]: Injecting into Explorer (PID: 1464)
2026-08-22 21:08:56,798 [INFO] [MainThread] [root/bar_manager.py:103]: Starting SystemEventListener...
2026-08-22 21:08:56,800 [INFO] [MainThread] [root/watcher.py:65]: Watching directory: c:\users\felipe\.config\yasb
2026-08-22 21:08:56,801 [INFO] [MainThread] [root/watcher.py:104]: Created file watcher
2026-08-22 21:08:56,816 [INFO] [MainThread] [root/update_service.py:434]: Background update checker started
2026-08-22 21:09:28,258 [INFO] [MainThread] [root/controller.py:21]: Reloading Application because of config change.
2026-08-22 21:09:28,371 [INFO] [MainThread] [cli_server/cli_server.py:114]: Log pipe server stopped
2026-08-22 21:09:28,378 [INFO] [MainThread] [root/bar_manager.py:93]: Successfully loaded updated config and re-initialised all bars.
2026-08-22 21:09:28,401 [INFO] [MainThread] [root/bar_manager.py:119]: Stopping SystemEventListener...
2026-08-22 21:09:28,859 [INFO] [MainThread] [root/log.py:104]: YASB v2.0.6
2026-08-22 21:09:28,859 [INFO] [CLIPipeServer] [cli_server/cli_server.py:216]: CLI server started v1.1.7
2026-08-22 21:09:28,860 [INFO] [MainThread] [cli_server/cli_server.py:106]: Log pipe server started
2026-08-22 21:09:29,266 [INFO] [MainThread] [root/service.py:52]: AudioOutputService starting...
2026-08-22 21:09:29,326 [INFO] [SystrayHook] [systray_hook/systray_hook.py:193]: Injecting into Explorer (PID: 1464)
2026-08-22 21:09:29,354 [INFO] [MainThread] [root/bar_manager.py:103]: Starting SystemEventListener...
2026-08-22 21:09:29,355 [ERROR] [MainThread] [root/widget_builder.py:114]: Failed to validate widget(s) due to invalid options  - active_window
      rewrite:
        0:
          pattern:
          - Input should be a valid string
      
2026-08-22 21:09:29,373 [INFO] [MainThread] [root/watcher.py:65]: Watching directory: c:\users\felipe\.config\yasb
2026-08-22 21:09:29,373 [INFO] [MainThread] [root/watcher.py:104]: Created file watcher
2026-08-22 21:09:29,391 [INFO] [MainThread] [root/update_service.py:434]: Background update checker started
2026-08-22 21:09:35,256 [INFO] [MainThread] [root/controller.py:21]: Reloading Application because of config change.
2026-08-22 21:09:35,362 [INFO] [MainThread] [cli_server/cli_server.py:114]: Log pipe server stopped
2026-08-22 21:09:35,369 [INFO] [MainThread] [root/bar_manager.py:93]: Successfully loaded updated config and re-initialised all bars.
2026-08-22 21:09:35,386 [INFO] [MainThread] [root/bar_manager.py:119]: Stopping SystemEventListener...
2026-08-22 21:09:35,873 [INFO] [MainThread] [root/log.py:104]: YASB v2.0.6
2026-08-22 21:09:35,874 [INFO] [CLIPipeServer] [cli_server/cli_server.py:216]: CLI server started v1.1.7
2026-08-22 21:09:35,874 [INFO] [MainThread] [cli_server/cli_server.py:106]: Log pipe server started
2026-08-22 21:09:36,290 [INFO] [MainThread] [root/service.py:52]: AudioOutputService starting...
2026-08-22 21:09:36,353 [INFO] [SystrayHook] [systray_hook/systray_hook.py:193]: Injecting into Explorer (PID: 1464)
2026-08-22 21:09:36,380 [INFO] [MainThread] [root/bar_manager.py:103]: Starting SystemEventListener...
2026-08-22 21:09:36,382 [INFO] [MainThread] [root/watcher.py:65]: Watching directory: c:\users\felipe\.config\yasb
2026-08-22 21:09:36,382 [INFO] [MainThread] [root/watcher.py:104]: Created file watcher
2026-08-22 21:09:36,399 [INFO] [MainThread] [root/update_service.py:434]: Background update checker started
2026-08-22 21:10:15,884 [INFO] [MainThread] [root/controller.py:21]: Reloading Application because of config change.
2026-08-22 21:10:15,986 [INFO] [MainThread] [cli_server/cli_server.py:114]: Log pipe server stopped
2026-08-22 21:10:15,993 [INFO] [MainThread] [root/bar_manager.py:93]: Successfully loaded updated config and re-initialised all bars.
2026-08-22 21:10:16,012 [INFO] [MainThread] [root/bar_manager.py:119]: Stopping SystemEventListener...
2026-08-22 21:10:16,473 [INFO] [MainThread] [root/log.py:104]: YASB v2.0.6
2026-08-22 21:10:16,474 [INFO] [CLIPipeServer] [cli_server/cli_server.py:216]: CLI server started v1.1.7
2026-08-22 21:10:16,474 [INFO] [MainThread] [cli_server/cli_server.py:106]: Log pipe server started
2026-08-22 21:10:16,884 [INFO] [MainThread] [root/service.py:52]: AudioOutputService starting...
2026-08-22 21:10:16,943 [INFO] [SystrayHook] [systray_hook/systray_hook.py:193]: Injecting into Explorer (PID: 1464)
2026-08-22 21:10:16,972 [INFO] [MainThread] [root/bar_manager.py:103]: Starting SystemEventListener...
2026-08-22 21:10:16,975 [INFO] [MainThread] [root/watcher.py:65]: Watching directory: c:\users\felipe\.config\yasb
2026-08-22 21:10:16,975 [INFO] [MainThread] [root/watcher.py:104]: Created file watcher
2026-08-22 21:10:16,991 [INFO] [MainThread] [root/update_service.py:434]: Background update checker started
2026-08-22 21:10:21,118 [INFO] [MainThread] [root/controller.py:21]: Reloading Application because of config change.
2026-08-22 21:10:21,228 [INFO] [MainThread] [cli_server/cli_server.py:114]: Log pipe server stopped
2026-08-22 21:10:21,235 [INFO] [MainThread] [root/bar_manager.py:93]: Successfully loaded updated config and re-initialised all bars.
2026-08-22 21:10:21,253 [INFO] [MainThread] [root/bar_manager.py:119]: Stopping SystemEventListener...
2026-08-22 21:10:21,692 [INFO] [MainThread] [root/log.py:104]: YASB v2.0.6
2026-08-22 21:10:21,692 [INFO] [CLIPipeServer] [cli_server/cli_server.py:216]: CLI server started v1.1.7
2026-08-22 21:10:21,693 [INFO] [MainThread] [cli_server/cli_server.py:106]: Log pipe server started
2026-08-22 21:10:22,089 [INFO] [MainThread] [root/service.py:52]: AudioOutputService starting...
2026-08-22 21:10:22,148 [INFO] [SystrayHook] [systray_hook/systray_hook.py:193]: Injecting into Explorer (PID: 1464)
2026-08-22 21:10:22,175 [INFO] [MainThread] [root/bar_manager.py:103]: Starting SystemEventListener...
2026-08-22 21:10:22,177 [INFO] [MainThread] [root/watcher.py:65]: Watching directory: c:\users\felipe\.config\yasb
2026-08-22 21:10:22,177 [INFO] [MainThread] [root/watcher.py:104]: Created file watcher
2026-08-22 21:10:22,192 [INFO] [MainThread] [root/update_service.py:434]: Background update checker started
2026-08-22 21:10:26,703 [INFO] [MainThread] [root/controller.py:21]: Reloading Application because of config change.
2026-08-22 21:10:26,807 [INFO] [MainThread] [cli_server/cli_server.py:114]: Log pipe server stopped
2026-08-22 21:10:26,814 [INFO] [MainThread] [root/bar_manager.py:93]: Successfully loaded updated config and re-initialised all bars.
2026-08-22 21:10:26,833 [INFO] [MainThread] [root/bar_manager.py:119]: Stopping SystemEventListener...
2026-08-22 21:10:27,296 [INFO] [MainThread] [root/log.py:104]: YASB v2.0.6
2026-08-22 21:10:27,297 [INFO] [CLIPipeServer] [cli_server/cli_server.py:216]: CLI server started v1.1.7
2026-08-22 21:10:27,297 [INFO] [MainThread] [cli_server/cli_server.py:106]: Log pipe server started
2026-08-22 21:10:27,708 [INFO] [MainThread] [root/service.py:52]: AudioOutputService starting...
2026-08-22 21:10:27,766 [INFO] [SystrayHook] [systray_hook/systray_hook.py:193]: Injecting into Explorer (PID: 1464)
2026-08-22 21:10:27,795 [INFO] [MainThread] [root/bar_manager.py:103]: Starting SystemEventListener...
2026-08-22 21:10:27,798 [INFO] [MainThread] [root/watcher.py:65]: Watching directory: c:\users\felipe\.config\yasb
2026-08-22 21:10:27,799 [INFO] [MainThread] [root/watcher.py:104]: Created file watcher
2026-08-22 21:10:27,816 [INFO] [MainThread] [root/update_service.py:434]: Background update checker started
2026-08-22 21:10:43,334 [INFO] [MainThread] [root/controller.py:21]: Reloading Application because of config change.
2026-08-22 21:10:43,447 [INFO] [MainThread] [cli_server/cli_server.py:114]: Log pipe server stopped
2026-08-22 21:10:43,454 [INFO] [MainThread] [root/bar_manager.py:93]: Successfully loaded updated config and re-initialised all bars.
2026-08-22 21:10:43,476 [INFO] [MainThread] [root/bar_manager.py:119]: Stopping SystemEventListener...
2026-08-22 21:10:43,935 [INFO] [MainThread] [root/log.py:104]: YASB v2.0.6
2026-08-22 21:10:43,936 [INFO] [CLIPipeServer] [cli_server/cli_server.py:216]: CLI server started v1.1.7
2026-08-22 21:10:43,936 [INFO] [MainThread] [cli_server/cli_server.py:106]: Log pipe server started
2026-08-22 21:10:44,322 [INFO] [MainThread] [root/service.py:52]: AudioOutputService starting...
2026-08-22 21:10:44,384 [INFO] [SystrayHook] [systray_hook/systray_hook.py:193]: Injecting into Explorer (PID: 1464)
2026-08-22 21:10:44,410 [INFO] [MainThread] [root/bar_manager.py:103]: Starting SystemEventListener...
2026-08-22 21:10:44,412 [INFO] [MainThread] [root/watcher.py:65]: Watching directory: c:\users\felipe\.config\yasb
2026-08-22 21:10:44,412 [INFO] [MainThread] [root/watcher.py:104]: Created file watcher
2026-08-22 21:10:44,428 [INFO] [MainThread] [root/update_service.py:434]: Background update checker started
2026-08-22 21:12:01,566 [INFO] [MainThread] [root/controller.py:21]: Reloading Application because of config change.
2026-08-22 21:12:01,673 [INFO] [MainThread] [cli_server/cli_server.py:114]: Log pipe server stopped
2026-08-22 21:12:01,680 [INFO] [MainThread] [root/bar_manager.py:93]: Successfully loaded updated config and re-initialised all bars.
2026-08-22 21:12:01,700 [INFO] [MainThread] [root/bar_manager.py:119]: Stopping SystemEventListener...
2026-08-22 21:12:02,201 [INFO] [MainThread] [root/log.py:104]: YASB v2.0.6
2026-08-22 21:12:02,201 [INFO] [CLIPipeServer] [cli_server/cli_server.py:216]: CLI server started v1.1.7
2026-08-22 21:12:02,202 [INFO] [MainThread] [cli_server/cli_server.py:106]: Log pipe server started
2026-08-22 21:12:02,656 [INFO] [MainThread] [root/service.py:52]: AudioOutputService starting...
2026-08-22 21:12:02,713 [INFO] [SystrayHook] [systray_hook/systray_hook.py:193]: Injecting into Explorer (PID: 1464)
2026-08-22 21:12:02,745 [INFO] [MainThread] [root/bar_manager.py:103]: Starting SystemEventListener...
2026-08-22 21:12:02,748 [INFO] [MainThread] [root/watcher.py:65]: Watching directory: c:\users\felipe\.config\yasb
2026-08-22 21:12:02,748 [INFO] [MainThread] [root/watcher.py:104]: Created file watcher
2026-08-22 21:12:02,768 [INFO] [MainThread] [root/update_service.py:434]: Background update checker started
2026-08-22 21:12:26,413 [INFO] [MainThread] [root/controller.py:21]: Reloading Application because of config change.
2026-08-22 21:12:26,528 [INFO] [MainThread] [cli_server/cli_server.py:114]: Log pipe server stopped
2026-08-22 21:12:26,535 [INFO] [MainThread] [root/bar_manager.py:93]: Successfully loaded updated config and re-initialised all bars.
2026-08-22 21:12:26,556 [INFO] [MainThread] [root/bar_manager.py:119]: Stopping SystemEventListener...
2026-08-22 21:12:27,051 [INFO] [MainThread] [root/log.py:104]: YASB v2.0.6
2026-08-22 21:12:27,052 [INFO] [CLIPipeServer] [cli_server/cli_server.py:216]: CLI server started v1.1.7
2026-08-22 21:12:27,052 [INFO] [MainThread] [cli_server/cli_server.py:106]: Log pipe server started
2026-08-22 21:12:27,488 [INFO] [MainThread] [root/service.py:52]: AudioOutputService starting...
2026-08-22 21:12:27,549 [INFO] [SystrayHook] [systray_hook/systray_hook.py:193]: Injecting into Explorer (PID: 1464)
2026-08-22 21:12:27,585 [INFO] [MainThread] [root/bar_manager.py:103]: Starting SystemEventListener...
2026-08-22 21:12:27,588 [INFO] [MainThread] [root/watcher.py:65]: Watching directory: c:\users\felipe\.config\yasb
2026-08-22 21:12:27,588 [INFO] [MainThread] [root/watcher.py:104]: Created file watcher
2026-08-22 21:12:27,608 [INFO] [MainThread] [root/update_service.py:434]: Background update checker started
2026-08-22 21:13:37,369 [INFO] [MainThread] [root/controller.py:21]: Reloading Application because of config change.
2026-08-22 21:13:37,476 [INFO] [MainThread] [cli_server/cli_server.py:114]: Log pipe server stopped
2026-08-22 21:13:37,483 [INFO] [MainThread] [root/bar_manager.py:93]: Successfully loaded updated config and re-initialised all bars.
2026-08-22 21:13:37,504 [INFO] [MainThread] [root/bar_manager.py:119]: Stopping SystemEventListener...
2026-08-22 21:13:37,941 [INFO] [MainThread] [root/log.py:104]: YASB v2.0.6
2026-08-22 21:13:37,941 [INFO] [CLIPipeServer] [cli_server/cli_server.py:216]: CLI server started v1.1.7
2026-08-22 21:13:37,942 [INFO] [MainThread] [cli_server/cli_server.py:106]: Log pipe server started
2026-08-22 21:13:38,328 [INFO] [MainThread] [root/service.py:52]: AudioOutputService starting...
2026-08-22 21:13:38,388 [INFO] [SystrayHook] [systray_hook/systray_hook.py:193]: Injecting into Explorer (PID: 1464)
2026-08-22 21:13:38,415 [INFO] [MainThread] [root/bar_manager.py:103]: Starting SystemEventListener...
2026-08-22 21:13:38,417 [INFO] [MainThread] [root/watcher.py:65]: Watching directory: c:\users\felipe\.config\yasb
2026-08-22 21:13:38,418 [INFO] [MainThread] [root/watcher.py:104]: Created file watcher
2026-08-22 21:13:38,434 [INFO] [MainThread] [root/update_service.py:434]: Background update checker started
2026-08-22 21:13:46,571 [INFO] [MainThread] [root/controller.py:21]: Reloading Application because of config change.
2026-08-22 21:13:46,686 [INFO] [MainThread] [cli_server/cli_server.py:114]: Log pipe server stopped
2026-08-22 21:13:46,693 [INFO] [MainThread] [root/bar_manager.py:93]: Successfully loaded updated config and re-initialised all bars.
2026-08-22 21:13:46,712 [INFO] [MainThread] [root/bar_manager.py:119]: Stopping SystemEventListener...
2026-08-22 21:13:47,195 [INFO] [MainThread] [root/log.py:104]: YASB v2.0.6
2026-08-22 21:13:47,196 [INFO] [CLIPipeServer] [cli_server/cli_server.py:216]: CLI server started v1.1.7
2026-08-22 21:13:47,196 [INFO] [MainThread] [cli_server/cli_server.py:106]: Log pipe server started
2026-08-22 21:13:47,597 [INFO] [MainThread] [root/service.py:52]: AudioOutputService starting...
2026-08-22 21:13:47,655 [INFO] [SystrayHook] [systray_hook/systray_hook.py:193]: Injecting into Explorer (PID: 1464)
2026-08-22 21:13:47,690 [INFO] [MainThread] [root/bar_manager.py:103]: Starting SystemEventListener...
2026-08-22 21:13:47,693 [INFO] [MainThread] [root/watcher.py:65]: Watching directory: c:\users\felipe\.config\yasb
2026-08-22 21:13:47,693 [INFO] [MainThread] [root/watcher.py:104]: Created file watcher
2026-08-22 21:13:47,712 [INFO] [MainThread] [root/update_service.py:434]: Background update checker started
2026-08-22 21:17:36,564 [INFO] [MainThread] [root/controller.py:21]: Reloading Application because of config change.
2026-08-22 21:17:36,680 [INFO] [MainThread] [cli_server/cli_server.py:114]: Log pipe server stopped
2026-08-22 21:17:36,687 [INFO] [MainThread] [root/bar_manager.py:93]: Successfully loaded updated config and re-initialised all bars.
2026-08-22 21:17:36,706 [INFO] [MainThread] [root/bar_manager.py:119]: Stopping SystemEventListener...
2026-08-22 21:17:37,189 [INFO] [MainThread] [root/log.py:104]: YASB v2.0.6
2026-08-22 21:17:37,189 [INFO] [CLIPipeServer] [cli_server/cli_server.py:216]: CLI server started v1.1.7
2026-08-22 21:17:37,189 [INFO] [MainThread] [cli_server/cli_server.py:106]: Log pipe server started
2026-08-22 21:17:37,608 [INFO] [MainThread] [root/service.py:52]: AudioOutputService starting...
2026-08-22 21:17:37,672 [INFO] [SystrayHook] [systray_hook/systray_hook.py:193]: Injecting into Explorer (PID: 1464)
2026-08-22 21:17:37,700 [INFO] [MainThread] [root/bar_manager.py:103]: Starting SystemEventListener...
2026-08-22 21:17:37,702 [INFO] [MainThread] [root/watcher.py:65]: Watching directory: c:\users\felipe\.config\yasb
2026-08-22 21:17:37,702 [INFO] [MainThread] [root/watcher.py:104]: Created file watcher
2026-08-22 21:17:37,719 [INFO] [MainThread] [root/update_service.py:434]: Background update checker started
2026-08-22 21:17:51,879 [INFO] [MainThread] [root/controller.py:21]: Reloading Application because of config change.
2026-08-22 21:17:51,993 [INFO] [MainThread] [cli_server/cli_server.py:114]: Log pipe server stopped
2026-08-22 21:17:52,000 [INFO] [MainThread] [root/bar_manager.py:93]: Successfully loaded updated config and re-initialised all bars.
2026-08-22 21:17:52,017 [INFO] [MainThread] [root/bar_manager.py:119]: Stopping SystemEventListener...
2026-08-22 21:17:52,478 [INFO] [MainThread] [root/log.py:104]: YASB v2.0.6
2026-08-22 21:17:52,479 [INFO] [CLIPipeServer] [cli_server/cli_server.py:216]: CLI server started v1.1.7
2026-08-22 21:17:52,479 [INFO] [MainThread] [cli_server/cli_server.py:106]: Log pipe server started
2026-08-22 21:17:52,923 [INFO] [MainThread] [root/service.py:52]: AudioOutputService starting...
2026-08-22 21:17:52,982 [INFO] [SystrayHook] [systray_hook/systray_hook.py:193]: Injecting into Explorer (PID: 1464)
2026-08-22 21:17:53,015 [INFO] [MainThread] [root/bar_manager.py:103]: Starting SystemEventListener...
2026-08-22 21:17:53,017 [INFO] [MainThread] [root/watcher.py:65]: Watching directory: c:\users\felipe\.config\yasb
2026-08-22 21:17:53,018 [INFO] [MainThread] [root/watcher.py:104]: Created file watcher
2026-08-22 21:17:53,035 [INFO] [MainThread] [root/update_service.py:434]: Background update checker started
2026-08-22 21:20:07,261 [ERROR] [MainThread] [root/config.py:99]: The config file 'C:\Users\Felipe\.config\yasb\config.yaml' contains validation errors. Please fix:
wifi:
- Extra inputs are not permitted

2026-08-22 21:31:37,003 [INFO] [MainThread] [root/controller.py:21]: Reloading Bar from context menu...
2026-08-22 21:31:37,118 [INFO] [MainThread] [cli_server/cli_server.py:114]: Log pipe server stopped
2026-08-22 21:31:37,149 [INFO] [MainThread] [root/bar_manager.py:119]: Stopping SystemEventListener...
2026-08-22 21:31:37,645 [INFO] [MainThread] [root/log.py:104]: YASB v2.0.6
2026-08-22 21:31:37,645 [INFO] [CLIPipeServer] [cli_server/cli_server.py:216]: CLI server started v1.1.7
2026-08-22 21:31:37,646 [INFO] [MainThread] [cli_server/cli_server.py:106]: Log pipe server started
2026-08-22 21:31:38,098 [INFO] [MainThread] [root/service.py:52]: AudioOutputService starting...
2026-08-22 21:31:38,161 [INFO] [SystrayHook] [systray_hook/systray_hook.py:193]: Injecting into Explorer (PID: 1464)
2026-08-22 21:31:38,193 [INFO] [MainThread] [root/bar_manager.py:103]: Starting SystemEventListener...
2026-08-22 21:31:38,196 [INFO] [MainThread] [root/watcher.py:65]: Watching directory: c:\users\felipe\.config\yasb
2026-08-22 21:31:38,196 [INFO] [MainThread] [root/watcher.py:104]: Created file watcher
2026-08-22 21:31:38,221 [INFO] [MainThread] [root/update_service.py:434]: Background update checker started
2026-08-22 21:31:52,813 [INFO] [MainThread] [root/controller.py:21]: Reloading Bar from context menu...
2026-08-22 21:31:52,917 [INFO] [MainThread] [cli_server/cli_server.py:114]: Log pipe server stopped
2026-08-22 21:31:52,976 [INFO] [MainThread] [root/bar_manager.py:119]: Stopping SystemEventListener...
2026-08-22 21:31:53,472 [INFO] [MainThread] [root/log.py:104]: YASB v2.0.6
2026-08-22 21:31:53,473 [INFO] [CLIPipeServer] [cli_server/cli_server.py:216]: CLI server started v1.1.7
2026-08-22 21:31:53,473 [INFO] [MainThread] [cli_server/cli_server.py:106]: Log pipe server started
2026-08-22 21:31:53,892 [INFO] [MainThread] [root/service.py:52]: AudioOutputService starting...
2026-08-22 21:31:53,953 [INFO] [SystrayHook] [systray_hook/systray_hook.py:193]: Injecting into Explorer (PID: 1464)
2026-08-22 21:31:53,986 [INFO] [MainThread] [root/bar_manager.py:103]: Starting SystemEventListener...
2026-08-22 21:31:53,989 [INFO] [MainThread] [root/watcher.py:65]: Watching directory: c:\users\felipe\.config\yasb
2026-08-22 21:31:53,989 [INFO] [MainThread] [root/watcher.py:104]: Created file watcher
2026-08-22 21:31:54,012 [INFO] [MainThread] [root/update_service.py:434]: Background update checker started
Windows fatal exception: code 0x800706f7

Thread 0x00004bc4 [SystemEventListener] (most recent call first):
  File "D:\a\yasb\yasb\src\core\utils\win32\event_listener.py", line 69 in run

Thread 0x00001058 [Thread-6] (most recent call first):
  File "C:\hostedtoolcache\windows\Python\3.14.6\x64\Lib\threading.py", line 369 in wait
  File "C:\hostedtoolcache\windows\Python\3.14.6\x64\Lib\queue.py", line 199 in get
  File "D:\a\yasb\yasb\venv\Lib\site-packages\watchdog\observers\api.py", line 379 in dispatch_events
  File "D:\a\yasb\yasb\venv\Lib\site-packages\watchdog\observers\api.py", line 213 in run
  File "C:\hostedtoolcache\windows\Python\3.14.6\x64\Lib\threading.py", line 1082 in _bootstrap_inner
  File "C:\hostedtoolcache\windows\Python\3.14.6\x64\Lib\threading.py", line 1044 in _bootstrap

Thread 0x00003768 [Thread-7] (most recent call first):
  File "D:\a\yasb\yasb\venv\Lib\site-packages\watchdog\observers\winapi.py", line 326 in read_directory_changes
  File "D:\a\yasb\yasb\venv\Lib\site-packages\watchdog\observers\winapi.py", line 380 in read_events
  File "D:\a\yasb\yasb\venv\Lib\site-packages\watchdog\observers\read_directory_changes.py", line 67 in _read_events
  File "D:\a\yasb\yasb\venv\Lib\site-packages\watchdog\observers\read_directory_changes.py", line 70 in queue_events
  File "D:\a\yasb\yasb\venv\Lib\site-packages\watchdog\observers\api.py", line 158 in run
  File "C:\hostedtoolcache\windows\Python\3.14.6\x64\Lib\threading.py", line 1082 in _bootstrap_inner
  File "C:\hostedtoolcache\windows\Python\3.14.6\x64\Lib\threading.py", line 1044 in _bootstrap

Thread 0x000032ac [WiFiWorker] (most recent call first):
  File "C:\hostedtoolcache\windows\Python\3.14.6\x64\Lib\threading.py", line 373 in wait
  File "C:\hostedtoolcache\windows\Python\3.14.6\x64\Lib\threading.py", line 670 in wait
  File "D:\a\yasb\yasb\src\core\widgets\services\wifi\wifi_managers.py", line 160 in run

Thread 0x00002e2c [SystrayHook] (most recent call first):
  File "D:\a\yasb\yasb\src\core\widgets\services\systray\systray_hook.py", line 247 in run
  File "D:\a\yasb\yasb\src\core\widgets\yasb\systray.py", line 79 in run

Thread 0x00003710 [_EventWorker] (most recent call first):
  File "D:\a\yasb\yasb\venv\Lib\site-packages\qasync\_windows.py", line 147 in _poll
  File "D:\a\yasb\yasb\venv\Lib\site-packages\qasync\_windows.py", line 72 in select
  File "D:\a\yasb\yasb\venv\Lib\site-packages\qasync\_windows.py", line 199 in run

Thread 0x00000e7c [LogPipeServer] (most recent call first):
  File "D:\a\yasb\yasb\src\core\utils\win32\bindings\kernel32.py", line 291 in ConnectNamedPipe
  File "D:\a\yasb\yasb\src\core\utils\cli_server.py", line 138 in _run_server
  File "C:\hostedtoolcache\windows\Python\3.14.6\x64\Lib\threading.py", line 1024 in run
  File "C:\hostedtoolcache\windows\Python\3.14.6\x64\Lib\threading.py", line 1082 in _bootstrap_inner
  File "C:\hostedtoolcache\windows\Python\3.14.6\x64\Lib\threading.py", line 1044 in _bootstrap

Thread 0x0000145c [CLIPipeServer] (most recent call first):
  File "D:\a\yasb\yasb\src\core\utils\win32\bindings\kernel32.py", line 291 in ConnectNamedPipe
  File "D:\a\yasb\yasb\src\core\utils\cli_server.py", line 235 in _run_server
  File "C:\hostedtoolcache\windows\Python\3.14.6\x64\Lib\threading.py", line 1024 in run
  File "C:\hostedtoolcache\windows\Python\3.14.6\x64\Lib\threading.py", line 1082 in _bootstrap_inner
  File "C:\hostedtoolcache\windows\Python\3.14.6\x64\Lib\threading.py", line 1044 in _bootstrap

Current thread 0x00001890 (most recent call first):
  File "D:\a\yasb\yasb\src\core\widgets\yasb\active_window.py", line 337 in _update_window_title
  File "D:\a\yasb\yasb\src\core\widgets\yasb\active_window.py", line 237 in _on_focus_change_event
  File "D:\a\yasb\yasb\venv\Lib\site-packages\qasync\__init__.py", line 404 in run_forever
  File "D:\a\yasb\yasb\venv\Lib\site-packages\qasync\__init__.py", line 428 in run_until_complete
  File "main.py", line 100 in main
  File "main.py", line 203 in <module>
  File "D:\a\yasb\yasb\venv\Lib\site-packages\freeze_core\initscripts\console.py", line 43 in run
  File "src/freeze_core/initscripts/__startup__.py", line 147 in run
2026-08-22 22:00:47,215 [INFO] [MainThread] [root/controller.py:21]: Reloading Application because of config change.
2026-08-22 22:00:47,318 [INFO] [MainThread] [cli_server/cli_server.py:114]: Log pipe server stopped
2026-08-22 22:00:47,325 [INFO] [MainThread] [root/bar_manager.py:93]: Successfully loaded updated config and re-initialised all bars.
2026-08-22 22:00:47,347 [INFO] [MainThread] [root/bar_manager.py:119]: Stopping SystemEventListener...
2026-08-22 22:00:47,822 [INFO] [MainThread] [root/log.py:104]: YASB v2.0.6
2026-08-22 22:00:47,822 [INFO] [CLIPipeServer] [cli_server/cli_server.py:216]: CLI server started v1.1.7
2026-08-22 22:00:47,822 [INFO] [MainThread] [cli_server/cli_server.py:106]: Log pipe server started
2026-08-22 22:00:48,236 [INFO] [MainThread] [root/service.py:52]: AudioOutputService starting...
2026-08-22 22:00:48,313 [INFO] [SystrayHook] [systray_hook/systray_hook.py:193]: Injecting into Explorer (PID: 1464)
2026-08-22 22:00:48,327 [INFO] [MainThread] [root/bar_manager.py:103]: Starting SystemEventListener...
2026-08-22 22:00:48,329 [INFO] [MainThread] [root/watcher.py:65]: Watching directory: c:\users\felipe\.config\yasb
2026-08-22 22:00:48,329 [INFO] [MainThread] [root/watcher.py:104]: Created file watcher
2026-08-22 22:00:48,351 [INFO] [MainThread] [root/update_service.py:434]: Background update checker started
2026-08-22 22:00:53,975 [INFO] [MainThread] [root/controller.py:21]: Reloading Application because of config change.
2026-08-22 22:00:54,084 [INFO] [MainThread] [cli_server/cli_server.py:114]: Log pipe server stopped
2026-08-22 22:00:54,091 [INFO] [MainThread] [root/bar_manager.py:93]: Successfully loaded updated config and re-initialised all bars.
2026-08-22 22:00:54,112 [INFO] [MainThread] [root/bar_manager.py:119]: Stopping SystemEventListener...
2026-08-22 22:00:54,580 [INFO] [MainThread] [root/log.py:104]: YASB v2.0.6
2026-08-22 22:00:54,581 [INFO] [CLIPipeServer] [cli_server/cli_server.py:216]: CLI server started v1.1.7
2026-08-22 22:00:54,581 [INFO] [MainThread] [cli_server/cli_server.py:106]: Log pipe server started
2026-08-22 22:00:55,004 [INFO] [MainThread] [root/service.py:52]: AudioOutputService starting...
2026-08-22 22:00:55,075 [INFO] [SystrayHook] [systray_hook/systray_hook.py:193]: Injecting into Explorer (PID: 1464)
2026-08-22 22:00:55,116 [INFO] [MainThread] [root/bar_manager.py:103]: Starting SystemEventListener...
2026-08-22 22:00:55,119 [INFO] [MainThread] [root/watcher.py:65]: Watching directory: c:\users\felipe\.config\yasb
2026-08-22 22:00:55,119 [INFO] [MainThread] [root/watcher.py:104]: Created file watcher
2026-08-22 22:00:55,144 [INFO] [MainThread] [root/update_service.py:434]: Background update checker started
2026-08-22 22:02:46,729 [ERROR] [MainThread] [root/config.py:99]: The config file 'C:\Users\Felipe\.config\yasb\config.yaml' contains validation errors. Please fix:
wifi:
- Extra inputs are not permitted

2026-08-22 22:03:08,120 [ERROR] [MainThread] [root/config.py:99]: The config file 'C:\Users\Felipe\.config\yasb\config.yaml' contains validation errors. Please fix:
wifi:
- Extra inputs are not permitted

2026-08-22 22:03:57,131 [INFO] [MainThread] [root/controller.py:21]: Reloading Application because of config change.
2026-08-22 22:03:57,242 [INFO] [MainThread] [cli_server/cli_server.py:114]: Log pipe server stopped
2026-08-22 22:03:57,250 [INFO] [MainThread] [root/bar_manager.py:93]: Successfully loaded updated config and re-initialised all bars.
2026-08-22 22:03:57,271 [INFO] [MainThread] [root/bar_manager.py:119]: Stopping SystemEventListener...
2026-08-22 22:03:57,752 [INFO] [MainThread] [root/log.py:104]: YASB v2.0.6
2026-08-22 22:03:57,753 [INFO] [CLIPipeServer] [cli_server/cli_server.py:216]: CLI server started v1.1.7
2026-08-22 22:03:57,753 [INFO] [MainThread] [cli_server/cli_server.py:106]: Log pipe server started
2026-08-22 22:03:58,148 [INFO] [MainThread] [root/service.py:52]: AudioOutputService starting...
2026-08-22 22:03:58,248 [INFO] [SystrayHook] [systray_hook/systray_hook.py:193]: Injecting into Explorer (PID: 1464)
2026-08-22 22:03:58,287 [INFO] [MainThread] [root/bar_manager.py:103]: Starting SystemEventListener...
2026-08-22 22:03:58,289 [INFO] [MainThread] [root/watcher.py:65]: Watching directory: c:\users\felipe\.config\yasb
2026-08-22 22:03:58,289 [INFO] [MainThread] [root/watcher.py:104]: Created file watcher
2026-08-22 22:03:58,318 [INFO] [MainThread] [root/update_service.py:434]: Background update checker started
2026-08-22 22:04:17,925 [INFO] [MainThread] [root/controller.py:21]: Reloading Application because of config change.
2026-08-22 22:04:18,036 [INFO] [MainThread] [cli_server/cli_server.py:114]: Log pipe server stopped
2026-08-22 22:04:18,043 [INFO] [MainThread] [root/bar_manager.py:93]: Successfully loaded updated config and re-initialised all bars.
2026-08-22 22:04:18,065 [INFO] [MainThread] [root/bar_manager.py:119]: Stopping SystemEventListener...
2026-08-22 22:04:18,531 [INFO] [MainThread] [root/log.py:104]: YASB v2.0.6
2026-08-22 22:04:18,531 [INFO] [CLIPipeServer] [cli_server/cli_server.py:216]: CLI server started v1.1.7
2026-08-22 22:04:18,532 [INFO] [MainThread] [cli_server/cli_server.py:106]: Log pipe server started
2026-08-22 22:04:18,931 [INFO] [MainThread] [root/service.py:52]: AudioOutputService starting...
2026-08-22 22:04:18,992 [INFO] [SystrayHook] [systray_hook/systray_hook.py:193]: Injecting into Explorer (PID: 1464)
2026-08-22 22:04:19,022 [INFO] [MainThread] [root/bar_manager.py:103]: Starting SystemEventListener...
2026-08-22 22:04:19,025 [INFO] [MainThread] [root/watcher.py:65]: Watching directory: c:\users\felipe\.config\yasb
2026-08-22 22:04:19,025 [INFO] [MainThread] [root/watcher.py:104]: Created file watcher
2026-08-22 22:04:19,045 [INFO] [MainThread] [root/update_service.py:434]: Background update checker started
2026-08-22 22:04:41,499 [INFO] [MainThread] [root/controller.py:21]: Reloading Application because of config change.
2026-08-22 22:04:41,614 [INFO] [MainThread] [cli_server/cli_server.py:114]: Log pipe server stopped
2026-08-22 22:04:41,621 [INFO] [MainThread] [root/bar_manager.py:93]: Successfully loaded updated config and re-initialised all bars.
2026-08-22 22:04:41,641 [INFO] [MainThread] [root/bar_manager.py:119]: Stopping SystemEventListener...
2026-08-22 22:04:42,105 [INFO] [MainThread] [root/log.py:104]: YASB v2.0.6
2026-08-22 22:04:42,106 [INFO] [CLIPipeServer] [cli_server/cli_server.py:216]: CLI server started v1.1.7
2026-08-22 22:04:42,106 [INFO] [MainThread] [cli_server/cli_server.py:106]: Log pipe server started
2026-08-22 22:04:42,501 [INFO] [MainThread] [root/service.py:52]: AudioOutputService starting...
2026-08-22 22:04:42,563 [INFO] [SystrayHook] [systray_hook/systray_hook.py:193]: Injecting into Explorer (PID: 1464)
2026-08-22 22:04:42,601 [INFO] [MainThread] [root/bar_manager.py:103]: Starting SystemEventListener...
2026-08-22 22:04:42,603 [INFO] [MainThread] [root/watcher.py:65]: Watching directory: c:\users\felipe\.config\yasb
2026-08-22 22:04:42,603 [INFO] [MainThread] [root/watcher.py:104]: Created file watcher
2026-08-22 22:04:42,625 [INFO] [MainThread] [root/update_service.py:434]: Background update checker started
2026-08-22 22:04:45,772 [INFO] [MainThread] [root/controller.py:21]: Reloading Application because of config change.
2026-08-22 22:04:45,875 [INFO] [MainThread] [cli_server/cli_server.py:114]: Log pipe server stopped
2026-08-22 22:04:45,882 [INFO] [MainThread] [root/bar_manager.py:93]: Successfully loaded updated config and re-initialised all bars.
2026-08-22 22:04:45,902 [INFO] [MainThread] [root/bar_manager.py:119]: Stopping SystemEventListener...
2026-08-22 22:04:46,385 [INFO] [MainThread] [root/log.py:104]: YASB v2.0.6
2026-08-22 22:04:46,386 [INFO] [CLIPipeServer] [cli_server/cli_server.py:216]: CLI server started v1.1.7
2026-08-22 22:04:46,386 [INFO] [MainThread] [cli_server/cli_server.py:106]: Log pipe server started
2026-08-22 22:04:46,785 [INFO] [MainThread] [root/service.py:52]: AudioOutputService starting...
2026-08-22 22:04:46,848 [INFO] [SystrayHook] [systray_hook/systray_hook.py:193]: Injecting into Explorer (PID: 1464)
2026-08-22 22:04:46,875 [INFO] [MainThread] [root/bar_manager.py:103]: Starting SystemEventListener...
2026-08-22 22:04:46,877 [INFO] [MainThread] [root/watcher.py:65]: Watching directory: c:\users\felipe\.config\yasb
2026-08-22 22:04:46,877 [INFO] [MainThread] [root/watcher.py:104]: Created file watcher
2026-08-22 22:04:46,899 [INFO] [MainThread] [root/update_service.py:434]: Background update checker started
2026-08-22 22:04:55,072 [INFO] [MainThread] [root/controller.py:21]: Reloading Application because of config change.
2026-08-22 22:04:55,188 [INFO] [MainThread] [cli_server/cli_server.py:114]: Log pipe server stopped
2026-08-22 22:04:55,195 [INFO] [MainThread] [root/bar_manager.py:93]: Successfully loaded updated config and re-initialised all bars.
2026-08-22 22:04:55,216 [INFO] [MainThread] [root/bar_manager.py:119]: Stopping SystemEventListener...
2026-08-22 22:04:55,690 [INFO] [MainThread] [root/log.py:104]: YASB v2.0.6
2026-08-22 22:04:55,690 [INFO] [CLIPipeServer] [cli_server/cli_server.py:216]: CLI server started v1.1.7
2026-08-22 22:04:55,690 [INFO] [MainThread] [cli_server/cli_server.py:106]: Log pipe server started
2026-08-22 22:04:56,083 [INFO] [MainThread] [root/service.py:52]: AudioOutputService starting...
2026-08-22 22:04:56,169 [INFO] [MainThread] [root/bar_manager.py:103]: Starting SystemEventListener...
2026-08-22 22:04:56,170 [INFO] [SystrayHook] [systray_hook/systray_hook.py:193]: Injecting into Explorer (PID: 1464)
2026-08-22 22:04:56,172 [INFO] [MainThread] [root/watcher.py:65]: Watching directory: c:\users\felipe\.config\yasb
2026-08-22 22:04:56,172 [INFO] [MainThread] [root/watcher.py:104]: Created file watcher
2026-08-22 22:04:56,195 [INFO] [MainThread] [root/update_service.py:434]: Background update checker started
2026-08-22 22:05:01,188 [INFO] [MainThread] [root/controller.py:21]: Reloading Application because of config change.
2026-08-22 22:05:01,303 [INFO] [MainThread] [cli_server/cli_server.py:114]: Log pipe server stopped
2026-08-22 22:05:01,310 [INFO] [MainThread] [root/bar_manager.py:93]: Successfully loaded updated config and re-initialised all bars.
2026-08-22 22:05:01,331 [INFO] [MainThread] [root/bar_manager.py:119]: Stopping SystemEventListener...
2026-08-22 22:05:01,834 [INFO] [MainThread] [root/log.py:104]: YASB v2.0.6
2026-08-22 22:05:01,834 [INFO] [CLIPipeServer] [cli_server/cli_server.py:216]: CLI server started v1.1.7
2026-08-22 22:05:01,834 [INFO] [MainThread] [cli_server/cli_server.py:106]: Log pipe server started
2026-08-22 22:05:02,231 [INFO] [MainThread] [root/service.py:52]: AudioOutputService starting...
2026-08-22 22:05:02,319 [INFO] [SystrayHook] [systray_hook/systray_hook.py:193]: Injecting into Explorer (PID: 1464)
2026-08-22 22:05:02,322 [INFO] [MainThread] [root/bar_manager.py:103]: Starting SystemEventListener...
2026-08-22 22:05:02,325 [INFO] [MainThread] [root/watcher.py:65]: Watching directory: c:\users\felipe\.config\yasb
2026-08-22 22:05:02,325 [INFO] [MainThread] [root/watcher.py:104]: Created file watcher
2026-08-22 22:05:02,346 [INFO] [MainThread] [root/update_service.py:434]: Background update checker started
2026-08-22 22:44:22,365 [INFO] [MainThread] [root/controller.py:21]: Reloading Application because of config change.
2026-08-22 22:44:22,475 [INFO] [MainThread] [cli_server/cli_server.py:114]: Log pipe server stopped
2026-08-22 22:44:22,482 [INFO] [MainThread] [root/bar_manager.py:93]: Successfully loaded updated config and re-initialised all bars.
2026-08-22 22:44:22,510 [INFO] [MainThread] [root/bar_manager.py:119]: Stopping SystemEventListener...
2026-08-22 22:44:23,003 [INFO] [MainThread] [root/log.py:104]: YASB v2.0.6
2026-08-22 22:44:23,003 [INFO] [CLIPipeServer] [cli_server/cli_server.py:216]: CLI server started v1.1.7
2026-08-22 22:44:23,004 [INFO] [MainThread] [cli_server/cli_server.py:106]: Log pipe server started
2026-08-22 22:44:23,413 [INFO] [MainThread] [root/service.py:52]: AudioOutputService starting...
2026-08-22 22:44:23,475 [INFO] [SystrayHook] [systray_hook/systray_hook.py:193]: Injecting into Explorer (PID: 1464)
2026-08-22 22:44:23,540 [INFO] [MainThread] [root/bar_manager.py:103]: Starting SystemEventListener...
2026-08-22 22:44:23,542 [INFO] [MainThread] [root/watcher.py:65]: Watching directory: c:\users\felipe\.config\yasb
2026-08-22 22:44:23,542 [INFO] [MainThread] [root/watcher.py:104]: Created file watcher
2026-08-22 22:44:23,560 [INFO] [MainThread] [root/update_service.py:434]: Background update checker started
2026-08-22 22:44:35,204 [INFO] [MainThread] [root/controller.py:21]: Reloading Application because of config change.
2026-08-22 22:44:35,311 [INFO] [MainThread] [cli_server/cli_server.py:114]: Log pipe server stopped
2026-08-22 22:44:35,318 [INFO] [MainThread] [root/bar_manager.py:93]: Successfully loaded updated config and re-initialised all bars.
2026-08-22 22:44:35,340 [INFO] [MainThread] [root/bar_manager.py:119]: Stopping SystemEventListener...
2026-08-22 22:44:35,837 [INFO] [MainThread] [root/log.py:104]: YASB v2.0.6
2026-08-22 22:44:35,838 [INFO] [CLIPipeServer] [cli_server/cli_server.py:216]: CLI server started v1.1.7
2026-08-22 22:44:35,838 [INFO] [MainThread] [cli_server/cli_server.py:106]: Log pipe server started
2026-08-22 22:44:36,238 [INFO] [MainThread] [root/service.py:52]: AudioOutputService starting...
2026-08-22 22:44:36,296 [INFO] [SystrayHook] [systray_hook/systray_hook.py:193]: Injecting into Explorer (PID: 1464)
2026-08-22 22:44:36,363 [INFO] [MainThread] [root/bar_manager.py:103]: Starting SystemEventListener...
2026-08-22 22:44:36,365 [INFO] [MainThread] [root/watcher.py:65]: Watching directory: c:\users\felipe\.config\yasb
2026-08-22 22:44:36,365 [INFO] [MainThread] [root/watcher.py:104]: Created file watcher
2026-08-22 22:44:36,382 [INFO] [MainThread] [root/update_service.py:434]: Background update checker started
2026-08-22 22:44:45,417 [INFO] [MainThread] [root/controller.py:21]: Reloading Application because of config change.
2026-08-22 22:44:45,527 [INFO] [MainThread] [cli_server/cli_server.py:114]: Log pipe server stopped
2026-08-22 22:44:45,534 [INFO] [MainThread] [root/bar_manager.py:93]: Successfully loaded updated config and re-initialised all bars.
2026-08-22 22:44:45,553 [INFO] [MainThread] [root/bar_manager.py:119]: Stopping SystemEventListener...
2026-08-22 22:44:46,052 [INFO] [MainThread] [root/log.py:104]: YASB v2.0.6
2026-08-22 22:44:46,053 [INFO] [CLIPipeServer] [cli_server/cli_server.py:216]: CLI server started v1.1.7
2026-08-22 22:44:46,053 [INFO] [MainThread] [cli_server/cli_server.py:106]: Log pipe server started
2026-08-22 22:44:46,486 [INFO] [MainThread] [root/service.py:52]: AudioOutputService starting...
2026-08-22 22:44:46,545 [INFO] [SystrayHook] [systray_hook/systray_hook.py:193]: Injecting into Explorer (PID: 1464)
2026-08-22 22:44:46,581 [INFO] [MainThread] [root/bar_manager.py:103]: Starting SystemEventListener...
2026-08-22 22:44:46,584 [INFO] [MainThread] [root/watcher.py:65]: Watching directory: c:\users\felipe\.config\yasb
2026-08-22 22:44:46,584 [INFO] [MainThread] [root/watcher.py:104]: Created file watcher
2026-08-22 22:44:46,607 [INFO] [MainThread] [root/update_service.py:434]: Background update checker started
2026-08-22 22:44:50,846 [INFO] [MainThread] [root/controller.py:21]: Reloading Application because of config change.
2026-08-22 22:44:50,951 [INFO] [MainThread] [cli_server/cli_server.py:114]: Log pipe server stopped
2026-08-22 22:44:50,958 [INFO] [MainThread] [root/bar_manager.py:93]: Successfully loaded updated config and re-initialised all bars.
2026-08-22 22:44:50,977 [INFO] [MainThread] [root/bar_manager.py:119]: Stopping SystemEventListener...
2026-08-22 22:44:51,467 [INFO] [MainThread] [root/log.py:104]: YASB v2.0.6
2026-08-22 22:44:51,468 [INFO] [CLIPipeServer] [cli_server/cli_server.py:216]: CLI server started v1.1.7
2026-08-22 22:44:51,468 [INFO] [MainThread] [cli_server/cli_server.py:106]: Log pipe server started
2026-08-22 22:44:51,891 [INFO] [MainThread] [root/service.py:52]: AudioOutputService starting...
2026-08-22 22:44:51,952 [INFO] [SystrayHook] [systray_hook/systray_hook.py:193]: Injecting into Explorer (PID: 1464)
2026-08-22 22:44:51,989 [INFO] [MainThread] [root/bar_manager.py:103]: Starting SystemEventListener...
2026-08-22 22:44:51,992 [INFO] [MainThread] [root/watcher.py:65]: Watching directory: c:\users\felipe\.config\yasb
2026-08-22 22:44:51,992 [INFO] [MainThread] [root/watcher.py:104]: Created file watcher
2026-08-22 22:44:52,017 [INFO] [MainThread] [root/update_service.py:434]: Background update checker started
2026-08-22 22:47:38,052 [ERROR] [MainThread] [root/bar_manager.py:80]: Error loading config: while scanning a double-quoted scalar
  in "C:\Users\Felipe\.config\yasb\config.yaml", line 51, column 14
found unknown escape character '\ue62a'
  in "C:\Users\Felipe\.config\yasb\config.yaml", line 51, column 22
2026-08-22 22:47:54,780 [INFO] [MainThread] [root/controller.py:21]: Reloading Application because of config change.
2026-08-22 22:47:54,887 [INFO] [MainThread] [cli_server/cli_server.py:114]: Log pipe server stopped
2026-08-22 22:47:54,894 [INFO] [MainThread] [root/bar_manager.py:93]: Successfully loaded updated config and re-initialised all bars.
2026-08-22 22:47:54,922 [INFO] [MainThread] [root/bar_manager.py:119]: Stopping SystemEventListener...
2026-08-22 22:47:55,397 [INFO] [MainThread] [root/log.py:104]: YASB v2.0.6
2026-08-22 22:47:55,397 [INFO] [CLIPipeServer] [cli_server/cli_server.py:216]: CLI server started v1.1.7
2026-08-22 22:47:55,398 [INFO] [MainThread] [cli_server/cli_server.py:106]: Log pipe server started
2026-08-22 22:47:55,804 [INFO] [MainThread] [root/service.py:52]: AudioOutputService starting...
2026-08-22 22:47:55,865 [INFO] [SystrayHook] [systray_hook/systray_hook.py:193]: Injecting into Explorer (PID: 1464)
2026-08-22 22:47:55,900 [INFO] [MainThread] [root/bar_manager.py:103]: Starting SystemEventListener...
2026-08-22 22:47:55,902 [INFO] [MainThread] [root/watcher.py:65]: Watching directory: c:\users\felipe\.config\yasb
2026-08-22 22:47:55,902 [INFO] [MainThread] [root/watcher.py:104]: Created file watcher
2026-08-22 22:47:55,926 [INFO] [MainThread] [root/update_service.py:434]: Background update checker started
2026-08-22 22:48:22,051 [INFO] [MainThread] [root/controller.py:21]: Reloading Application because of config change.
2026-08-22 22:48:22,153 [INFO] [MainThread] [cli_server/cli_server.py:114]: Log pipe server stopped
2026-08-22 22:48:22,161 [INFO] [MainThread] [root/bar_manager.py:93]: Successfully loaded updated config and re-initialised all bars.
2026-08-22 22:48:22,181 [INFO] [MainThread] [root/bar_manager.py:119]: Stopping SystemEventListener...
2026-08-22 22:48:22,690 [INFO] [MainThread] [root/log.py:104]: YASB v2.0.6
2026-08-22 22:48:22,691 [INFO] [CLIPipeServer] [cli_server/cli_server.py:216]: CLI server started v1.1.7
2026-08-22 22:48:22,691 [INFO] [MainThread] [cli_server/cli_server.py:106]: Log pipe server started
2026-08-22 22:48:23,098 [INFO] [MainThread] [root/service.py:52]: AudioOutputService starting...
2026-08-22 22:48:23,157 [INFO] [SystrayHook] [systray_hook/systray_hook.py:193]: Injecting into Explorer (PID: 1464)
2026-08-22 22:48:23,207 [INFO] [MainThread] [root/bar_manager.py:103]: Starting SystemEventListener...
2026-08-22 22:48:23,212 [INFO] [MainThread] [root/watcher.py:65]: Watching directory: c:\users\felipe\.config\yasb
2026-08-22 22:48:23,212 [INFO] [MainThread] [root/watcher.py:104]: Created file watcher
2026-08-22 22:48:23,237 [INFO] [MainThread] [root/update_service.py:434]: Background update checker started
2026-08-22 22:55:29,938 [ERROR] [MainThread] [root/bar_manager.py:80]: Error loading config: while scanning a double-quoted scalar
  in "C:\Users\Felipe\.config\yasb\config.yaml", line 51, column 14
found unknown escape character 'E'
  in "C:\Users\Felipe\.config\yasb\config.yaml", line 51, column 22
2026-08-22 22:55:42,194 [INFO] [MainThread] [root/controller.py:21]: Reloading Bar from context menu...
2026-08-22 22:55:42,309 [INFO] [MainThread] [cli_server/cli_server.py:114]: Log pipe server stopped
2026-08-22 22:55:42,351 [INFO] [MainThread] [root/bar_manager.py:119]: Stopping SystemEventListener...
2026-08-22 22:55:42,868 [INFO] [MainThread] [root/log.py:104]: YASB v2.0.6
2026-08-22 22:55:42,869 [INFO] [CLIPipeServer] [cli_server/cli_server.py:216]: CLI server started v1.1.7
2026-08-22 22:55:42,869 [INFO] [MainThread] [cli_server/cli_server.py:106]: Log pipe server started
2026-08-22 22:55:42,908 [ERROR] [MainThread] [root/main.py:205]: Exception during application startup
Traceback (most recent call last):
  File "main.py", line 203, in <module>
  File "main.py", line 100, in main
  File "D:\a\yasb\yasb\venv\Lib\site-packages\qasync\__init__.py", line 438, in run_until_complete
  File "main.py", line 134, in main_async
  File "D:\a\yasb\yasb\src\core\config.py", line 144, in get_config_and_stylesheet
  File "D:\a\yasb\yasb\src\core\config.py", line 82, in get_config
  File "D:\a\yasb\yasb\venv\Lib\site-packages\yaml\__init__.py", line 125, in safe_load
  File "D:\a\yasb\yasb\venv\Lib\site-packages\yaml\__init__.py", line 81, in load
  File "D:\a\yasb\yasb\venv\Lib\site-packages\yaml\constructor.py", line 49, in get_single_data
  File "D:\a\yasb\yasb\venv\Lib\site-packages\yaml\composer.py", line 36, in get_single_node
  File "D:\a\yasb\yasb\venv\Lib\site-packages\yaml\composer.py", line 55, in compose_document
  File "D:\a\yasb\yasb\venv\Lib\site-packages\yaml\composer.py", line 84, in compose_node
  File "D:\a\yasb\yasb\venv\Lib\site-packages\yaml\composer.py", line 133, in compose_mapping_node
  File "D:\a\yasb\yasb\venv\Lib\site-packages\yaml\composer.py", line 84, in compose_node
  File "D:\a\yasb\yasb\venv\Lib\site-packages\yaml\composer.py", line 133, in compose_mapping_node
  File "D:\a\yasb\yasb\venv\Lib\site-packages\yaml\composer.py", line 84, in compose_node
  File "D:\a\yasb\yasb\venv\Lib\site-packages\yaml\composer.py", line 133, in compose_mapping_node
  File "D:\a\yasb\yasb\venv\Lib\site-packages\yaml\composer.py", line 84, in compose_node
  File "D:\a\yasb\yasb\venv\Lib\site-packages\yaml\composer.py", line 133, in compose_mapping_node
  File "D:\a\yasb\yasb\venv\Lib\site-packages\yaml\composer.py", line 64, in compose_node
  File "D:\a\yasb\yasb\venv\Lib\site-packages\yaml\parser.py", line 98, in check_event
  File "D:\a\yasb\yasb\venv\Lib\site-packages\yaml\parser.py", line 449, in parse_block_mapping_value
  File "D:\a\yasb\yasb\venv\Lib\site-packages\yaml\scanner.py", line 116, in check_token
  File "D:\a\yasb\yasb\venv\Lib\site-packages\yaml\scanner.py", line 251, in fetch_more_tokens
  File "D:\a\yasb\yasb\venv\Lib\site-packages\yaml\scanner.py", line 655, in fetch_double
  File "D:\a\yasb\yasb\venv\Lib\site-packages\yaml\scanner.py", line 666, in fetch_flow_scalar
  File "D:\a\yasb\yasb\venv\Lib\site-packages\yaml\scanner.py", line 1149, in scan_flow_scalar
  File "D:\a\yasb\yasb\venv\Lib\site-packages\yaml\scanner.py", line 1223, in scan_flow_scalar_non_spaces
yaml.scanner.ScannerError: while scanning a double-quoted scalar
  in "C:\Users\Felipe\.config\yasb\config.yaml", line 51, column 14
found unknown escape character 'E'
  in "C:\Users\Felipe\.config\yasb\config.yaml", line 51, column 22
2026-08-22 22:56:03,122 [INFO] [MainThread] [root/log.py:104]: YASB v2.0.6
2026-08-22 22:56:03,122 [INFO] [CLIPipeServer] [cli_server/cli_server.py:216]: CLI server started v1.1.7
2026-08-22 22:56:03,123 [INFO] [MainThread] [cli_server/cli_server.py:106]: Log pipe server started
2026-08-22 22:56:03,531 [INFO] [MainThread] [root/service.py:52]: AudioOutputService starting...
2026-08-22 22:56:03,595 [INFO] [SystrayHook] [systray_hook/systray_hook.py:193]: Injecting into Explorer (PID: 1464)
2026-08-22 22:56:03,672 [INFO] [MainThread] [root/bar_manager.py:103]: Starting SystemEventListener...
2026-08-22 22:56:03,674 [INFO] [MainThread] [root/watcher.py:65]: Watching directory: c:\users\felipe\.config\yasb
2026-08-22 22:56:03,674 [INFO] [MainThread] [root/watcher.py:104]: Created file watcher
2026-08-22 22:56:03,699 [INFO] [MainThread] [root/update_service.py:434]: Background update checker started
2026-08-22 22:56:38,535 [ERROR] [MainThread] [root/bar_manager.py:80]: Error loading config: while scanning a double-quoted scalar
  in "C:\Users\Felipe\.config\yasb\config.yaml", line 51, column 14
expected escape sequence of 8 hexadecimal numbers, but found '+'
  in "C:\Users\Felipe\.config\yasb\config.yaml", line 51, column 23
2026-08-22 22:56:51,034 [INFO] [MainThread] [root/controller.py:21]: Reloading Bar from context menu...
2026-08-22 22:56:51,145 [INFO] [MainThread] [cli_server/cli_server.py:114]: Log pipe server stopped
2026-08-22 22:56:51,183 [INFO] [MainThread] [root/bar_manager.py:119]: Stopping SystemEventListener...
2026-08-22 22:56:51,706 [INFO] [MainThread] [root/log.py:104]: YASB v2.0.6
2026-08-22 22:56:51,706 [INFO] [CLIPipeServer] [cli_server/cli_server.py:216]: CLI server started v1.1.7
2026-08-22 22:56:51,707 [INFO] [MainThread] [cli_server/cli_server.py:106]: Log pipe server started
2026-08-22 22:56:51,742 [ERROR] [MainThread] [root/main.py:205]: Exception during application startup
Traceback (most recent call last):
  File "main.py", line 203, in <module>
  File "main.py", line 100, in main
  File "D:\a\yasb\yasb\venv\Lib\site-packages\qasync\__init__.py", line 438, in run_until_complete
  File "main.py", line 134, in main_async
  File "D:\a\yasb\yasb\src\core\config.py", line 144, in get_config_and_stylesheet
  File "D:\a\yasb\yasb\src\core\config.py", line 82, in get_config
  File "D:\a\yasb\yasb\venv\Lib\site-packages\yaml\__init__.py", line 125, in safe_load
  File "D:\a\yasb\yasb\venv\Lib\site-packages\yaml\__init__.py", line 81, in load
  File "D:\a\yasb\yasb\venv\Lib\site-packages\yaml\constructor.py", line 49, in get_single_data
  File "D:\a\yasb\yasb\venv\Lib\site-packages\yaml\composer.py", line 36, in get_single_node
  File "D:\a\yasb\yasb\venv\Lib\site-packages\yaml\composer.py", line 55, in compose_document
  File "D:\a\yasb\yasb\venv\Lib\site-packages\yaml\composer.py", line 84, in compose_node
  File "D:\a\yasb\yasb\venv\Lib\site-packages\yaml\composer.py", line 133, in compose_mapping_node
  File "D:\a\yasb\yasb\venv\Lib\site-packages\yaml\composer.py", line 84, in compose_node
  File "D:\a\yasb\yasb\venv\Lib\site-packages\yaml\composer.py", line 133, in compose_mapping_node
  File "D:\a\yasb\yasb\venv\Lib\site-packages\yaml\composer.py", line 84, in compose_node
  File "D:\a\yasb\yasb\venv\Lib\site-packages\yaml\composer.py", line 133, in compose_mapping_node
  File "D:\a\yasb\yasb\venv\Lib\site-packages\yaml\composer.py", line 84, in compose_node
  File "D:\a\yasb\yasb\venv\Lib\site-packages\yaml\composer.py", line 133, in compose_mapping_node
  File "D:\a\yasb\yasb\venv\Lib\site-packages\yaml\composer.py", line 64, in compose_node
  File "D:\a\yasb\yasb\venv\Lib\site-packages\yaml\parser.py", line 98, in check_event
  File "D:\a\yasb\yasb\venv\Lib\site-packages\yaml\parser.py", line 449, in parse_block_mapping_value
  File "D:\a\yasb\yasb\venv\Lib\site-packages\yaml\scanner.py", line 116, in check_token
  File "D:\a\yasb\yasb\venv\Lib\site-packages\yaml\scanner.py", line 251, in fetch_more_tokens
  File "D:\a\yasb\yasb\venv\Lib\site-packages\yaml\scanner.py", line 655, in fetch_double
  File "D:\a\yasb\yasb\venv\Lib\site-packages\yaml\scanner.py", line 666, in fetch_flow_scalar
  File "D:\a\yasb\yasb\venv\Lib\site-packages\yaml\scanner.py", line 1149, in scan_flow_scalar
  File "D:\a\yasb\yasb\venv\Lib\site-packages\yaml\scanner.py", line 1213, in scan_flow_scalar_non_spaces
yaml.scanner.ScannerError: while scanning a double-quoted scalar
  in "C:\Users\Felipe\.config\yasb\config.yaml", line 51, column 14
expected escape sequence of 8 hexadecimal numbers, but found '+'
  in "C:\Users\Felipe\.config\yasb\config.yaml", line 51, column 23
2026-08-22 22:56:56,083 [INFO] [MainThread] [root/log.py:104]: YASB v2.0.6
2026-08-22 22:56:56,083 [INFO] [CLIPipeServer] [cli_server/cli_server.py:216]: CLI server started v1.1.7
2026-08-22 22:56:56,084 [INFO] [MainThread] [cli_server/cli_server.py:106]: Log pipe server started
2026-08-22 22:56:56,132 [ERROR] [MainThread] [root/main.py:205]: Exception during application startup
Traceback (most recent call last):
  File "main.py", line 203, in <module>
  File "main.py", line 100, in main
  File "D:\a\yasb\yasb\venv\Lib\site-packages\qasync\__init__.py", line 438, in run_until_complete
  File "main.py", line 134, in main_async
  File "D:\a\yasb\yasb\src\core\config.py", line 144, in get_config_and_stylesheet
  File "D:\a\yasb\yasb\src\core\config.py", line 82, in get_config
  File "D:\a\yasb\yasb\venv\Lib\site-packages\yaml\__init__.py", line 125, in safe_load
  File "D:\a\yasb\yasb\venv\Lib\site-packages\yaml\__init__.py", line 81, in load
  File "D:\a\yasb\yasb\venv\Lib\site-packages\yaml\constructor.py", line 49, in get_single_data
  File "D:\a\yasb\yasb\venv\Lib\site-packages\yaml\composer.py", line 36, in get_single_node
  File "D:\a\yasb\yasb\venv\Lib\site-packages\yaml\composer.py", line 55, in compose_document
  File "D:\a\yasb\yasb\venv\Lib\site-packages\yaml\composer.py", line 84, in compose_node
  File "D:\a\yasb\yasb\venv\Lib\site-packages\yaml\composer.py", line 133, in compose_mapping_node
  File "D:\a\yasb\yasb\venv\Lib\site-packages\yaml\composer.py", line 84, in compose_node
  File "D:\a\yasb\yasb\venv\Lib\site-packages\yaml\composer.py", line 133, in compose_mapping_node
  File "D:\a\yasb\yasb\venv\Lib\site-packages\yaml\composer.py", line 84, in compose_node
  File "D:\a\yasb\yasb\venv\Lib\site-packages\yaml\composer.py", line 133, in compose_mapping_node
  File "D:\a\yasb\yasb\venv\Lib\site-packages\yaml\composer.py", line 84, in compose_node
  File "D:\a\yasb\yasb\venv\Lib\site-packages\yaml\composer.py", line 133, in compose_mapping_node
  File "D:\a\yasb\yasb\venv\Lib\site-packages\yaml\composer.py", line 64, in compose_node
  File "D:\a\yasb\yasb\venv\Lib\site-packages\yaml\parser.py", line 98, in check_event
  File "D:\a\yasb\yasb\venv\Lib\site-packages\yaml\parser.py", line 449, in parse_block_mapping_value
  File "D:\a\yasb\yasb\venv\Lib\site-packages\yaml\scanner.py", line 116, in check_token
  File "D:\a\yasb\yasb\venv\Lib\site-packages\yaml\scanner.py", line 251, in fetch_more_tokens
  File "D:\a\yasb\yasb\venv\Lib\site-packages\yaml\scanner.py", line 655, in fetch_double
  File "D:\a\yasb\yasb\venv\Lib\site-packages\yaml\scanner.py", line 666, in fetch_flow_scalar
  File "D:\a\yasb\yasb\venv\Lib\site-packages\yaml\scanner.py", line 1149, in scan_flow_scalar
  File "D:\a\yasb\yasb\venv\Lib\site-packages\yaml\scanner.py", line 1213, in scan_flow_scalar_non_spaces
yaml.scanner.ScannerError: while scanning a double-quoted scalar
  in "C:\Users\Felipe\.config\yasb\config.yaml", line 51, column 14
expected escape sequence of 8 hexadecimal numbers, but found '+'
  in "C:\Users\Felipe\.config\yasb\config.yaml", line 51, column 23
2026-08-22 22:57:16,758 [INFO] [MainThread] [root/log.py:104]: YASB v2.0.6
2026-08-22 22:57:16,759 [INFO] [CLIPipeServer] [cli_server/cli_server.py:216]: CLI server started v1.1.7
2026-08-22 22:57:16,759 [INFO] [MainThread] [cli_server/cli_server.py:106]: Log pipe server started
2026-08-22 22:57:16,800 [ERROR] [MainThread] [root/main.py:205]: Exception during application startup
Traceback (most recent call last):
  File "main.py", line 203, in <module>
  File "main.py", line 100, in main
  File "D:\a\yasb\yasb\venv\Lib\site-packages\qasync\__init__.py", line 438, in run_until_complete
  File "main.py", line 134, in main_async
  File "D:\a\yasb\yasb\src\core\config.py", line 144, in get_config_and_stylesheet
  File "D:\a\yasb\yasb\src\core\config.py", line 82, in get_config
  File "D:\a\yasb\yasb\venv\Lib\site-packages\yaml\__init__.py", line 125, in safe_load
  File "D:\a\yasb\yasb\venv\Lib\site-packages\yaml\__init__.py", line 81, in load
  File "D:\a\yasb\yasb\venv\Lib\site-packages\yaml\constructor.py", line 49, in get_single_data
  File "D:\a\yasb\yasb\venv\Lib\site-packages\yaml\composer.py", line 36, in get_single_node
  File "D:\a\yasb\yasb\venv\Lib\site-packages\yaml\composer.py", line 55, in compose_document
  File "D:\a\yasb\yasb\venv\Lib\site-packages\yaml\composer.py", line 84, in compose_node
  File "D:\a\yasb\yasb\venv\Lib\site-packages\yaml\composer.py", line 133, in compose_mapping_node
  File "D:\a\yasb\yasb\venv\Lib\site-packages\yaml\composer.py", line 84, in compose_node
  File "D:\a\yasb\yasb\venv\Lib\site-packages\yaml\composer.py", line 133, in compose_mapping_node
  File "D:\a\yasb\yasb\venv\Lib\site-packages\yaml\composer.py", line 84, in compose_node
  File "D:\a\yasb\yasb\venv\Lib\site-packages\yaml\composer.py", line 133, in compose_mapping_node
  File "D:\a\yasb\yasb\venv\Lib\site-packages\yaml\composer.py", line 84, in compose_node
  File "D:\a\yasb\yasb\venv\Lib\site-packages\yaml\composer.py", line 133, in compose_mapping_node
  File "D:\a\yasb\yasb\venv\Lib\site-packages\yaml\composer.py", line 64, in compose_node
  File "D:\a\yasb\yasb\venv\Lib\site-packages\yaml\parser.py", line 98, in check_event
  File "D:\a\yasb\yasb\venv\Lib\site-packages\yaml\parser.py", line 449, in parse_block_mapping_value
  File "D:\a\yasb\yasb\venv\Lib\site-packages\yaml\scanner.py", line 116, in check_token
  File "D:\a\yasb\yasb\venv\Lib\site-packages\yaml\scanner.py", line 251, in fetch_more_tokens
  File "D:\a\yasb\yasb\venv\Lib\site-packages\yaml\scanner.py", line 655, in fetch_double
  File "D:\a\yasb\yasb\venv\Lib\site-packages\yaml\scanner.py", line 666, in fetch_flow_scalar
  File "D:\a\yasb\yasb\venv\Lib\site-packages\yaml\scanner.py", line 1149, in scan_flow_scalar
  File "D:\a\yasb\yasb\venv\Lib\site-packages\yaml\scanner.py", line 1223, in scan_flow_scalar_non_spaces
yaml.scanner.ScannerError: while scanning a double-quoted scalar
  in "C:\Users\Felipe\.config\yasb\config.yaml", line 51, column 14
found unknown escape character 'E'
  in "C:\Users\Felipe\.config\yasb\config.yaml", line 51, column 22
2026-08-22 22:57:59,082 [INFO] [MainThread] [root/log.py:104]: YASB v2.0.6
2026-08-22 22:57:59,082 [INFO] [CLIPipeServer] [cli_server/cli_server.py:216]: CLI server started v1.1.7
2026-08-22 22:57:59,083 [INFO] [MainThread] [cli_server/cli_server.py:106]: Log pipe server started
2026-08-22 22:57:59,499 [INFO] [MainThread] [root/service.py:52]: AudioOutputService starting...
2026-08-22 22:57:59,559 [INFO] [SystrayHook] [systray_hook/systray_hook.py:193]: Injecting into Explorer (PID: 1464)
2026-08-22 22:57:59,637 [INFO] [MainThread] [root/bar_manager.py:103]: Starting SystemEventListener...
2026-08-22 22:57:59,640 [INFO] [MainThread] [root/watcher.py:65]: Watching directory: c:\users\felipe\.config\yasb
2026-08-22 22:57:59,641 [INFO] [MainThread] [root/watcher.py:104]: Created file watcher
2026-08-22 22:57:59,666 [INFO] [MainThread] [root/update_service.py:434]: Background update checker started
2026-08-22 22:59:52,702 [INFO] [MainThread] [root/controller.py:21]: Reloading Application because of config change.
2026-08-22 22:59:52,816 [INFO] [MainThread] [cli_server/cli_server.py:114]: Log pipe server stopped
2026-08-22 22:59:52,822 [INFO] [MainThread] [root/bar_manager.py:93]: Successfully loaded updated config and re-initialised all bars.
2026-08-22 22:59:52,848 [INFO] [MainThread] [root/bar_manager.py:119]: Stopping SystemEventListener...
2026-08-22 22:59:53,383 [INFO] [MainThread] [root/log.py:104]: YASB v2.0.6
2026-08-22 22:59:53,383 [INFO] [CLIPipeServer] [cli_server/cli_server.py:216]: CLI server started v1.1.7
2026-08-22 22:59:53,384 [INFO] [MainThread] [cli_server/cli_server.py:106]: Log pipe server started
2026-08-22 22:59:53,801 [INFO] [MainThread] [root/service.py:52]: AudioOutputService starting...
2026-08-22 22:59:53,863 [INFO] [SystrayHook] [systray_hook/systray_hook.py:193]: Injecting into Explorer (PID: 1464)
2026-08-22 22:59:53,896 [INFO] [MainThread] [root/bar_manager.py:103]: Starting SystemEventListener...
2026-08-22 22:59:53,898 [INFO] [MainThread] [root/watcher.py:65]: Watching directory: c:\users\felipe\.config\yasb
2026-08-22 22:59:53,899 [INFO] [MainThread] [root/watcher.py:104]: Created file watcher
2026-08-22 22:59:53,923 [INFO] [MainThread] [root/update_service.py:434]: Background update checker started
2026-08-22 22:59:58,653 [INFO] [MainThread] [root/controller.py:21]: Reloading Application because of config change.
2026-08-22 22:59:58,765 [INFO] [MainThread] [cli_server/cli_server.py:114]: Log pipe server stopped
2026-08-22 22:59:58,772 [INFO] [MainThread] [root/bar_manager.py:93]: Successfully loaded updated config and re-initialised all bars.
2026-08-22 22:59:58,795 [INFO] [MainThread] [root/bar_manager.py:119]: Stopping SystemEventListener...
2026-08-22 22:59:59,296 [INFO] [MainThread] [root/log.py:104]: YASB v2.0.6
2026-08-22 22:59:59,296 [INFO] [CLIPipeServer] [cli_server/cli_server.py:216]: CLI server started v1.1.7
2026-08-22 22:59:59,296 [INFO] [MainThread] [cli_server/cli_server.py:106]: Log pipe server started
2026-08-22 22:59:59,705 [INFO] [MainThread] [root/service.py:52]: AudioOutputService starting...
2026-08-22 22:59:59,763 [INFO] [SystrayHook] [systray_hook/systray_hook.py:193]: Injecting into Explorer (PID: 1464)
2026-08-22 22:59:59,799 [INFO] [MainThread] [root/bar_manager.py:103]: Starting SystemEventListener...
2026-08-22 22:59:59,802 [INFO] [MainThread] [root/watcher.py:65]: Watching directory: c:\users\felipe\.config\yasb
2026-08-22 22:59:59,802 [INFO] [MainThread] [root/watcher.py:104]: Created file watcher
2026-08-22 22:59:59,822 [INFO] [MainThread] [root/update_service.py:434]: Background update checker started
2026-08-22 23:09:58,459 [INFO] [MainThread] [root/controller.py:21]: Reloading Bar from context menu...
2026-08-22 23:09:58,569 [INFO] [MainThread] [cli_server/cli_server.py:114]: Log pipe server stopped
2026-08-22 23:09:58,607 [INFO] [MainThread] [root/bar_manager.py:119]: Stopping SystemEventListener...
2026-08-22 23:09:59,152 [INFO] [MainThread] [root/log.py:104]: YASB v2.0.6
2026-08-22 23:09:59,153 [INFO] [CLIPipeServer] [cli_server/cli_server.py:216]: CLI server started v1.1.7
2026-08-22 23:09:59,153 [INFO] [MainThread] [cli_server/cli_server.py:106]: Log pipe server started
2026-08-22 23:09:59,568 [INFO] [MainThread] [root/service.py:52]: AudioOutputService starting...
2026-08-22 23:09:59,630 [INFO] [SystrayHook] [systray_hook/systray_hook.py:193]: Injecting into Explorer (PID: 1464)
2026-08-22 23:09:59,663 [INFO] [MainThread] [root/bar_manager.py:103]: Starting SystemEventListener...
2026-08-22 23:09:59,666 [INFO] [MainThread] [root/watcher.py:65]: Watching directory: c:\users\felipe\.config\yasb
2026-08-22 23:09:59,666 [INFO] [MainThread] [root/watcher.py:104]: Created file watcher
2026-08-22 23:09:59,688 [INFO] [MainThread] [root/update_service.py:434]: Background update checker started
2026-08-22 23:17:45,385 [INFO] [MainThread] [root/controller.py:21]: Reloading Bar from context menu...
2026-08-22 23:17:45,498 [INFO] [MainThread] [cli_server/cli_server.py:114]: Log pipe server stopped
2026-08-22 23:17:45,544 [INFO] [MainThread] [root/bar_manager.py:119]: Stopping SystemEventListener...
2026-08-22 23:17:46,060 [INFO] [MainThread] [root/log.py:104]: YASB v2.0.6
2026-08-22 23:17:46,061 [INFO] [CLIPipeServer] [cli_server/cli_server.py:216]: CLI server started v1.1.7
2026-08-22 23:17:46,061 [INFO] [MainThread] [cli_server/cli_server.py:106]: Log pipe server started
2026-08-22 23:17:46,501 [INFO] [MainThread] [root/service.py:52]: AudioOutputService starting...
2026-08-22 23:17:46,567 [INFO] [SystrayHook] [systray_hook/systray_hook.py:193]: Injecting into Explorer (PID: 1464)
2026-08-22 23:17:46,604 [INFO] [MainThread] [root/bar_manager.py:103]: Starting SystemEventListener...
2026-08-22 23:17:46,607 [INFO] [MainThread] [root/watcher.py:65]: Watching directory: c:\users\felipe\.config\yasb
2026-08-22 23:17:46,607 [INFO] [MainThread] [root/watcher.py:104]: Created file watcher
2026-08-22 23:17:46,630 [INFO] [MainThread] [root/update_service.py:434]: Background update checker started
2026-08-22 23:25:41,327 [ERROR] [MainThread] [root/bar_manager.py:80]: Error loading config: while scanning a double-quoted scalar
  in "C:\Users\Felipe\.config\yasb\config.yaml", line 51, column 14
expected escape sequence of 8 hexadecimal numbers, but found '<'
  in "C:\Users\Felipe\.config\yasb\config.yaml", line 51, column 23
2026-08-22 23:25:51,664 [INFO] [MainThread] [root/controller.py:21]: Reloading Application because of config change.
2026-08-22 23:25:51,765 [INFO] [MainThread] [cli_server/cli_server.py:114]: Log pipe server stopped
2026-08-22 23:25:51,772 [INFO] [MainThread] [root/bar_manager.py:93]: Successfully loaded updated config and re-initialised all bars.
2026-08-22 23:25:51,795 [INFO] [MainThread] [root/bar_manager.py:119]: Stopping SystemEventListener...
2026-08-22 23:25:52,285 [INFO] [MainThread] [root/log.py:104]: YASB v2.0.6
2026-08-22 23:25:52,286 [INFO] [CLIPipeServer] [cli_server/cli_server.py:216]: CLI server started v1.1.7
2026-08-22 23:25:52,286 [INFO] [MainThread] [cli_server/cli_server.py:106]: Log pipe server started
2026-08-22 23:25:52,710 [INFO] [MainThread] [root/service.py:52]: AudioOutputService starting...
2026-08-22 23:25:52,772 [INFO] [SystrayHook] [systray_hook/systray_hook.py:193]: Injecting into Explorer (PID: 1464)
2026-08-22 23:25:52,815 [INFO] [MainThread] [root/bar_manager.py:103]: Starting SystemEventListener...
2026-08-22 23:25:52,817 [INFO] [MainThread] [root/watcher.py:65]: Watching directory: c:\users\felipe\.config\yasb
2026-08-22 23:25:52,817 [INFO] [MainThread] [root/watcher.py:104]: Created file watcher
2026-08-22 23:25:52,842 [INFO] [MainThread] [root/update_service.py:434]: Background update checker started
2026-08-22 23:28:31,925 [ERROR] [MainThread] [root/config.py:99]: The config file 'C:\Users\Felipe\.config\yasb\config.yaml' contains validation errors. Please fix:
widgets:
  open_meteo:
    str:
    - Input should be a valid string
    dict[str,any]:
    - Input should be a valid dictionary

2026-08-22 23:29:57,547 [INFO] [MainThread] [root/controller.py:21]: Reloading Application because of config change.
2026-08-22 23:29:57,650 [INFO] [MainThread] [cli_server/cli_server.py:114]: Log pipe server stopped
2026-08-22 23:29:57,657 [INFO] [MainThread] [root/bar_manager.py:93]: Successfully loaded updated config and re-initialised all bars.
2026-08-22 23:29:57,679 [INFO] [MainThread] [root/bar_manager.py:119]: Stopping SystemEventListener...
2026-08-22 23:29:58,165 [INFO] [MainThread] [root/log.py:104]: YASB v2.0.6
2026-08-22 23:29:58,166 [INFO] [CLIPipeServer] [cli_server/cli_server.py:216]: CLI server started v1.1.7
2026-08-22 23:29:58,166 [INFO] [MainThread] [cli_server/cli_server.py:106]: Log pipe server started
2026-08-22 23:29:58,582 [INFO] [MainThread] [root/service.py:52]: AudioOutputService starting...
2026-08-22 23:29:58,672 [INFO] [SystrayHook] [systray_hook/systray_hook.py:193]: Injecting into Explorer (PID: 1464)
2026-08-22 23:29:58,674 [INFO] [MainThread] [root/bar_manager.py:103]: Starting SystemEventListener...
2026-08-22 23:29:58,675 [ERROR] [MainThread] [root/widget_builder.py:114]: Failed to validate widget(s) due to invalid options  - open_meteo
      hourly_forecast_buttons:
      - Extra inputs are not permitted
      
2026-08-22 23:29:58,700 [INFO] [MainThread] [root/watcher.py:65]: Watching directory: c:\users\felipe\.config\yasb
2026-08-22 23:29:58,701 [INFO] [MainThread] [root/watcher.py:104]: Created file watcher
2026-08-22 23:29:58,719 [INFO] [MainThread] [root/update_service.py:434]: Background update checker started
2026-08-22 23:30:05,983 [INFO] [MainThread] [root/controller.py:21]: Reloading Application because of config change.
2026-08-22 23:30:06,089 [INFO] [MainThread] [cli_server/cli_server.py:114]: Log pipe server stopped
2026-08-22 23:30:06,096 [INFO] [MainThread] [root/bar_manager.py:93]: Successfully loaded updated config and re-initialised all bars.
2026-08-22 23:30:06,118 [INFO] [MainThread] [root/bar_manager.py:119]: Stopping SystemEventListener...
2026-08-22 23:30:06,664 [INFO] [MainThread] [root/log.py:104]: YASB v2.0.6
2026-08-22 23:30:06,664 [INFO] [CLIPipeServer] [cli_server/cli_server.py:216]: CLI server started v1.1.7
2026-08-22 23:30:06,665 [INFO] [MainThread] [cli_server/cli_server.py:106]: Log pipe server started
2026-08-22 23:30:07,136 [INFO] [MainThread] [root/service.py:52]: AudioOutputService starting...
2026-08-22 23:30:07,195 [INFO] [SystrayHook] [systray_hook/systray_hook.py:193]: Injecting into Explorer (PID: 1464)
2026-08-22 23:30:07,231 [INFO] [MainThread] [root/bar_manager.py:103]: Starting SystemEventListener...
2026-08-22 23:30:07,233 [INFO] [MainThread] [root/watcher.py:65]: Watching directory: c:\users\felipe\.config\yasb
2026-08-22 23:30:07,233 [INFO] [MainThread] [root/watcher.py:104]: Created file watcher
2026-08-22 23:30:07,256 [INFO] [MainThread] [root/update_service.py:434]: Background update checker started
2026-08-22 23:30:57,786 [ERROR] [MainThread] [root/config.py:99]: The config file 'C:\Users\Felipe\.config\yasb\config.yaml' contains validation errors. Please fix:
open_meteo:
- Extra inputs are not permitted

2026-08-22 23:33:37,794 [INFO] [MainThread] [root/controller.py:21]: Reloading Application because of config change.
2026-08-22 23:33:37,901 [INFO] [MainThread] [cli_server/cli_server.py:114]: Log pipe server stopped
2026-08-22 23:33:37,908 [INFO] [MainThread] [root/bar_manager.py:93]: Successfully loaded updated config and re-initialised all bars.
2026-08-22 23:33:37,934 [INFO] [MainThread] [root/bar_manager.py:119]: Stopping SystemEventListener...
2026-08-22 23:33:38,422 [INFO] [MainThread] [root/log.py:104]: YASB v2.0.6
2026-08-22 23:33:38,423 [INFO] [CLIPipeServer] [cli_server/cli_server.py:216]: CLI server started v1.1.7
2026-08-22 23:33:38,423 [INFO] [MainThread] [cli_server/cli_server.py:106]: Log pipe server started
2026-08-22 23:33:38,837 [INFO] [MainThread] [root/service.py:52]: AudioOutputService starting...
2026-08-22 23:33:38,900 [INFO] [SystrayHook] [systray_hook/systray_hook.py:193]: Injecting into Explorer (PID: 1464)
2026-08-22 23:33:38,933 [INFO] [MainThread] [root/bar_manager.py:103]: Starting SystemEventListener...
2026-08-22 23:33:38,935 [INFO] [MainThread] [root/watcher.py:65]: Watching directory: c:\users\felipe\.config\yasb
2026-08-22 23:33:38,935 [INFO] [MainThread] [root/watcher.py:104]: Created file watcher
2026-08-22 23:33:38,957 [INFO] [MainThread] [root/update_service.py:434]: Background update checker started
2026-08-22 23:35:25,198 [INFO] [MainThread] [root/controller.py:21]: Reloading Application because of config change.
2026-08-22 23:35:25,300 [INFO] [MainThread] [cli_server/cli_server.py:114]: Log pipe server stopped
2026-08-22 23:35:25,308 [INFO] [MainThread] [root/bar_manager.py:93]: Successfully loaded updated config and re-initialised all bars.
2026-08-22 23:35:25,331 [INFO] [MainThread] [root/bar_manager.py:119]: Stopping SystemEventListener...
2026-08-22 23:35:25,867 [INFO] [MainThread] [root/log.py:104]: YASB v2.0.6
2026-08-22 23:35:25,867 [INFO] [CLIPipeServer] [cli_server/cli_server.py:216]: CLI server started v1.1.7
2026-08-22 23:35:25,868 [INFO] [MainThread] [cli_server/cli_server.py:106]: Log pipe server started
2026-08-22 23:35:26,310 [INFO] [MainThread] [root/service.py:52]: AudioOutputService starting...
2026-08-22 23:35:26,375 [INFO] [SystrayHook] [systray_hook/systray_hook.py:193]: Injecting into Explorer (PID: 1464)
2026-08-22 23:35:26,409 [INFO] [MainThread] [root/bar_manager.py:103]: Starting SystemEventListener...
2026-08-22 23:35:26,411 [INFO] [MainThread] [root/watcher.py:65]: Watching directory: c:\users\felipe\.config\yasb
2026-08-22 23:35:26,411 [INFO] [MainThread] [root/watcher.py:104]: Created file watcher
2026-08-22 23:35:26,432 [INFO] [MainThread] [root/update_service.py:434]: Background update checker started
2026-08-22 23:47:55,185 [INFO] [MainThread] [root/controller.py:21]: Reloading Application because of config change.
2026-08-22 23:47:55,291 [INFO] [MainThread] [cli_server/cli_server.py:114]: Log pipe server stopped
2026-08-22 23:47:55,298 [INFO] [MainThread] [root/bar_manager.py:93]: Successfully loaded updated config and re-initialised all bars.
2026-08-22 23:47:55,321 [INFO] [MainThread] [root/bar_manager.py:119]: Stopping SystemEventListener...
2026-08-22 23:47:55,842 [INFO] [MainThread] [root/log.py:104]: YASB v2.0.6
2026-08-22 23:47:55,842 [INFO] [CLIPipeServer] [cli_server/cli_server.py:216]: CLI server started v1.1.7
2026-08-22 23:47:55,843 [INFO] [MainThread] [cli_server/cli_server.py:106]: Log pipe server started
2026-08-22 23:47:56,255 [INFO] [MainThread] [root/service.py:52]: AudioOutputService starting...
2026-08-22 23:47:56,321 [INFO] [SystrayHook] [systray_hook/systray_hook.py:193]: Injecting into Explorer (PID: 1464)
2026-08-22 23:47:56,392 [INFO] [MainThread] [root/bar_manager.py:103]: Starting SystemEventListener...
2026-08-22 23:47:56,394 [INFO] [MainThread] [root/watcher.py:65]: Watching directory: c:\users\felipe\.config\yasb
2026-08-22 23:47:56,394 [INFO] [MainThread] [root/watcher.py:104]: Created file watcher
2026-08-22 23:47:56,411 [INFO] [MainThread] [root/update_service.py:434]: Background update checker started
2026-08-22 23:49:02,165 [ERROR] [MainThread] [root/config.py:113]: The file 'C:\Users\Felipe\.config\yasb\config.yaml' contains Parser Error(s). Please fix:
while parsing a block mapping
  in "C:\Users\Felipe\.config\yasb\config.yaml", line 99, column 9
expected <block end>, but found '<scalar>'
  in "C:\Users\Felipe\.config\yasb\config.yaml", line 99, column 26
2026-08-22 23:49:07,196 [INFO] [MainThread] [root/controller.py:21]: Reloading Application because of config change.
2026-08-22 23:49:07,299 [INFO] [MainThread] [cli_server/cli_server.py:114]: Log pipe server stopped
2026-08-22 23:49:07,307 [INFO] [MainThread] [root/bar_manager.py:93]: Successfully loaded updated config and re-initialised all bars.
2026-08-22 23:49:07,328 [INFO] [MainThread] [root/bar_manager.py:119]: Stopping SystemEventListener...
2026-08-22 23:49:07,836 [INFO] [MainThread] [root/log.py:104]: YASB v2.0.6
2026-08-22 23:49:07,836 [INFO] [CLIPipeServer] [cli_server/cli_server.py:216]: CLI server started v1.1.7
2026-08-22 23:49:07,837 [INFO] [MainThread] [cli_server/cli_server.py:106]: Log pipe server started
2026-08-22 23:49:08,280 [INFO] [MainThread] [root/service.py:52]: AudioOutputService starting...
2026-08-22 23:49:08,341 [INFO] [SystrayHook] [systray_hook/systray_hook.py:193]: Injecting into Explorer (PID: 1464)
2026-08-22 23:49:08,418 [INFO] [MainThread] [root/bar_manager.py:103]: Starting SystemEventListener...
2026-08-22 23:49:08,420 [INFO] [MainThread] [root/watcher.py:65]: Watching directory: c:\users\felipe\.config\yasb
2026-08-22 23:49:08,420 [INFO] [MainThread] [root/watcher.py:104]: Created file watcher
2026-08-22 23:49:08,443 [INFO] [MainThread] [root/update_service.py:434]: Background update checker started
2026-08-22 23:49:24,893 [ERROR] [MainThread] [root/bar_manager.py:80]: Error loading config: while scanning a double-quoted scalar
  in "C:\Users\Felipe\.config\yasb\config.yaml", line 99, column 16
expected escape sequence of 4 hexadecimal numbers, but found 'o'
  in "C:\Users\Felipe\.config\yasb\config.yaml", line 99, column 19
2026-08-22 23:50:28,983 [ERROR] [MainThread] [root/bar_manager.py:80]: Error loading config: while scanning a double-quoted scalar
  in "C:\Users\Felipe\.config\yasb\config.yaml", line 99, column 16
expected escape sequence of 8 hexadecimal numbers, but found '"'
  in "C:\Users\Felipe\.config\yasb\config.yaml", line 99, column 19
2026-08-22 23:50:32,455 [INFO] [MainThread] [root/controller.py:21]: Reloading Bar from context menu...
2026-08-22 23:50:32,558 [INFO] [MainThread] [cli_server/cli_server.py:114]: Log pipe server stopped
2026-08-22 23:50:32,602 [INFO] [MainThread] [root/bar_manager.py:119]: Stopping SystemEventListener...
2026-08-22 23:50:33,137 [INFO] [MainThread] [root/log.py:104]: YASB v2.0.6
2026-08-22 23:50:33,137 [INFO] [CLIPipeServer] [cli_server/cli_server.py:216]: CLI server started v1.1.7
2026-08-22 23:50:33,138 [INFO] [MainThread] [cli_server/cli_server.py:106]: Log pipe server started
2026-08-22 23:50:33,177 [ERROR] [MainThread] [root/main.py:205]: Exception during application startup
Traceback (most recent call last):
  File "main.py", line 203, in <module>
  File "main.py", line 100, in main
  File "D:\a\yasb\yasb\venv\Lib\site-packages\qasync\__init__.py", line 438, in run_until_complete
  File "main.py", line 134, in main_async
  File "D:\a\yasb\yasb\src\core\config.py", line 144, in get_config_and_stylesheet
  File "D:\a\yasb\yasb\src\core\config.py", line 82, in get_config
  File "D:\a\yasb\yasb\venv\Lib\site-packages\yaml\__init__.py", line 125, in safe_load
  File "D:\a\yasb\yasb\venv\Lib\site-packages\yaml\__init__.py", line 81, in load
  File "D:\a\yasb\yasb\venv\Lib\site-packages\yaml\constructor.py", line 49, in get_single_data
  File "D:\a\yasb\yasb\venv\Lib\site-packages\yaml\composer.py", line 36, in get_single_node
  File "D:\a\yasb\yasb\venv\Lib\site-packages\yaml\composer.py", line 55, in compose_document
  File "D:\a\yasb\yasb\venv\Lib\site-packages\yaml\composer.py", line 84, in compose_node
  File "D:\a\yasb\yasb\venv\Lib\site-packages\yaml\composer.py", line 133, in compose_mapping_node
  File "D:\a\yasb\yasb\venv\Lib\site-packages\yaml\composer.py", line 84, in compose_node
  File "D:\a\yasb\yasb\venv\Lib\site-packages\yaml\composer.py", line 133, in compose_mapping_node
  File "D:\a\yasb\yasb\venv\Lib\site-packages\yaml\composer.py", line 84, in compose_node
  File "D:\a\yasb\yasb\venv\Lib\site-packages\yaml\composer.py", line 133, in compose_mapping_node
  File "D:\a\yasb\yasb\venv\Lib\site-packages\yaml\composer.py", line 84, in compose_node
  File "D:\a\yasb\yasb\venv\Lib\site-packages\yaml\composer.py", line 133, in compose_mapping_node
  File "D:\a\yasb\yasb\venv\Lib\site-packages\yaml\composer.py", line 84, in compose_node
  File "D:\a\yasb\yasb\venv\Lib\site-packages\yaml\composer.py", line 133, in compose_mapping_node
  File "D:\a\yasb\yasb\venv\Lib\site-packages\yaml\composer.py", line 64, in compose_node
  File "D:\a\yasb\yasb\venv\Lib\site-packages\yaml\parser.py", line 98, in check_event
  File "D:\a\yasb\yasb\venv\Lib\site-packages\yaml\parser.py", line 449, in parse_block_mapping_value
  File "D:\a\yasb\yasb\venv\Lib\site-packages\yaml\scanner.py", line 116, in check_token
  File "D:\a\yasb\yasb\venv\Lib\site-packages\yaml\scanner.py", line 251, in fetch_more_tokens
  File "D:\a\yasb\yasb\venv\Lib\site-packages\yaml\scanner.py", line 655, in fetch_double
  File "D:\a\yasb\yasb\venv\Lib\site-packages\yaml\scanner.py", line 666, in fetch_flow_scalar
  File "D:\a\yasb\yasb\venv\Lib\site-packages\yaml\scanner.py", line 1149, in scan_flow_scalar
  File "D:\a\yasb\yasb\venv\Lib\site-packages\yaml\scanner.py", line 1213, in scan_flow_scalar_non_spaces
yaml.scanner.ScannerError: while scanning a double-quoted scalar
  in "C:\Users\Felipe\.config\yasb\config.yaml", line 99, column 16
expected escape sequence of 8 hexadecimal numbers, but found '"'
  in "C:\Users\Felipe\.config\yasb\config.yaml", line 99, column 19
2026-08-22 23:51:03,216 [INFO] [MainThread] [root/log.py:104]: YASB v2.0.6
2026-08-22 23:51:03,217 [INFO] [CLIPipeServer] [cli_server/cli_server.py:216]: CLI server started v1.1.7
2026-08-22 23:51:03,217 [INFO] [MainThread] [cli_server/cli_server.py:106]: Log pipe server started
2026-08-22 23:51:03,619 [INFO] [MainThread] [root/service.py:52]: AudioOutputService starting...
2026-08-22 23:51:03,681 [INFO] [SystrayHook] [systray_hook/systray_hook.py:193]: Injecting into Explorer (PID: 1464)
2026-08-22 23:51:03,765 [INFO] [MainThread] [root/bar_manager.py:103]: Starting SystemEventListener...
2026-08-22 23:51:03,768 [INFO] [MainThread] [root/watcher.py:65]: Watching directory: c:\users\felipe\.config\yasb
2026-08-22 23:51:03,768 [INFO] [MainThread] [root/watcher.py:104]: Created file watcher
2026-08-22 23:51:03,791 [INFO] [MainThread] [root/update_service.py:434]: Background update checker started
2026-08-22 23:51:32,971 [INFO] [MainThread] [root/controller.py:21]: Reloading Application because of config change.
2026-08-22 23:51:33,087 [INFO] [MainThread] [cli_server/cli_server.py:114]: Log pipe server stopped
2026-08-22 23:51:33,094 [INFO] [MainThread] [root/bar_manager.py:93]: Successfully loaded updated config and re-initialised all bars.
2026-08-22 23:51:33,119 [INFO] [MainThread] [root/bar_manager.py:119]: Stopping SystemEventListener...
2026-08-22 23:51:33,604 [INFO] [MainThread] [root/log.py:104]: YASB v2.0.6
2026-08-22 23:51:33,604 [INFO] [CLIPipeServer] [cli_server/cli_server.py:216]: CLI server started v1.1.7
2026-08-22 23:51:33,605 [INFO] [MainThread] [cli_server/cli_server.py:106]: Log pipe server started
2026-08-22 23:51:34,019 [INFO] [MainThread] [root/service.py:52]: AudioOutputService starting...
2026-08-22 23:51:34,079 [INFO] [SystrayHook] [systray_hook/systray_hook.py:193]: Injecting into Explorer (PID: 1464)
2026-08-22 23:51:34,116 [INFO] [MainThread] [root/bar_manager.py:103]: Starting SystemEventListener...
2026-08-22 23:51:34,118 [INFO] [MainThread] [root/watcher.py:65]: Watching directory: c:\users\felipe\.config\yasb
2026-08-22 23:51:34,118 [INFO] [MainThread] [root/watcher.py:104]: Created file watcher
2026-08-22 23:51:34,142 [INFO] [MainThread] [root/update_service.py:434]: Background update checker started
2026-08-22 23:51:39,776 [INFO] [MainThread] [root/controller.py:21]: Reloading Application because of config change.
2026-08-22 23:51:39,878 [INFO] [MainThread] [cli_server/cli_server.py:114]: Log pipe server stopped
2026-08-22 23:51:39,885 [INFO] [MainThread] [root/bar_manager.py:93]: Successfully loaded updated config and re-initialised all bars.
2026-08-22 23:51:39,906 [INFO] [MainThread] [root/bar_manager.py:119]: Stopping SystemEventListener...
2026-08-22 23:51:40,392 [INFO] [MainThread] [root/log.py:104]: YASB v2.0.6
2026-08-22 23:51:40,393 [INFO] [CLIPipeServer] [cli_server/cli_server.py:216]: CLI server started v1.1.7
2026-08-22 23:51:40,393 [INFO] [MainThread] [cli_server/cli_server.py:106]: Log pipe server started
2026-08-22 23:51:40,804 [INFO] [MainThread] [root/service.py:52]: AudioOutputService starting...
2026-08-22 23:51:40,864 [INFO] [SystrayHook] [systray_hook/systray_hook.py:193]: Injecting into Explorer (PID: 1464)
2026-08-22 23:51:41,056 [INFO] [MainThread] [root/bar_manager.py:103]: Starting SystemEventListener...
2026-08-22 23:51:41,058 [INFO] [MainThread] [root/watcher.py:65]: Watching directory: c:\users\felipe\.config\yasb
2026-08-22 23:51:41,058 [INFO] [MainThread] [root/watcher.py:104]: Created file watcher
2026-08-22 23:51:41,074 [INFO] [MainThread] [root/update_service.py:434]: Background update checker started
2026-08-22 23:52:26,432 [INFO] [MainThread] [root/controller.py:21]: Reloading Application because of config change.
2026-08-22 23:52:26,536 [INFO] [MainThread] [cli_server/cli_server.py:114]: Log pipe server stopped
2026-08-22 23:52:26,543 [INFO] [MainThread] [root/bar_manager.py:93]: Successfully loaded updated config and re-initialised all bars.
2026-08-22 23:52:26,563 [INFO] [MainThread] [root/bar_manager.py:119]: Stopping SystemEventListener...
2026-08-22 23:52:27,049 [INFO] [MainThread] [root/log.py:104]: YASB v2.0.6
2026-08-22 23:52:27,049 [INFO] [CLIPipeServer] [cli_server/cli_server.py:216]: CLI server started v1.1.7
2026-08-22 23:52:27,050 [INFO] [MainThread] [cli_server/cli_server.py:106]: Log pipe server started
2026-08-22 23:52:27,468 [INFO] [MainThread] [root/service.py:52]: AudioOutputService starting...
2026-08-22 23:52:27,531 [INFO] [SystrayHook] [systray_hook/systray_hook.py:193]: Injecting into Explorer (PID: 1464)
2026-08-22 23:52:27,567 [INFO] [MainThread] [root/bar_manager.py:103]: Starting SystemEventListener...
2026-08-22 23:52:27,569 [INFO] [MainThread] [root/watcher.py:65]: Watching directory: c:\users\felipe\.config\yasb
2026-08-22 23:52:27,569 [INFO] [MainThread] [root/watcher.py:104]: Created file watcher
2026-08-22 23:52:27,590 [INFO] [MainThread] [root/update_service.py:434]: Background update checker started
2026-08-22 23:52:51,968 [INFO] [MainThread] [root/controller.py:21]: Reloading Application because of config change.
2026-08-22 23:52:52,079 [INFO] [MainThread] [cli_server/cli_server.py:114]: Log pipe server stopped
2026-08-22 23:52:52,086 [INFO] [MainThread] [root/bar_manager.py:93]: Successfully loaded updated config and re-initialised all bars.
2026-08-22 23:52:52,108 [INFO] [MainThread] [root/bar_manager.py:119]: Stopping SystemEventListener...
2026-08-22 23:52:52,631 [INFO] [MainThread] [root/log.py:104]: YASB v2.0.6
2026-08-22 23:52:52,632 [INFO] [CLIPipeServer] [cli_server/cli_server.py:216]: CLI server started v1.1.7
2026-08-22 23:52:52,632 [INFO] [MainThread] [cli_server/cli_server.py:106]: Log pipe server started
2026-08-22 23:52:53,097 [INFO] [MainThread] [root/service.py:52]: AudioOutputService starting...
2026-08-22 23:52:53,163 [INFO] [SystrayHook] [systray_hook/systray_hook.py:193]: Injecting into Explorer (PID: 1464)
2026-08-22 23:52:53,203 [INFO] [MainThread] [root/bar_manager.py:103]: Starting SystemEventListener...
2026-08-22 23:52:53,205 [INFO] [MainThread] [root/watcher.py:65]: Watching directory: c:\users\felipe\.config\yasb
2026-08-22 23:52:53,205 [INFO] [MainThread] [root/watcher.py:104]: Created file watcher
2026-08-22 23:52:53,228 [INFO] [MainThread] [root/update_service.py:434]: Background update checker started
2026-08-22 23:54:04,298 [INFO] [MainThread] [root/controller.py:21]: Reloading Application because of config change.
2026-08-22 23:54:04,400 [INFO] [MainThread] [cli_server/cli_server.py:114]: Log pipe server stopped
2026-08-22 23:54:04,407 [INFO] [MainThread] [root/bar_manager.py:93]: Successfully loaded updated config and re-initialised all bars.
2026-08-22 23:54:04,428 [INFO] [MainThread] [root/bar_manager.py:119]: Stopping SystemEventListener...
2026-08-22 23:54:04,913 [INFO] [MainThread] [root/log.py:104]: YASB v2.0.6
2026-08-22 23:54:04,914 [INFO] [CLIPipeServer] [cli_server/cli_server.py:216]: CLI server started v1.1.7
2026-08-22 23:54:04,914 [INFO] [MainThread] [cli_server/cli_server.py:106]: Log pipe server started
2026-08-22 23:54:05,378 [INFO] [MainThread] [root/service.py:52]: AudioOutputService starting...
2026-08-22 23:54:05,445 [INFO] [SystrayHook] [systray_hook/systray_hook.py:193]: Injecting into Explorer (PID: 1464)
2026-08-22 23:54:05,487 [INFO] [MainThread] [root/bar_manager.py:103]: Starting SystemEventListener...
2026-08-22 23:54:05,489 [INFO] [MainThread] [root/watcher.py:65]: Watching directory: c:\users\felipe\.config\yasb
2026-08-22 23:54:05,489 [INFO] [MainThread] [root/watcher.py:104]: Created file watcher
2026-08-22 23:54:05,513 [INFO] [MainThread] [root/update_service.py:434]: Background update checker started
2026-08-22 23:54:35,109 [INFO] [MainThread] [root/controller.py:21]: Reloading Application because of config change.
2026-08-22 23:54:35,215 [INFO] [MainThread] [cli_server/cli_server.py:114]: Log pipe server stopped
2026-08-22 23:54:35,222 [INFO] [MainThread] [root/bar_manager.py:93]: Successfully loaded updated config and re-initialised all bars.
2026-08-22 23:54:35,241 [INFO] [MainThread] [root/bar_manager.py:119]: Stopping SystemEventListener...
2026-08-22 23:54:35,729 [INFO] [MainThread] [root/log.py:104]: YASB v2.0.6
2026-08-22 23:54:35,730 [INFO] [CLIPipeServer] [cli_server/cli_server.py:216]: CLI server started v1.1.7
2026-08-22 23:54:35,730 [INFO] [MainThread] [cli_server/cli_server.py:106]: Log pipe server started
2026-08-22 23:54:36,186 [INFO] [MainThread] [root/service.py:52]: AudioOutputService starting...
2026-08-22 23:54:36,247 [INFO] [SystrayHook] [systray_hook/systray_hook.py:193]: Injecting into Explorer (PID: 1464)
2026-08-22 23:54:36,290 [INFO] [MainThread] [root/bar_manager.py:103]: Starting SystemEventListener...
2026-08-22 23:54:36,293 [INFO] [MainThread] [root/watcher.py:65]: Watching directory: c:\users\felipe\.config\yasb
2026-08-22 23:54:36,293 [INFO] [MainThread] [root/watcher.py:104]: Created file watcher
2026-08-22 23:54:36,319 [INFO] [MainThread] [root/update_service.py:434]: Background update checker started
2026-08-23 00:00:25,721 [INFO] [MainThread] [root/controller.py:21]: Reloading Application because of config change.
2026-08-23 00:00:25,824 [INFO] [MainThread] [cli_server/cli_server.py:114]: Log pipe server stopped
2026-08-23 00:00:25,832 [INFO] [MainThread] [root/bar_manager.py:93]: Successfully loaded updated config and re-initialised all bars.
2026-08-23 00:00:25,854 [INFO] [MainThread] [root/bar_manager.py:119]: Stopping SystemEventListener...
2026-08-23 00:00:26,358 [INFO] [MainThread] [root/log.py:104]: YASB v2.0.6
2026-08-23 00:00:26,359 [INFO] [CLIPipeServer] [cli_server/cli_server.py:216]: CLI server started v1.1.7
2026-08-23 00:00:26,359 [INFO] [MainThread] [cli_server/cli_server.py:106]: Log pipe server started
2026-08-23 00:00:26,782 [INFO] [MainThread] [root/service.py:52]: AudioOutputService starting...
2026-08-23 00:00:26,844 [INFO] [SystrayHook] [systray_hook/systray_hook.py:193]: Injecting into Explorer (PID: 1464)
2026-08-23 00:00:26,892 [INFO] [MainThread] [root/bar_manager.py:103]: Starting SystemEventListener...
2026-08-23 00:00:26,898 [INFO] [MainThread] [root/watcher.py:65]: Watching directory: c:\users\felipe\.config\yasb
2026-08-23 00:00:26,899 [INFO] [MainThread] [root/watcher.py:104]: Created file watcher
2026-08-23 00:00:26,933 [INFO] [MainThread] [root/update_service.py:434]: Background update checker started
2026-08-23 00:04:15,781 [INFO] [MainThread] [root/controller.py:21]: Reloading Application because of config change.
2026-08-23 00:04:15,884 [INFO] [MainThread] [cli_server/cli_server.py:114]: Log pipe server stopped
2026-08-23 00:04:15,891 [INFO] [MainThread] [root/bar_manager.py:93]: Successfully loaded updated config and re-initialised all bars.
2026-08-23 00:04:15,912 [INFO] [MainThread] [root/bar_manager.py:119]: Stopping SystemEventListener...
2026-08-23 00:04:16,390 [INFO] [MainThread] [root/log.py:104]: YASB v2.0.6
2026-08-23 00:04:16,390 [INFO] [CLIPipeServer] [cli_server/cli_server.py:216]: CLI server started v1.1.7
2026-08-23 00:04:16,391 [INFO] [MainThread] [cli_server/cli_server.py:106]: Log pipe server started
2026-08-23 00:04:16,811 [INFO] [MainThread] [root/service.py:52]: AudioOutputService starting...
2026-08-23 00:04:16,874 [INFO] [SystrayHook] [systray_hook/systray_hook.py:193]: Injecting into Explorer (PID: 1464)
2026-08-23 00:04:16,912 [INFO] [MainThread] [root/bar_manager.py:103]: Starting SystemEventListener...
2026-08-23 00:04:16,914 [INFO] [MainThread] [root/watcher.py:65]: Watching directory: c:\users\felipe\.config\yasb
2026-08-23 00:04:16,914 [INFO] [MainThread] [root/watcher.py:104]: Created file watcher
2026-08-23 00:04:16,938 [INFO] [MainThread] [root/update_service.py:434]: Background update checker started
2026-08-23 00:05:23,119 [INFO] [MainThread] [root/controller.py:21]: Reloading Application because of config change.
2026-08-23 00:05:23,221 [INFO] [MainThread] [cli_server/cli_server.py:114]: Log pipe server stopped
2026-08-23 00:05:23,228 [INFO] [MainThread] [root/bar_manager.py:93]: Successfully loaded updated config and re-initialised all bars.
2026-08-23 00:05:23,250 [INFO] [MainThread] [root/bar_manager.py:119]: Stopping SystemEventListener...
2026-08-23 00:05:23,731 [INFO] [MainThread] [root/log.py:104]: YASB v2.0.6
2026-08-23 00:05:23,731 [INFO] [CLIPipeServer] [cli_server/cli_server.py:216]: CLI server started v1.1.7
2026-08-23 00:05:23,731 [INFO] [MainThread] [cli_server/cli_server.py:106]: Log pipe server started
2026-08-23 00:05:24,141 [INFO] [MainThread] [root/service.py:52]: AudioOutputService starting...
2026-08-23 00:05:24,204 [INFO] [SystrayHook] [systray_hook/systray_hook.py:193]: Injecting into Explorer (PID: 1464)
2026-08-23 00:05:24,238 [INFO] [MainThread] [root/bar_manager.py:103]: Starting SystemEventListener...
2026-08-23 00:05:24,241 [INFO] [MainThread] [root/watcher.py:65]: Watching directory: c:\users\felipe\.config\yasb
2026-08-23 00:05:24,241 [INFO] [MainThread] [root/watcher.py:104]: Created file watcher
2026-08-23 00:05:24,260 [INFO] [MainThread] [root/update_service.py:434]: Background update checker started
2026-08-23 00:05:35,934 [INFO] [MainThread] [root/controller.py:21]: Reloading Application because of config change.
2026-08-23 00:05:36,044 [INFO] [MainThread] [cli_server/cli_server.py:114]: Log pipe server stopped
2026-08-23 00:05:36,051 [INFO] [MainThread] [root/bar_manager.py:93]: Successfully loaded updated config and re-initialised all bars.
2026-08-23 00:05:36,074 [INFO] [MainThread] [root/bar_manager.py:119]: Stopping SystemEventListener...
2026-08-23 00:05:36,582 [INFO] [MainThread] [root/log.py:104]: YASB v2.0.6
2026-08-23 00:05:36,582 [INFO] [CLIPipeServer] [cli_server/cli_server.py:216]: CLI server started v1.1.7
2026-08-23 00:05:36,583 [INFO] [MainThread] [cli_server/cli_server.py:106]: Log pipe server started
2026-08-23 00:05:37,024 [INFO] [MainThread] [root/service.py:52]: AudioOutputService starting...
2026-08-23 00:05:37,088 [INFO] [SystrayHook] [systray_hook/systray_hook.py:193]: Injecting into Explorer (PID: 1464)
2026-08-23 00:05:37,124 [INFO] [MainThread] [root/bar_manager.py:103]: Starting SystemEventListener...
2026-08-23 00:05:37,127 [INFO] [MainThread] [root/watcher.py:65]: Watching directory: c:\users\felipe\.config\yasb
2026-08-23 00:05:37,127 [INFO] [MainThread] [root/watcher.py:104]: Created file watcher
2026-08-23 00:05:37,148 [INFO] [MainThread] [root/update_service.py:434]: Background update checker started
2026-08-23 00:13:30,927 [INFO] [MainThread] [root/controller.py:21]: Reloading Application because of config change.
2026-08-23 00:13:31,036 [INFO] [MainThread] [cli_server/cli_server.py:114]: Log pipe server stopped
2026-08-23 00:13:31,044 [INFO] [MainThread] [root/bar_manager.py:93]: Successfully loaded updated config and re-initialised all bars.
2026-08-23 00:13:31,067 [INFO] [MainThread] [root/bar_manager.py:119]: Stopping SystemEventListener...
2026-08-23 00:13:31,557 [INFO] [MainThread] [root/log.py:104]: YASB v2.0.6
2026-08-23 00:13:31,558 [INFO] [CLIPipeServer] [cli_server/cli_server.py:216]: CLI server started v1.1.7
2026-08-23 00:13:31,558 [INFO] [MainThread] [cli_server/cli_server.py:106]: Log pipe server started
2026-08-23 00:13:31,995 [INFO] [MainThread] [root/service.py:52]: AudioOutputService starting...
2026-08-23 00:13:32,140 [INFO] [SystrayHook] [systray_hook/systray_hook.py:193]: Injecting into Explorer (PID: 1464)
2026-08-23 00:13:32,142 [INFO] [MainThread] [root/bar_manager.py:103]: Starting SystemEventListener...
2026-08-23 00:13:32,143 [INFO] [MainThread] [root/watcher.py:65]: Watching directory: c:\users\felipe\.config\yasb
2026-08-23 00:13:32,144 [INFO] [MainThread] [root/watcher.py:104]: Created file watcher
2026-08-23 00:13:32,160 [INFO] [MainThread] [root/update_service.py:434]: Background update checker started
2026-08-23 00:14:15,045 [INFO] [MainThread] [root/controller.py:21]: Reloading Application because of config change.
2026-08-23 00:14:15,155 [INFO] [MainThread] [cli_server/cli_server.py:114]: Log pipe server stopped
2026-08-23 00:14:15,162 [INFO] [MainThread] [root/bar_manager.py:93]: Successfully loaded updated config and re-initialised all bars.
2026-08-23 00:14:15,185 [INFO] [MainThread] [root/bar_manager.py:119]: Stopping SystemEventListener...
2026-08-23 00:14:15,680 [INFO] [MainThread] [root/log.py:104]: YASB v2.0.6
2026-08-23 00:14:15,681 [INFO] [CLIPipeServer] [cli_server/cli_server.py:216]: CLI server started v1.1.7
2026-08-23 00:14:15,681 [INFO] [MainThread] [cli_server/cli_server.py:106]: Log pipe server started
2026-08-23 00:14:16,147 [INFO] [MainThread] [root/service.py:52]: AudioOutputService starting...
2026-08-23 00:14:16,213 [INFO] [SystrayHook] [systray_hook/systray_hook.py:193]: Injecting into Explorer (PID: 1464)
2026-08-23 00:14:16,254 [INFO] [MainThread] [root/bar_manager.py:103]: Starting SystemEventListener...
2026-08-23 00:14:16,256 [INFO] [MainThread] [root/watcher.py:65]: Watching directory: c:\users\felipe\.config\yasb
2026-08-23 00:14:16,256 [INFO] [MainThread] [root/watcher.py:104]: Created file watcher
2026-08-23 00:14:16,276 [INFO] [MainThread] [root/update_service.py:434]: Background update checker started
2026-08-23 00:16:54,417 [INFO] [MainThread] [root/controller.py:21]: Reloading Bar from context menu...
2026-08-23 00:16:54,531 [INFO] [MainThread] [cli_server/cli_server.py:114]: Log pipe server stopped
2026-08-23 00:16:54,576 [INFO] [MainThread] [root/bar_manager.py:119]: Stopping SystemEventListener...
2026-08-23 00:16:55,072 [INFO] [MainThread] [root/log.py:104]: YASB v2.0.6
2026-08-23 00:16:55,073 [INFO] [CLIPipeServer] [cli_server/cli_server.py:216]: CLI server started v1.1.7
2026-08-23 00:16:55,073 [INFO] [MainThread] [cli_server/cli_server.py:106]: Log pipe server started
2026-08-23 00:16:55,511 [INFO] [MainThread] [root/service.py:52]: AudioOutputService starting...
2026-08-23 00:16:55,575 [INFO] [SystrayHook] [systray_hook/systray_hook.py:193]: Injecting into Explorer (PID: 1464)
2026-08-23 00:16:55,613 [INFO] [MainThread] [root/bar_manager.py:103]: Starting SystemEventListener...
2026-08-23 00:16:55,615 [INFO] [MainThread] [root/watcher.py:65]: Watching directory: c:\users\felipe\.config\yasb
2026-08-23 00:16:55,615 [INFO] [MainThread] [root/watcher.py:104]: Created file watcher
2026-08-23 00:16:55,635 [INFO] [MainThread] [root/update_service.py:434]: Background update checker started
2026-08-23 00:19:14,127 [INFO] [MainThread] [root/controller.py:21]: Reloading Application because of config change.
2026-08-23 00:19:14,232 [INFO] [MainThread] [cli_server/cli_server.py:114]: Log pipe server stopped
2026-08-23 00:19:14,240 [INFO] [MainThread] [root/bar_manager.py:93]: Successfully loaded updated config and re-initialised all bars.
2026-08-23 00:19:14,261 [INFO] [MainThread] [root/bar_manager.py:119]: Stopping SystemEventListener...
2026-08-23 00:19:14,774 [INFO] [MainThread] [root/log.py:104]: YASB v2.0.6
2026-08-23 00:19:14,775 [INFO] [CLIPipeServer] [cli_server/cli_server.py:216]: CLI server started v1.1.7
2026-08-23 00:19:14,775 [INFO] [MainThread] [cli_server/cli_server.py:106]: Log pipe server started
2026-08-23 00:19:15,197 [INFO] [MainThread] [root/service.py:52]: AudioOutputService starting...
2026-08-23 00:19:15,263 [INFO] [SystrayHook] [systray_hook/systray_hook.py:193]: Injecting into Explorer (PID: 1464)
2026-08-23 00:19:15,293 [INFO] [MainThread] [root/bar_manager.py:103]: Starting SystemEventListener...
2026-08-23 00:19:15,295 [INFO] [MainThread] [root/watcher.py:65]: Watching directory: c:\users\felipe\.config\yasb
2026-08-23 00:19:15,295 [INFO] [MainThread] [root/watcher.py:104]: Created file watcher
2026-08-23 00:19:15,316 [INFO] [MainThread] [root/update_service.py:434]: Background update checker started
2026-08-23 00:19:48,954 [INFO] [MainThread] [root/controller.py:21]: Reloading Application because of config change.
2026-08-23 00:19:49,063 [INFO] [MainThread] [cli_server/cli_server.py:114]: Log pipe server stopped
2026-08-23 00:19:49,070 [INFO] [MainThread] [root/bar_manager.py:93]: Successfully loaded updated config and re-initialised all bars.
2026-08-23 00:19:49,092 [INFO] [MainThread] [root/bar_manager.py:119]: Stopping SystemEventListener...
2026-08-23 00:19:49,572 [INFO] [MainThread] [root/log.py:104]: YASB v2.0.6
2026-08-23 00:19:49,572 [INFO] [CLIPipeServer] [cli_server/cli_server.py:216]: CLI server started v1.1.7
2026-08-23 00:19:49,573 [INFO] [MainThread] [cli_server/cli_server.py:106]: Log pipe server started
2026-08-23 00:19:49,998 [INFO] [MainThread] [root/service.py:52]: AudioOutputService starting...
2026-08-23 00:19:50,062 [INFO] [SystrayHook] [systray_hook/systray_hook.py:193]: Injecting into Explorer (PID: 1464)
2026-08-23 00:19:50,095 [INFO] [MainThread] [root/bar_manager.py:103]: Starting SystemEventListener...
2026-08-23 00:19:50,097 [INFO] [MainThread] [root/watcher.py:65]: Watching directory: c:\users\felipe\.config\yasb
2026-08-23 00:19:50,097 [INFO] [MainThread] [root/watcher.py:104]: Created file watcher
2026-08-23 00:19:50,117 [INFO] [MainThread] [root/update_service.py:434]: Background update checker started
2026-08-23 00:19:55,175 [INFO] [MainThread] [root/controller.py:21]: Reloading Application because of config change.
2026-08-23 00:19:55,288 [INFO] [MainThread] [cli_server/cli_server.py:114]: Log pipe server stopped
2026-08-23 00:19:55,295 [INFO] [MainThread] [root/bar_manager.py:93]: Successfully loaded updated config and re-initialised all bars.
2026-08-23 00:19:55,320 [INFO] [MainThread] [root/bar_manager.py:119]: Stopping SystemEventListener...
2026-08-23 00:19:55,795 [INFO] [MainThread] [root/log.py:104]: YASB v2.0.6
2026-08-23 00:19:55,796 [INFO] [CLIPipeServer] [cli_server/cli_server.py:216]: CLI server started v1.1.7
2026-08-23 00:19:55,796 [INFO] [MainThread] [cli_server/cli_server.py:106]: Log pipe server started
2026-08-23 00:19:56,222 [INFO] [MainThread] [root/service.py:52]: AudioOutputService starting...
2026-08-23 00:19:56,285 [INFO] [SystrayHook] [systray_hook/systray_hook.py:193]: Injecting into Explorer (PID: 1464)
2026-08-23 00:19:56,319 [INFO] [MainThread] [root/bar_manager.py:103]: Starting SystemEventListener...
2026-08-23 00:19:56,321 [INFO] [MainThread] [root/watcher.py:65]: Watching directory: c:\users\felipe\.config\yasb
2026-08-23 00:19:56,321 [INFO] [MainThread] [root/watcher.py:104]: Created file watcher
2026-08-23 00:19:56,343 [INFO] [MainThread] [root/update_service.py:434]: Background update checker started
2026-08-23 00:26:18,208 [INFO] [MainThread] [root/controller.py:21]: Reloading Application because of config change.
2026-08-23 00:26:18,311 [INFO] [MainThread] [cli_server/cli_server.py:114]: Log pipe server stopped
2026-08-23 00:26:18,318 [INFO] [MainThread] [root/bar_manager.py:93]: Successfully loaded updated config and re-initialised all bars.
2026-08-23 00:26:18,338 [INFO] [MainThread] [root/bar_manager.py:119]: Stopping SystemEventListener...
2026-08-23 00:26:18,829 [INFO] [MainThread] [root/log.py:104]: YASB v2.0.6
2026-08-23 00:26:18,830 [INFO] [CLIPipeServer] [cli_server/cli_server.py:216]: CLI server started v1.1.7
2026-08-23 00:26:18,830 [INFO] [MainThread] [cli_server/cli_server.py:106]: Log pipe server started
2026-08-23 00:26:19,264 [INFO] [MainThread] [root/service.py:52]: AudioOutputService starting...
2026-08-23 00:26:19,330 [INFO] [SystrayHook] [systray_hook/systray_hook.py:193]: Injecting into Explorer (PID: 1464)
2026-08-23 00:26:19,386 [INFO] [MainThread] [root/bar_manager.py:103]: Starting SystemEventListener...
2026-08-23 00:26:19,388 [INFO] [MainThread] [root/watcher.py:65]: Watching directory: c:\users\felipe\.config\yasb
2026-08-23 00:26:19,388 [INFO] [MainThread] [root/watcher.py:104]: Created file watcher
2026-08-23 00:26:19,409 [INFO] [MainThread] [root/update_service.py:434]: Background update checker started
2026-08-23 00:28:53,015 [INFO] [MainThread] [root/controller.py:21]: Reloading Application because of config change.
2026-08-23 00:28:53,120 [INFO] [MainThread] [cli_server/cli_server.py:114]: Log pipe server stopped
2026-08-23 00:28:53,128 [INFO] [MainThread] [root/bar_manager.py:93]: Successfully loaded updated config and re-initialised all bars.
2026-08-23 00:28:53,151 [INFO] [MainThread] [root/bar_manager.py:119]: Stopping SystemEventListener...
2026-08-23 00:28:53,633 [INFO] [MainThread] [root/log.py:104]: YASB v2.0.6
2026-08-23 00:28:53,634 [INFO] [CLIPipeServer] [cli_server/cli_server.py:216]: CLI server started v1.1.7
2026-08-23 00:28:53,634 [INFO] [MainThread] [cli_server/cli_server.py:106]: Log pipe server started
2026-08-23 00:28:54,062 [INFO] [MainThread] [root/service.py:52]: AudioOutputService starting...
2026-08-23 00:28:54,124 [INFO] [SystrayHook] [systray_hook/systray_hook.py:193]: Injecting into Explorer (PID: 1464)
2026-08-23 00:28:54,181 [INFO] [MainThread] [root/bar_manager.py:103]: Starting SystemEventListener...
2026-08-23 00:28:54,184 [INFO] [MainThread] [root/watcher.py:65]: Watching directory: c:\users\felipe\.config\yasb
2026-08-23 00:28:54,184 [INFO] [MainThread] [root/watcher.py:104]: Created file watcher
2026-08-23 00:28:54,202 [INFO] [MainThread] [root/update_service.py:434]: Background update checker started
2026-08-23 00:35:12,355 [INFO] [MainThread] [root/controller.py:21]: Reloading Application because of config change.
2026-08-23 00:35:12,469 [INFO] [MainThread] [cli_server/cli_server.py:114]: Log pipe server stopped
2026-08-23 00:35:12,476 [INFO] [MainThread] [root/bar_manager.py:93]: Successfully loaded updated config and re-initialised all bars.
2026-08-23 00:35:12,499 [INFO] [MainThread] [root/bar_manager.py:119]: Stopping SystemEventListener...
2026-08-23 00:35:12,975 [INFO] [MainThread] [root/log.py:104]: YASB v2.0.6
2026-08-23 00:35:12,975 [INFO] [CLIPipeServer] [cli_server/cli_server.py:216]: CLI server started v1.1.7
2026-08-23 00:35:12,976 [INFO] [MainThread] [cli_server/cli_server.py:106]: Log pipe server started
2026-08-23 00:35:13,395 [INFO] [MainThread] [root/service.py:52]: AudioOutputService starting...
2026-08-23 00:35:13,510 [INFO] [SystrayHook] [systray_hook/systray_hook.py:193]: Injecting into Explorer (PID: 1464)
2026-08-23 00:35:13,512 [INFO] [MainThread] [root/bar_manager.py:103]: Starting SystemEventListener...
2026-08-23 00:35:13,514 [INFO] [MainThread] [root/watcher.py:65]: Watching directory: c:\users\felipe\.config\yasb
2026-08-23 00:35:13,514 [INFO] [MainThread] [root/watcher.py:104]: Created file watcher
2026-08-23 00:35:13,534 [INFO] [MainThread] [root/update_service.py:434]: Background update checker started
2026-08-23 00:37:50,047 [INFO] [MainThread] [root/controller.py:21]: Reloading Application because of config change.
2026-08-23 00:37:50,162 [INFO] [MainThread] [cli_server/cli_server.py:114]: Log pipe server stopped
2026-08-23 00:37:50,169 [INFO] [MainThread] [root/bar_manager.py:93]: Successfully loaded updated config and re-initialised all bars.
2026-08-23 00:37:50,192 [INFO] [MainThread] [root/bar_manager.py:119]: Stopping SystemEventListener...
2026-08-23 00:37:50,675 [INFO] [MainThread] [root/log.py:104]: YASB v2.0.6
2026-08-23 00:37:50,676 [INFO] [CLIPipeServer] [cli_server/cli_server.py:216]: CLI server started v1.1.7
2026-08-23 00:37:50,676 [INFO] [MainThread] [cli_server/cli_server.py:106]: Log pipe server started
2026-08-23 00:37:51,161 [INFO] [MainThread] [root/service.py:52]: AudioOutputService starting...
2026-08-23 00:37:51,225 [INFO] [SystrayHook] [systray_hook/systray_hook.py:193]: Injecting into Explorer (PID: 1464)
2026-08-23 00:37:51,281 [INFO] [MainThread] [root/bar_manager.py:103]: Starting SystemEventListener...
2026-08-23 00:37:51,283 [INFO] [MainThread] [root/watcher.py:65]: Watching directory: c:\users\felipe\.config\yasb
2026-08-23 00:37:51,283 [INFO] [MainThread] [root/watcher.py:104]: Created file watcher
2026-08-23 00:37:51,302 [INFO] [MainThread] [root/update_service.py:434]: Background update checker started
2026-08-23 00:38:07,788 [INFO] [MainThread] [root/controller.py:21]: Reloading Application because of config change.
2026-08-23 00:38:07,903 [INFO] [MainThread] [cli_server/cli_server.py:114]: Log pipe server stopped
2026-08-23 00:38:07,910 [INFO] [MainThread] [root/bar_manager.py:93]: Successfully loaded updated config and re-initialised all bars.
2026-08-23 00:38:07,934 [INFO] [MainThread] [root/bar_manager.py:119]: Stopping SystemEventListener...
2026-08-23 00:38:08,447 [INFO] [MainThread] [root/log.py:104]: YASB v2.0.6
2026-08-23 00:38:08,448 [INFO] [CLIPipeServer] [cli_server/cli_server.py:216]: CLI server started v1.1.7
2026-08-23 00:38:08,448 [INFO] [MainThread] [cli_server/cli_server.py:106]: Log pipe server started
2026-08-23 00:38:08,914 [INFO] [MainThread] [root/service.py:52]: AudioOutputService starting...
2026-08-23 00:38:08,979 [INFO] [SystrayHook] [systray_hook/systray_hook.py:193]: Injecting into Explorer (PID: 1464)
2026-08-23 00:38:09,036 [INFO] [MainThread] [root/bar_manager.py:103]: Starting SystemEventListener...
2026-08-23 00:38:09,039 [INFO] [MainThread] [root/watcher.py:65]: Watching directory: c:\users\felipe\.config\yasb
2026-08-23 00:38:09,039 [INFO] [MainThread] [root/watcher.py:104]: Created file watcher
2026-08-23 00:38:09,057 [INFO] [MainThread] [root/update_service.py:434]: Background update checker started
2026-08-23 00:46:12,987 [INFO] [MainThread] [root/controller.py:43]: Exiting Application from context menu...
2026-08-23 00:46:13,089 [INFO] [MainThread] [cli_server/cli_server.py:114]: Log pipe server stopped
2026-08-23 00:46:13,118 [INFO] [MainThread] [root/bar_manager.py:119]: Stopping SystemEventListener...
2026-08-23 00:46:53,053 [INFO] [MainThread] [root/log.py:104]: YASB v2.0.6
2026-08-23 00:46:53,053 [INFO] [CLIPipeServer] [cli_server/cli_server.py:216]: CLI server started v1.1.7
2026-08-23 00:46:53,054 [INFO] [MainThread] [cli_server/cli_server.py:106]: Log pipe server started
2026-08-23 00:46:53,462 [INFO] [MainThread] [root/service.py:52]: AudioOutputService starting...
2026-08-23 00:46:53,524 [INFO] [SystrayHook] [systray_hook/systray_hook.py:193]: Injecting into Explorer (PID: 1464)
2026-08-23 00:46:53,569 [INFO] [MainThread] [root/bar_manager.py:103]: Starting SystemEventListener...
2026-08-23 00:46:53,571 [INFO] [MainThread] [root/watcher.py:65]: Watching directory: c:\users\felipe\.config\yasb
2026-08-23 00:46:53,571 [INFO] [MainThread] [root/watcher.py:104]: Created file watcher
2026-08-23 00:46:53,587 [INFO] [MainThread] [root/update_service.py:434]: Background update checker started
2026-08-23 01:30:57,178 [INFO] [MainThread] [root/controller.py:21]: Reloading Application because of config change.
2026-08-23 01:30:57,286 [INFO] [MainThread] [cli_server/cli_server.py:114]: Log pipe server stopped
2026-08-23 01:30:57,294 [INFO] [MainThread] [root/bar_manager.py:93]: Successfully loaded updated config and re-initialised all bars.
2026-08-23 01:30:57,323 [INFO] [MainThread] [root/bar_manager.py:119]: Stopping SystemEventListener...
2026-08-23 01:30:57,826 [INFO] [MainThread] [root/log.py:104]: YASB v2.0.6
2026-08-23 01:30:57,826 [INFO] [CLIPipeServer] [cli_server/cli_server.py:216]: CLI server started v1.1.7
2026-08-23 01:30:57,826 [INFO] [MainThread] [cli_server/cli_server.py:106]: Log pipe server started
2026-08-23 01:30:58,312 [INFO] [MainThread] [root/service.py:52]: AudioOutputService starting...
2026-08-23 01:30:58,464 [INFO] [MainThread] [root/bar_manager.py:103]: Starting SystemEventListener...
2026-08-23 01:30:58,465 [ERROR] [MainThread] [root/widget_builder.py:114]: Failed to validate widget(s) due to invalid options  - active_window
      label_no_window:
      - Input should be a valid string
      
2026-08-23 01:30:58,466 [INFO] [SystrayHook] [systray_hook/systray_hook.py:193]: Injecting into Explorer (PID: 1464)
2026-08-23 01:30:58,485 [INFO] [MainThread] [root/watcher.py:65]: Watching directory: c:\users\felipe\.config\yasb
2026-08-23 01:30:58,485 [INFO] [MainThread] [root/watcher.py:104]: Created file watcher
2026-08-23 01:30:58,504 [INFO] [MainThread] [root/update_service.py:434]: Background update checker started
2026-08-23 01:31:05,366 [INFO] [MainThread] [root/controller.py:21]: Reloading Application because of config change.
2026-08-23 01:31:05,471 [INFO] [MainThread] [cli_server/cli_server.py:114]: Log pipe server stopped
2026-08-23 01:31:05,478 [INFO] [MainThread] [root/bar_manager.py:93]: Successfully loaded updated config and re-initialised all bars.
2026-08-23 01:31:05,503 [INFO] [MainThread] [root/bar_manager.py:119]: Stopping SystemEventListener...
2026-08-23 01:31:06,007 [INFO] [MainThread] [root/log.py:104]: YASB v2.0.6
2026-08-23 01:31:06,008 [INFO] [CLIPipeServer] [cli_server/cli_server.py:216]: CLI server started v1.1.7
2026-08-23 01:31:06,008 [INFO] [MainThread] [cli_server/cli_server.py:106]: Log pipe server started
2026-08-23 01:31:06,480 [INFO] [MainThread] [root/service.py:52]: AudioOutputService starting...
2026-08-23 01:31:06,553 [INFO] [SystrayHook] [systray_hook/systray_hook.py:193]: Injecting into Explorer (PID: 1464)
2026-08-23 01:31:06,607 [INFO] [MainThread] [root/bar_manager.py:103]: Starting SystemEventListener...
2026-08-23 01:31:06,610 [INFO] [MainThread] [root/watcher.py:65]: Watching directory: c:\users\felipe\.config\yasb
2026-08-23 01:31:06,610 [INFO] [MainThread] [root/watcher.py:104]: Created file watcher
2026-08-23 01:31:06,639 [INFO] [MainThread] [root/update_service.py:434]: Background update checker started
2026-08-23 01:31:44,824 [INFO] [MainThread] [root/controller.py:21]: Reloading Application because of config change.
2026-08-23 01:31:44,935 [INFO] [MainThread] [cli_server/cli_server.py:114]: Log pipe server stopped
2026-08-23 01:31:44,942 [INFO] [MainThread] [root/bar_manager.py:93]: Successfully loaded updated config and re-initialised all bars.
2026-08-23 01:31:44,966 [INFO] [MainThread] [root/bar_manager.py:119]: Stopping SystemEventListener...
2026-08-23 01:31:45,459 [INFO] [MainThread] [root/log.py:104]: YASB v2.0.6
2026-08-23 01:31:45,459 [INFO] [CLIPipeServer] [cli_server/cli_server.py:216]: CLI server started v1.1.7
2026-08-23 01:31:45,460 [INFO] [MainThread] [cli_server/cli_server.py:106]: Log pipe server started
2026-08-23 01:31:45,952 [INFO] [MainThread] [root/service.py:52]: AudioOutputService starting...
2026-08-23 01:31:46,022 [INFO] [SystrayHook] [systray_hook/systray_hook.py:193]: Injecting into Explorer (PID: 1464)
2026-08-23 01:31:46,081 [INFO] [MainThread] [root/bar_manager.py:103]: Starting SystemEventListener...
2026-08-23 01:31:46,083 [INFO] [MainThread] [root/watcher.py:65]: Watching directory: c:\users\felipe\.config\yasb
2026-08-23 01:31:46,084 [INFO] [MainThread] [root/watcher.py:104]: Created file watcher
2026-08-23 01:31:46,105 [INFO] [MainThread] [root/update_service.py:434]: Background update checker started
2026-08-23 01:31:57,163 [INFO] [MainThread] [root/controller.py:21]: Reloading Application because of config change.
2026-08-23 01:31:57,276 [INFO] [MainThread] [cli_server/cli_server.py:114]: Log pipe server stopped
2026-08-23 01:31:57,283 [INFO] [MainThread] [root/bar_manager.py:93]: Successfully loaded updated config and re-initialised all bars.
2026-08-23 01:31:57,307 [INFO] [MainThread] [root/bar_manager.py:119]: Stopping SystemEventListener...
2026-08-23 01:31:57,797 [INFO] [MainThread] [root/log.py:104]: YASB v2.0.6
2026-08-23 01:31:57,797 [INFO] [CLIPipeServer] [cli_server/cli_server.py:216]: CLI server started v1.1.7
2026-08-23 01:31:57,798 [INFO] [MainThread] [cli_server/cli_server.py:106]: Log pipe server started
2026-08-23 01:31:58,258 [INFO] [MainThread] [root/service.py:52]: AudioOutputService starting...
2026-08-23 01:31:58,328 [INFO] [SystrayHook] [systray_hook/systray_hook.py:193]: Injecting into Explorer (PID: 1464)
2026-08-23 01:31:58,386 [INFO] [MainThread] [root/bar_manager.py:103]: Starting SystemEventListener...
2026-08-23 01:31:58,388 [INFO] [MainThread] [root/watcher.py:65]: Watching directory: c:\users\felipe\.config\yasb
2026-08-23 01:31:58,389 [INFO] [MainThread] [root/watcher.py:104]: Created file watcher
2026-08-23 01:31:58,410 [INFO] [MainThread] [root/update_service.py:434]: Background update checker started
2026-08-23 01:32:30,587 [INFO] [MainThread] [root/controller.py:21]: Reloading Application because of config change.
2026-08-23 01:32:30,696 [INFO] [MainThread] [cli_server/cli_server.py:114]: Log pipe server stopped
2026-08-23 01:32:30,703 [INFO] [MainThread] [root/bar_manager.py:93]: Successfully loaded updated config and re-initialised all bars.
2026-08-23 01:32:30,726 [INFO] [MainThread] [root/bar_manager.py:119]: Stopping SystemEventListener...
2026-08-23 01:32:31,229 [INFO] [MainThread] [root/log.py:104]: YASB v2.0.6
2026-08-23 01:32:31,230 [INFO] [CLIPipeServer] [cli_server/cli_server.py:216]: CLI server started v1.1.7
2026-08-23 01:32:31,230 [INFO] [MainThread] [cli_server/cli_server.py:106]: Log pipe server started
2026-08-23 01:32:31,688 [INFO] [MainThread] [root/service.py:52]: AudioOutputService starting...
2026-08-23 01:32:31,760 [INFO] [SystrayHook] [systray_hook/systray_hook.py:193]: Injecting into Explorer (PID: 1464)
2026-08-23 01:32:31,818 [INFO] [MainThread] [root/bar_manager.py:103]: Starting SystemEventListener...
2026-08-23 01:32:31,821 [INFO] [MainThread] [root/watcher.py:65]: Watching directory: c:\users\felipe\.config\yasb
2026-08-23 01:32:31,821 [INFO] [MainThread] [root/watcher.py:104]: Created file watcher
2026-08-23 01:32:31,841 [INFO] [MainThread] [root/update_service.py:434]: Background update checker started
2026-08-23 01:33:16,927 [INFO] [MainThread] [root/controller.py:21]: Reloading Application because of config change.
2026-08-23 01:33:17,031 [INFO] [MainThread] [cli_server/cli_server.py:114]: Log pipe server stopped
2026-08-23 01:33:17,039 [INFO] [MainThread] [root/bar_manager.py:93]: Successfully loaded updated config and re-initialised all bars.
2026-08-23 01:33:17,064 [INFO] [MainThread] [root/bar_manager.py:119]: Stopping SystemEventListener...
2026-08-23 01:33:17,570 [INFO] [MainThread] [root/log.py:104]: YASB v2.0.6
2026-08-23 01:33:17,570 [INFO] [CLIPipeServer] [cli_server/cli_server.py:216]: CLI server started v1.1.7
2026-08-23 01:33:17,570 [INFO] [MainThread] [cli_server/cli_server.py:106]: Log pipe server started
2026-08-23 01:33:18,025 [INFO] [MainThread] [root/service.py:52]: AudioOutputService starting...
2026-08-23 01:33:18,096 [INFO] [SystrayHook] [systray_hook/systray_hook.py:193]: Injecting into Explorer (PID: 1464)
2026-08-23 01:33:18,155 [INFO] [MainThread] [root/bar_manager.py:103]: Starting SystemEventListener...
2026-08-23 01:33:18,158 [INFO] [MainThread] [root/watcher.py:65]: Watching directory: c:\users\felipe\.config\yasb
2026-08-23 01:33:18,158 [INFO] [MainThread] [root/watcher.py:104]: Created file watcher
2026-08-23 01:33:18,180 [INFO] [MainThread] [root/update_service.py:434]: Background update checker started
2026-08-23 01:36:00,322 [INFO] [MainThread] [root/controller.py:21]: Reloading Application because of config change.
2026-08-23 01:36:00,434 [INFO] [MainThread] [cli_server/cli_server.py:114]: Log pipe server stopped
2026-08-23 01:36:00,441 [INFO] [MainThread] [root/bar_manager.py:93]: Successfully loaded updated config and re-initialised all bars.
2026-08-23 01:36:00,466 [INFO] [MainThread] [root/bar_manager.py:119]: Stopping SystemEventListener...
2026-08-23 01:36:00,929 [INFO] [MainThread] [root/log.py:104]: YASB v2.0.6
2026-08-23 01:36:00,930 [INFO] [CLIPipeServer] [cli_server/cli_server.py:216]: CLI server started v1.1.7
2026-08-23 01:36:00,930 [INFO] [MainThread] [cli_server/cli_server.py:106]: Log pipe server started
2026-08-23 01:36:01,367 [INFO] [MainThread] [root/service.py:52]: AudioOutputService starting...
2026-08-23 01:36:01,437 [INFO] [SystrayHook] [systray_hook/systray_hook.py:193]: Injecting into Explorer (PID: 1464)
2026-08-23 01:36:01,491 [INFO] [MainThread] [root/bar_manager.py:103]: Starting SystemEventListener...
2026-08-23 01:36:01,493 [INFO] [MainThread] [root/watcher.py:65]: Watching directory: c:\users\felipe\.config\yasb
2026-08-23 01:36:01,493 [INFO] [MainThread] [root/watcher.py:104]: Created file watcher
2026-08-23 01:36:01,516 [INFO] [MainThread] [root/update_service.py:434]: Background update checker started
2026-08-23 01:39:19,913 [INFO] [MainThread] [root/controller.py:21]: Reloading Application because of config change.
2026-08-23 01:39:20,028 [INFO] [MainThread] [cli_server/cli_server.py:114]: Log pipe server stopped
2026-08-23 01:39:20,035 [INFO] [MainThread] [root/bar_manager.py:93]: Successfully loaded updated config and re-initialised all bars.
2026-08-23 01:39:20,058 [INFO] [MainThread] [root/bar_manager.py:119]: Stopping SystemEventListener...
2026-08-23 01:39:20,543 [INFO] [MainThread] [root/log.py:104]: YASB v2.0.6
2026-08-23 01:39:20,544 [INFO] [CLIPipeServer] [cli_server/cli_server.py:216]: CLI server started v1.1.7
2026-08-23 01:39:20,544 [INFO] [MainThread] [cli_server/cli_server.py:106]: Log pipe server started
2026-08-23 01:39:21,017 [INFO] [MainThread] [root/service.py:52]: AudioOutputService starting...
2026-08-23 01:39:21,084 [INFO] [SystrayHook] [systray_hook/systray_hook.py:193]: Injecting into Explorer (PID: 1464)
2026-08-23 01:39:21,169 [INFO] [MainThread] [root/bar_manager.py:103]: Starting SystemEventListener...
2026-08-23 01:39:21,171 [INFO] [MainThread] [root/watcher.py:65]: Watching directory: c:\users\felipe\.config\yasb
2026-08-23 01:39:21,171 [INFO] [MainThread] [root/watcher.py:104]: Created file watcher
2026-08-23 01:39:21,190 [INFO] [MainThread] [root/update_service.py:434]: Background update checker started
2026-08-23 01:39:25,187 [INFO] [MainThread] [root/controller.py:21]: Reloading Application because of config change.
2026-08-23 01:39:25,297 [INFO] [MainThread] [cli_server/cli_server.py:114]: Log pipe server stopped
2026-08-23 01:39:25,304 [INFO] [MainThread] [root/bar_manager.py:93]: Successfully loaded updated config and re-initialised all bars.
2026-08-23 01:39:25,327 [INFO] [MainThread] [root/bar_manager.py:119]: Stopping SystemEventListener...
2026-08-23 01:39:25,836 [INFO] [MainThread] [root/log.py:104]: YASB v2.0.6
2026-08-23 01:39:25,836 [INFO] [CLIPipeServer] [cli_server/cli_server.py:216]: CLI server started v1.1.7
2026-08-23 01:39:25,837 [INFO] [MainThread] [cli_server/cli_server.py:106]: Log pipe server started
2026-08-23 01:39:26,289 [INFO] [MainThread] [root/service.py:52]: AudioOutputService starting...
2026-08-23 01:39:26,356 [INFO] [SystrayHook] [systray_hook/systray_hook.py:193]: Injecting into Explorer (PID: 1464)
2026-08-23 01:39:26,431 [INFO] [MainThread] [root/bar_manager.py:103]: Starting SystemEventListener...
2026-08-23 01:39:26,433 [INFO] [MainThread] [root/watcher.py:65]: Watching directory: c:\users\felipe\.config\yasb
2026-08-23 01:39:26,433 [INFO] [MainThread] [root/watcher.py:104]: Created file watcher
2026-08-23 01:39:26,448 [INFO] [MainThread] [root/update_service.py:434]: Background update checker started
2026-08-23 01:39:41,298 [INFO] [MainThread] [root/controller.py:21]: Reloading Application because of config change.
2026-08-23 01:39:41,404 [INFO] [MainThread] [cli_server/cli_server.py:114]: Log pipe server stopped
2026-08-23 01:39:41,411 [INFO] [MainThread] [root/bar_manager.py:93]: Successfully loaded updated config and re-initialised all bars.
2026-08-23 01:39:41,435 [INFO] [MainThread] [root/bar_manager.py:119]: Stopping SystemEventListener...
2026-08-23 01:39:41,915 [INFO] [MainThread] [root/log.py:104]: YASB v2.0.6
2026-08-23 01:39:41,916 [INFO] [CLIPipeServer] [cli_server/cli_server.py:216]: CLI server started v1.1.7
2026-08-23 01:39:41,916 [INFO] [MainThread] [cli_server/cli_server.py:106]: Log pipe server started
2026-08-23 01:39:42,375 [INFO] [MainThread] [root/service.py:52]: AudioOutputService starting...
2026-08-23 01:39:42,453 [INFO] [SystrayHook] [systray_hook/systray_hook.py:193]: Injecting into Explorer (PID: 1464)
2026-08-23 01:39:42,523 [INFO] [MainThread] [root/bar_manager.py:103]: Starting SystemEventListener...
2026-08-23 01:39:42,525 [INFO] [MainThread] [root/watcher.py:65]: Watching directory: c:\users\felipe\.config\yasb
2026-08-23 01:39:42,525 [INFO] [MainThread] [root/watcher.py:104]: Created file watcher
2026-08-23 01:39:42,541 [INFO] [MainThread] [root/update_service.py:434]: Background update checker started
2026-08-23 01:41:35,844 [INFO] [MainThread] [root/controller.py:21]: Reloading Application because of config change.
2026-08-23 01:41:35,953 [INFO] [MainThread] [cli_server/cli_server.py:114]: Log pipe server stopped
2026-08-23 01:41:35,960 [INFO] [MainThread] [root/bar_manager.py:93]: Successfully loaded updated config and re-initialised all bars.
2026-08-23 01:41:35,981 [INFO] [MainThread] [root/bar_manager.py:119]: Stopping SystemEventListener...
2026-08-23 01:41:36,423 [INFO] [MainThread] [root/log.py:104]: YASB v2.0.6
2026-08-23 01:41:36,424 [INFO] [CLIPipeServer] [cli_server/cli_server.py:216]: CLI server started v1.1.7
2026-08-23 01:41:36,424 [INFO] [MainThread] [cli_server/cli_server.py:106]: Log pipe server started
2026-08-23 01:41:36,866 [INFO] [MainThread] [root/service.py:52]: AudioOutputService starting...
2026-08-23 01:41:36,984 [INFO] [MainThread] [root/bar_manager.py:103]: Starting SystemEventListener...
2026-08-23 01:41:36,985 [INFO] [SystrayHook] [systray_hook/systray_hook.py:193]: Injecting into Explorer (PID: 1464)
2026-08-23 01:41:36,995 [INFO] [MainThread] [root/watcher.py:65]: Watching directory: c:\users\felipe\.config\yasb
2026-08-23 01:41:36,996 [INFO] [MainThread] [root/watcher.py:104]: Created file watcher
2026-08-23 01:41:37,013 [INFO] [MainThread] [root/update_service.py:434]: Background update checker started
2026-08-23 02:19:40,450 [INFO] [MainThread] [root/bar_manager.py:119]: Stopping SystemEventListener...
2026-08-23 10:46:44,678 [INFO] [MainThread] [root/log.py:104]: YASB v2.0.6
2026-08-23 10:46:44,679 [INFO] [CLIPipeServer] [cli_server/cli_server.py:216]: CLI server started v1.1.7
2026-08-23 10:46:44,679 [INFO] [MainThread] [cli_server/cli_server.py:106]: Log pipe server started
2026-08-23 10:46:45,674 [INFO] [SystrayHook] [systray_hook/systray_hook.py:193]: Injecting into Explorer (PID: 2956)
2026-08-23 10:46:45,844 [INFO] [MainThread] [root/service.py:52]: AudioOutputService starting...
2026-08-23 10:46:46,030 [INFO] [MainThread] [root/bar_manager.py:103]: Starting SystemEventListener...
2026-08-23 10:46:46,033 [INFO] [MainThread] [root/watcher.py:65]: Watching directory: c:\users\felipe\.config\yasb
2026-08-23 10:46:46,033 [INFO] [MainThread] [root/watcher.py:104]: Created file watcher
2026-08-23 10:46:46,060 [INFO] [MainThread] [root/update_service.py:434]: Background update checker started
2026-08-23 11:03:30,272 [INFO] [MainThread] [root/controller.py:21]: Reloading Bar from context menu...
2026-08-23 11:03:30,375 [INFO] [MainThread] [cli_server/cli_server.py:114]: Log pipe server stopped
2026-08-23 11:03:30,456 [INFO] [MainThread] [root/bar_manager.py:119]: Stopping SystemEventListener...
2026-08-23 11:03:31,751 [INFO] [MainThread] [root/log.py:104]: YASB v2.0.6
2026-08-23 11:03:31,752 [INFO] [CLIPipeServer] [cli_server/cli_server.py:216]: CLI server started v1.1.7
2026-08-23 11:03:31,752 [INFO] [MainThread] [cli_server/cli_server.py:106]: Log pipe server started
2026-08-23 11:03:32,360 [INFO] [SystrayHook] [systray_hook/systray_hook.py:193]: Injecting into Explorer (PID: 2956)
2026-08-23 11:03:32,511 [INFO] [MainThread] [root/service.py:52]: AudioOutputService starting...
2026-08-23 11:03:32,637 [INFO] [MainThread] [root/bar_manager.py:103]: Starting SystemEventListener...
2026-08-23 11:03:32,638 [INFO] [MainThread] [root/watcher.py:65]: Watching directory: c:\users\felipe\.config\yasb
2026-08-23 11:03:32,639 [INFO] [MainThread] [root/watcher.py:104]: Created file watcher
2026-08-23 11:03:32,657 [INFO] [MainThread] [root/update_service.py:434]: Background update checker started
2026-08-23 11:05:03,748 [INFO] [MainThread] [root/controller.py:21]: Reloading Application because of config change.
2026-08-23 11:05:03,860 [INFO] [MainThread] [cli_server/cli_server.py:114]: Log pipe server stopped
2026-08-23 11:05:03,866 [INFO] [MainThread] [root/bar_manager.py:93]: Successfully loaded updated config and re-initialised all bars.
2026-08-23 11:05:03,888 [INFO] [MainThread] [root/bar_manager.py:119]: Stopping SystemEventListener...
2026-08-23 11:05:04,355 [INFO] [MainThread] [root/log.py:104]: YASB v2.0.6
2026-08-23 11:05:04,355 [INFO] [CLIPipeServer] [cli_server/cli_server.py:216]: CLI server started v1.1.7
2026-08-23 11:05:04,356 [INFO] [MainThread] [cli_server/cli_server.py:106]: Log pipe server started
2026-08-23 11:05:04,808 [INFO] [MainThread] [root/service.py:52]: AudioOutputService starting...
2026-08-23 11:05:04,860 [INFO] [SystrayHook] [systray_hook/systray_hook.py:193]: Injecting into Explorer (PID: 2956)
2026-08-23 11:05:04,927 [INFO] [MainThread] [root/bar_manager.py:103]: Starting WindowsNotificationEventListener...
2026-08-23 11:05:04,927 [INFO] [MainThread] [root/bar_manager.py:103]: Starting SystemEventListener...
2026-08-23 11:05:04,931 [INFO] [MainThread] [root/watcher.py:65]: Watching directory: c:\users\felipe\.config\yasb
2026-08-23 11:05:04,931 [INFO] [MainThread] [root/watcher.py:104]: Created file watcher
2026-08-23 11:05:04,990 [INFO] [MainThread] [root/update_service.py:434]: Background update checker started
2026-08-23 11:05:04,990 [INFO] [Dummy-8] [root/windows_notification.py:161]: Notification service started (WNF_SHEL_NOTIFICATION_TOTAL)
2026-08-23 11:07:31,393 [INFO] [MainThread] [root/controller.py:21]: Reloading Application because of config change.
2026-08-23 11:07:31,495 [INFO] [MainThread] [cli_server/cli_server.py:114]: Log pipe server stopped
2026-08-23 11:07:31,502 [INFO] [MainThread] [root/bar_manager.py:93]: Successfully loaded updated config and re-initialised all bars.
2026-08-23 11:07:31,526 [INFO] [MainThread] [root/bar_manager.py:119]: Stopping WindowsNotificationEventListener...
2026-08-23 11:07:31,527 [INFO] [Dummy-8] [root/windows_notification.py:97]: Notification service stopped
2026-08-23 11:07:31,529 [INFO] [MainThread] [root/bar_manager.py:119]: Stopping SystemEventListener...
2026-08-23 11:07:31,985 [INFO] [MainThread] [root/log.py:104]: YASB v2.0.6
2026-08-23 11:07:31,986 [INFO] [CLIPipeServer] [cli_server/cli_server.py:216]: CLI server started v1.1.7
2026-08-23 11:07:31,986 [INFO] [MainThread] [cli_server/cli_server.py:106]: Log pipe server started
2026-08-23 11:07:32,423 [INFO] [MainThread] [root/service.py:52]: AudioOutputService starting...
2026-08-23 11:07:32,483 [INFO] [SystrayHook] [systray_hook/systray_hook.py:193]: Injecting into Explorer (PID: 2956)
2026-08-23 11:07:32,547 [INFO] [MainThread] [root/bar_manager.py:103]: Starting SystemEventListener...
2026-08-23 11:07:32,547 [INFO] [MainThread] [root/bar_manager.py:103]: Starting WindowsNotificationEventListener...
2026-08-23 11:07:32,549 [INFO] [MainThread] [root/watcher.py:65]: Watching directory: c:\users\felipe\.config\yasb
2026-08-23 11:07:32,550 [INFO] [MainThread] [root/watcher.py:104]: Created file watcher
2026-08-23 11:07:32,571 [INFO] [MainThread] [root/update_service.py:434]: Background update checker started
2026-08-23 11:07:32,572 [INFO] [Dummy-8] [root/windows_notification.py:161]: Notification service started (WNF_SHEL_NOTIFICATION_TOTAL)
2026-08-23 11:19:51,588 [INFO] [MainThread] [root/controller.py:21]: Reloading Application because of config change.
2026-08-23 11:19:51,699 [INFO] [MainThread] [cli_server/cli_server.py:114]: Log pipe server stopped
2026-08-23 11:19:51,706 [INFO] [MainThread] [root/bar_manager.py:93]: Successfully loaded updated config and re-initialised all bars.
2026-08-23 11:19:51,729 [INFO] [MainThread] [root/bar_manager.py:119]: Stopping SystemEventListener...
2026-08-23 11:19:51,733 [INFO] [MainThread] [root/bar_manager.py:119]: Stopping WindowsNotificationEventListener...
2026-08-23 11:19:51,733 [INFO] [Dummy-8] [root/windows_notification.py:97]: Notification service stopped
2026-08-23 11:19:52,182 [INFO] [MainThread] [root/log.py:104]: YASB v2.0.6
2026-08-23 11:19:52,182 [INFO] [CLIPipeServer] [cli_server/cli_server.py:216]: CLI server started v1.1.7
2026-08-23 11:19:52,182 [INFO] [MainThread] [cli_server/cli_server.py:106]: Log pipe server started
2026-08-23 11:19:52,610 [INFO] [MainThread] [root/service.py:52]: AudioOutputService starting...
2026-08-23 11:19:52,690 [INFO] [SystrayHook] [systray_hook/systray_hook.py:193]: Injecting into Explorer (PID: 2956)
2026-08-23 11:19:52,766 [INFO] [MainThread] [root/bar_manager.py:103]: Starting SystemEventListener...
2026-08-23 11:19:52,767 [INFO] [MainThread] [root/bar_manager.py:103]: Starting WindowsNotificationEventListener...
2026-08-23 11:19:52,769 [INFO] [MainThread] [root/watcher.py:65]: Watching directory: c:\users\felipe\.config\yasb
2026-08-23 11:19:52,769 [INFO] [MainThread] [root/watcher.py:104]: Created file watcher
2026-08-23 11:19:52,792 [INFO] [MainThread] [root/update_service.py:434]: Background update checker started
2026-08-23 11:19:52,792 [INFO] [Dummy-8] [root/windows_notification.py:161]: Notification service started (WNF_SHEL_NOTIFICATION_TOTAL)
2026-08-23 11:20:02,439 [INFO] [MainThread] [root/controller.py:21]: Reloading Application because of config change.
2026-08-23 11:20:02,544 [INFO] [MainThread] [cli_server/cli_server.py:114]: Log pipe server stopped
2026-08-23 11:20:02,550 [INFO] [MainThread] [root/bar_manager.py:93]: Successfully loaded updated config and re-initialised all bars.
2026-08-23 11:20:02,571 [INFO] [MainThread] [root/bar_manager.py:119]: Stopping SystemEventListener...
2026-08-23 11:20:02,573 [INFO] [MainThread] [root/bar_manager.py:119]: Stopping WindowsNotificationEventListener...
2026-08-23 11:20:02,574 [INFO] [Dummy-8] [root/windows_notification.py:97]: Notification service stopped
2026-08-23 11:20:03,036 [INFO] [MainThread] [root/log.py:104]: YASB v2.0.6
2026-08-23 11:20:03,037 [INFO] [CLIPipeServer] [cli_server/cli_server.py:216]: CLI server started v1.1.7
2026-08-23 11:20:03,037 [INFO] [MainThread] [cli_server/cli_server.py:106]: Log pipe server started
2026-08-23 11:20:03,479 [INFO] [MainThread] [root/service.py:52]: AudioOutputService starting...
2026-08-23 11:20:03,556 [INFO] [SystrayHook] [systray_hook/systray_hook.py:193]: Injecting into Explorer (PID: 2956)
2026-08-23 11:20:03,628 [INFO] [MainThread] [root/bar_manager.py:103]: Starting SystemEventListener...
2026-08-23 11:20:03,628 [INFO] [MainThread] [root/bar_manager.py:103]: Starting WindowsNotificationEventListener...
2026-08-23 11:20:03,631 [INFO] [MainThread] [root/watcher.py:65]: Watching directory: c:\users\felipe\.config\yasb
2026-08-23 11:20:03,631 [INFO] [MainThread] [root/watcher.py:104]: Created file watcher
2026-08-23 11:20:03,654 [INFO] [MainThread] [root/update_service.py:434]: Background update checker started
2026-08-23 11:20:03,654 [INFO] [Dummy-8] [root/windows_notification.py:161]: Notification service started (WNF_SHEL_NOTIFICATION_TOTAL)
2026-08-23 11:20:28,396 [ERROR] [MainThread] [root/config.py:99]: The config file 'C:\Users\Felipe\.config\yasb\config.yaml' contains validation errors. Please fix:
bars:
  primary-bar:
    widgets:
      center:
      - Input should be a valid list

2026-08-23 11:20:33,107 [ERROR] [MainThread] [root/config.py:99]: The config file 'C:\Users\Felipe\.config\yasb\config.yaml' contains validation errors. Please fix:
bars:
  primary-bar:
    widgets:
      center:
      - Input should be a valid list

2026-08-23 11:20:42,788 [ERROR] [MainThread] [root/config.py:99]: The config file 'C:\Users\Felipe\.config\yasb\config.yaml' contains validation errors. Please fix:
bars:
  primary-bar:
    widgets:
      center:
        0:
        - Input should be a valid string
        1:
        - Input should be a valid string

2026-08-23 11:20:53,859 [INFO] [MainThread] [root/controller.py:21]: Reloading Application because of config change.
2026-08-23 11:20:53,965 [INFO] [MainThread] [cli_server/cli_server.py:114]: Log pipe server stopped
2026-08-23 11:20:53,971 [INFO] [MainThread] [root/bar_manager.py:93]: Successfully loaded updated config and re-initialised all bars.
2026-08-23 11:20:53,993 [INFO] [MainThread] [root/bar_manager.py:119]: Stopping SystemEventListener...
2026-08-23 11:20:53,996 [INFO] [MainThread] [root/bar_manager.py:119]: Stopping WindowsNotificationEventListener...
2026-08-23 11:20:53,996 [INFO] [Dummy-8] [root/windows_notification.py:97]: Notification service stopped
2026-08-23 11:20:54,445 [INFO] [MainThread] [root/log.py:104]: YASB v2.0.6
2026-08-23 11:20:54,446 [INFO] [CLIPipeServer] [cli_server/cli_server.py:216]: CLI server started v1.1.7
2026-08-23 11:20:54,446 [INFO] [MainThread] [cli_server/cli_server.py:106]: Log pipe server started
2026-08-23 11:20:54,676 [INFO] [MainThread] [root/service.py:52]: AudioOutputService starting...
2026-08-23 11:20:54,914 [INFO] [SystrayHook] [systray_hook/systray_hook.py:193]: Injecting into Explorer (PID: 2956)
2026-08-23 11:20:55,000 [INFO] [MainThread] [root/bar_manager.py:103]: Starting WindowsNotificationEventListener...
2026-08-23 11:20:55,000 [INFO] [MainThread] [root/bar_manager.py:103]: Starting SystemEventListener...
2026-08-23 11:20:55,002 [INFO] [MainThread] [root/watcher.py:65]: Watching directory: c:\users\felipe\.config\yasb
2026-08-23 11:20:55,003 [INFO] [MainThread] [root/watcher.py:104]: Created file watcher
2026-08-23 11:20:55,024 [INFO] [Dummy-8] [root/windows_notification.py:161]: Notification service started (WNF_SHEL_NOTIFICATION_TOTAL)
2026-08-23 11:20:55,025 [INFO] [MainThread] [root/update_service.py:434]: Background update checker started
2026-08-23 11:21:12,369 [INFO] [MainThread] [root/controller.py:21]: Reloading Application because of config change.
2026-08-23 11:21:12,470 [INFO] [MainThread] [cli_server/cli_server.py:114]: Log pipe server stopped
2026-08-23 11:21:12,477 [INFO] [MainThread] [root/bar_manager.py:93]: Successfully loaded updated config and re-initialised all bars.
2026-08-23 11:21:12,499 [INFO] [MainThread] [root/bar_manager.py:119]: Stopping WindowsNotificationEventListener...
2026-08-23 11:21:12,499 [INFO] [Dummy-8] [root/windows_notification.py:97]: Notification service stopped
2026-08-23 11:21:12,501 [INFO] [MainThread] [root/bar_manager.py:119]: Stopping SystemEventListener...
2026-08-23 11:21:12,950 [INFO] [MainThread] [root/log.py:104]: YASB v2.0.6
2026-08-23 11:21:12,951 [INFO] [CLIPipeServer] [cli_server/cli_server.py:216]: CLI server started v1.1.7
2026-08-23 11:21:12,951 [INFO] [MainThread] [cli_server/cli_server.py:106]: Log pipe server started
2026-08-23 11:21:13,072 [WARNING] [MainThread] [root/widget_builder.py:39]: No widget config could be found for widget '
2026-08-23 11:21:13,162 [INFO] [MainThread] [root/service.py:52]: AudioOutputService starting...
2026-08-23 11:21:13,405 [INFO] [SystrayHook] [systray_hook/systray_hook.py:193]: Injecting into Explorer (PID: 2956)
2026-08-23 11:21:13,485 [INFO] [MainThread] [root/bar_manager.py:103]: Starting SystemEventListener...
2026-08-23 11:21:13,485 [INFO] [MainThread] [root/bar_manager.py:103]: Starting WindowsNotificationEventListener...
2026-08-23 11:21:13,485 [ERROR] [MainThread] [root/widget_builder.py:100]: Failed to add undefined widget(s)  - The widget "" is undefined.
2026-08-23 11:21:13,498 [INFO] [Dummy-6] [root/windows_notification.py:161]: Notification service started (WNF_SHEL_NOTIFICATION_TOTAL)
2026-08-23 11:21:13,505 [INFO] [MainThread] [root/watcher.py:65]: Watching directory: c:\users\felipe\.config\yasb
2026-08-23 11:21:13,505 [INFO] [MainThread] [root/watcher.py:104]: Created file watcher
2026-08-23 11:21:13,523 [INFO] [MainThread] [root/update_service.py:434]: Background update checker started
2026-08-23 11:22:01,621 [INFO] [MainThread] [root/controller.py:21]: Reloading Application because of config change.
2026-08-23 11:22:01,722 [INFO] [MainThread] [cli_server/cli_server.py:114]: Log pipe server stopped
2026-08-23 11:22:01,729 [INFO] [MainThread] [root/bar_manager.py:93]: Successfully loaded updated config and re-initialised all bars.
2026-08-23 11:22:01,752 [INFO] [MainThread] [root/bar_manager.py:119]: Stopping SystemEventListener...
2026-08-23 11:22:01,756 [INFO] [MainThread] [root/bar_manager.py:119]: Stopping WindowsNotificationEventListener...
2026-08-23 11:22:01,756 [INFO] [Dummy-6] [root/windows_notification.py:97]: Notification service stopped
2026-08-23 11:22:02,241 [INFO] [MainThread] [root/log.py:104]: YASB v2.0.6
2026-08-23 11:22:02,241 [INFO] [CLIPipeServer] [cli_server/cli_server.py:216]: CLI server started v1.1.7
2026-08-23 11:22:02,242 [INFO] [MainThread] [cli_server/cli_server.py:106]: Log pipe server started
2026-08-23 11:22:02,697 [INFO] [MainThread] [root/service.py:52]: AudioOutputService starting...
2026-08-23 11:22:02,754 [INFO] [SystrayHook] [systray_hook/systray_hook.py:193]: Injecting into Explorer (PID: 2956)
2026-08-23 11:22:02,827 [INFO] [MainThread] [root/bar_manager.py:103]: Starting WindowsNotificationEventListener...
2026-08-23 11:22:02,828 [INFO] [MainThread] [root/bar_manager.py:103]: Starting SystemEventListener...
2026-08-23 11:22:02,829 [INFO] [MainThread] [root/watcher.py:65]: Watching directory: c:\users\felipe\.config\yasb
2026-08-23 11:22:02,830 [INFO] [MainThread] [root/watcher.py:104]: Created file watcher
2026-08-23 11:22:02,854 [INFO] [MainThread] [root/update_service.py:434]: Background update checker started
2026-08-23 11:22:02,856 [INFO] [Dummy-8] [root/windows_notification.py:161]: Notification service started (WNF_SHEL_NOTIFICATION_TOTAL)
2026-08-23 11:23:10,906 [INFO] [MainThread] [root/controller.py:21]: Reloading Application because of config change.
2026-08-23 11:23:11,020 [INFO] [MainThread] [cli_server/cli_server.py:114]: Log pipe server stopped
2026-08-23 11:23:11,027 [INFO] [MainThread] [root/bar_manager.py:93]: Successfully loaded updated config and re-initialised all bars.
2026-08-23 11:23:11,048 [INFO] [MainThread] [root/bar_manager.py:119]: Stopping WindowsNotificationEventListener...
2026-08-23 11:23:11,049 [INFO] [Dummy-8] [root/windows_notification.py:97]: Notification service stopped
2026-08-23 11:23:11,051 [INFO] [MainThread] [root/bar_manager.py:119]: Stopping SystemEventListener...
2026-08-23 11:23:11,499 [INFO] [MainThread] [root/log.py:104]: YASB v2.0.6
2026-08-23 11:23:11,499 [INFO] [CLIPipeServer] [cli_server/cli_server.py:216]: CLI server started v1.1.7
2026-08-23 11:23:11,499 [INFO] [MainThread] [cli_server/cli_server.py:106]: Log pipe server started
2026-08-23 11:23:12,190 [INFO] [MainThread] [root/service.py:52]: AudioOutputService starting...
2026-08-23 11:23:12,254 [INFO] [SystrayHook] [systray_hook/systray_hook.py:193]: Injecting into Explorer (PID: 2956)
2026-08-23 11:23:12,312 [INFO] [MainThread] [root/bar_manager.py:103]: Starting SystemEventListener...
2026-08-23 11:23:12,313 [INFO] [MainThread] [root/bar_manager.py:103]: Starting WindowsNotificationEventListener...
2026-08-23 11:23:12,319 [INFO] [MainThread] [root/watcher.py:65]: Watching directory: c:\users\felipe\.config\yasb
2026-08-23 11:23:12,320 [INFO] [MainThread] [root/watcher.py:104]: Created file watcher
2026-08-23 11:23:12,346 [INFO] [Dummy-8] [root/windows_notification.py:161]: Notification service started (WNF_SHEL_NOTIFICATION_TOTAL)
2026-08-23 11:23:12,349 [INFO] [MainThread] [root/update_service.py:434]: Background update checker started
2026-08-23 11:27:56,742 [ERROR] [MainThread] [root/config.py:99]: The config file 'C:\Users\Felipe\.config\yasb\config.yaml' contains validation errors. Please fix:
bars:
  primary-bar:
    widgets:
      right:
        0:
        - Input should be a valid string

2026-08-23 11:29:48,863 [INFO] [MainThread] [root/controller.py:21]: Reloading Application because of config change.
2026-08-23 11:29:48,969 [INFO] [MainThread] [cli_server/cli_server.py:114]: Log pipe server stopped
2026-08-23 11:29:48,976 [INFO] [MainThread] [root/bar_manager.py:93]: Successfully loaded updated config and re-initialised all bars.
2026-08-23 11:29:49,001 [INFO] [MainThread] [root/bar_manager.py:119]: Stopping SystemEventListener...
2026-08-23 11:29:49,007 [INFO] [MainThread] [root/bar_manager.py:119]: Stopping WindowsNotificationEventListener...
2026-08-23 11:29:49,008 [INFO] [Dummy-8] [root/windows_notification.py:97]: Notification service stopped
2026-08-23 11:29:49,493 [INFO] [MainThread] [root/log.py:104]: YASB v2.0.6
2026-08-23 11:29:49,494 [INFO] [CLIPipeServer] [cli_server/cli_server.py:216]: CLI server started v1.1.7
2026-08-23 11:29:49,494 [INFO] [MainThread] [cli_server/cli_server.py:106]: Log pipe server started
2026-08-23 11:29:50,018 [INFO] [MainThread] [root/service.py:52]: AudioOutputService starting...
2026-08-23 11:29:50,088 [INFO] [SystrayHook] [systray_hook/systray_hook.py:193]: Injecting into Explorer (PID: 2956)
2026-08-23 11:29:50,194 [INFO] [MainThread] [root/bar_manager.py:103]: Starting WindowsNotificationEventListener...
2026-08-23 11:29:50,195 [INFO] [MainThread] [root/bar_manager.py:103]: Starting SystemEventListener...
2026-08-23 11:29:50,196 [INFO] [MainThread] [root/watcher.py:65]: Watching directory: c:\users\felipe\.config\yasb
2026-08-23 11:29:50,196 [INFO] [MainThread] [root/watcher.py:104]: Created file watcher
2026-08-23 11:29:50,212 [INFO] [MainThread] [root/update_service.py:434]: Background update checker started
2026-08-23 11:29:50,214 [INFO] [Dummy-8] [root/windows_notification.py:161]: Notification service started (WNF_SHEL_NOTIFICATION_TOTAL)
2026-08-23 11:30:15,621 [ERROR] [MainThread] [root/config.py:99]: The config file 'C:\Users\Felipe\.config\yasb\config.yaml' contains validation errors. Please fix:
media:
- Extra inputs are not permitted

2026-08-23 11:30:29,109 [INFO] [MainThread] [root/controller.py:21]: Reloading Application because of config change.
2026-08-23 11:30:29,209 [INFO] [MainThread] [cli_server/cli_server.py:114]: Log pipe server stopped
2026-08-23 11:30:29,217 [INFO] [MainThread] [root/bar_manager.py:93]: Successfully loaded updated config and re-initialised all bars.
2026-08-23 11:30:29,243 [INFO] [MainThread] [root/bar_manager.py:119]: Stopping WindowsNotificationEventListener...
2026-08-23 11:30:29,244 [INFO] [Dummy-8] [root/windows_notification.py:97]: Notification service stopped
2026-08-23 11:30:29,247 [INFO] [MainThread] [root/bar_manager.py:119]: Stopping SystemEventListener...
2026-08-23 11:30:29,784 [INFO] [MainThread] [root/log.py:104]: YASB v2.0.6
2026-08-23 11:30:29,784 [INFO] [CLIPipeServer] [cli_server/cli_server.py:216]: CLI server started v1.1.7
2026-08-23 11:30:29,785 [INFO] [MainThread] [cli_server/cli_server.py:106]: Log pipe server started
2026-08-23 11:30:30,336 [INFO] [MainThread] [root/service.py:52]: AudioOutputService starting...
2026-08-23 11:30:30,409 [INFO] [SystrayHook] [systray_hook/systray_hook.py:193]: Injecting into Explorer (PID: 2956)
2026-08-23 11:30:30,478 [INFO] [MainThread] [root/bar_manager.py:103]: Starting WindowsNotificationEventListener...
2026-08-23 11:30:30,479 [INFO] [MainThread] [root/bar_manager.py:103]: Starting SystemEventListener...
2026-08-23 11:30:30,482 [INFO] [MainThread] [root/watcher.py:65]: Watching directory: c:\users\felipe\.config\yasb
2026-08-23 11:30:30,482 [INFO] [MainThread] [root/watcher.py:104]: Created file watcher
2026-08-23 11:30:30,513 [INFO] [Dummy-8] [root/windows_notification.py:161]: Notification service started (WNF_SHEL_NOTIFICATION_TOTAL)
2026-08-23 11:30:30,516 [INFO] [MainThread] [root/update_service.py:434]: Background update checker started
2026-08-23 11:31:14,814 [INFO] [MainThread] [root/controller.py:21]: Reloading Application because of config change.
2026-08-23 11:31:14,918 [INFO] [MainThread] [cli_server/cli_server.py:114]: Log pipe server stopped
2026-08-23 11:31:14,925 [INFO] [MainThread] [root/bar_manager.py:93]: Successfully loaded updated config and re-initialised all bars.
2026-08-23 11:31:14,948 [INFO] [MainThread] [root/bar_manager.py:119]: Stopping WindowsNotificationEventListener...
2026-08-23 11:31:14,948 [INFO] [Dummy-8] [root/windows_notification.py:97]: Notification service stopped
2026-08-23 11:31:14,952 [INFO] [MainThread] [root/bar_manager.py:119]: Stopping SystemEventListener...
2026-08-23 11:31:15,443 [INFO] [MainThread] [root/log.py:104]: YASB v2.0.6
2026-08-23 11:31:15,444 [INFO] [CLIPipeServer] [cli_server/cli_server.py:216]: CLI server started v1.1.7
2026-08-23 11:31:15,444 [INFO] [MainThread] [cli_server/cli_server.py:106]: Log pipe server started
2026-08-23 11:31:15,944 [INFO] [MainThread] [root/service.py:52]: AudioOutputService starting...
2026-08-23 11:31:16,013 [INFO] [SystrayHook] [systray_hook/systray_hook.py:193]: Injecting into Explorer (PID: 2956)
2026-08-23 11:31:16,078 [INFO] [MainThread] [root/bar_manager.py:103]: Starting WindowsNotificationEventListener...
2026-08-23 11:31:16,079 [INFO] [MainThread] [root/bar_manager.py:103]: Starting SystemEventListener...
2026-08-23 11:31:16,081 [INFO] [MainThread] [root/watcher.py:65]: Watching directory: c:\users\felipe\.config\yasb
2026-08-23 11:31:16,081 [INFO] [MainThread] [root/watcher.py:104]: Created file watcher
2026-08-23 11:31:16,113 [INFO] [MainThread] [root/update_service.py:434]: Background update checker started
2026-08-23 11:31:16,114 [INFO] [Dummy-8] [root/windows_notification.py:161]: Notification service started (WNF_SHEL_NOTIFICATION_TOTAL)
2026-08-23 11:31:25,651 [INFO] [MainThread] [root/controller.py:21]: Reloading Application because of config change.
2026-08-23 11:31:25,758 [INFO] [MainThread] [cli_server/cli_server.py:114]: Log pipe server stopped
2026-08-23 11:31:25,764 [INFO] [MainThread] [root/bar_manager.py:93]: Successfully loaded updated config and re-initialised all bars.
2026-08-23 11:31:25,787 [INFO] [MainThread] [root/bar_manager.py:119]: Stopping WindowsNotificationEventListener...
2026-08-23 11:31:25,787 [INFO] [Dummy-8] [root/windows_notification.py:97]: Notification service stopped
2026-08-23 11:31:25,791 [INFO] [MainThread] [root/bar_manager.py:119]: Stopping SystemEventListener...
2026-08-23 11:31:26,315 [INFO] [MainThread] [root/log.py:104]: YASB v2.0.6
2026-08-23 11:31:26,315 [INFO] [CLIPipeServer] [cli_server/cli_server.py:216]: CLI server started v1.1.7
2026-08-23 11:31:26,315 [INFO] [MainThread] [cli_server/cli_server.py:106]: Log pipe server started
2026-08-23 11:31:26,854 [INFO] [MainThread] [root/service.py:52]: AudioOutputService starting...
2026-08-23 11:31:26,928 [INFO] [SystrayHook] [systray_hook/systray_hook.py:193]: Injecting into Explorer (PID: 2956)
2026-08-23 11:31:27,005 [INFO] [MainThread] [root/bar_manager.py:103]: Starting SystemEventListener...
2026-08-23 11:31:27,006 [INFO] [MainThread] [root/bar_manager.py:103]: Starting WindowsNotificationEventListener...
2026-08-23 11:31:27,008 [INFO] [MainThread] [root/watcher.py:65]: Watching directory: c:\users\felipe\.config\yasb
2026-08-23 11:31:27,009 [INFO] [MainThread] [root/watcher.py:104]: Created file watcher
2026-08-23 11:31:27,046 [INFO] [Dummy-8] [root/windows_notification.py:161]: Notification service started (WNF_SHEL_NOTIFICATION_TOTAL)
2026-08-23 11:31:27,047 [INFO] [MainThread] [root/update_service.py:434]: Background update checker started
2026-08-23 11:32:38,781 [INFO] [MainThread] [root/controller.py:21]: Reloading Application because of config change.
2026-08-23 11:32:38,887 [INFO] [MainThread] [cli_server/cli_server.py:114]: Log pipe server stopped
2026-08-23 11:32:38,894 [INFO] [MainThread] [root/bar_manager.py:93]: Successfully loaded updated config and re-initialised all bars.
2026-08-23 11:32:38,919 [INFO] [MainThread] [root/bar_manager.py:119]: Stopping SystemEventListener...
2026-08-23 11:32:38,925 [INFO] [MainThread] [root/bar_manager.py:119]: Stopping WindowsNotificationEventListener...
2026-08-23 11:32:38,925 [INFO] [Dummy-8] [root/windows_notification.py:97]: Notification service stopped
2026-08-23 11:32:39,437 [INFO] [MainThread] [root/log.py:104]: YASB v2.0.6
2026-08-23 11:32:39,438 [INFO] [CLIPipeServer] [cli_server/cli_server.py:216]: CLI server started v1.1.7
2026-08-23 11:32:39,438 [INFO] [MainThread] [cli_server/cli_server.py:106]: Log pipe server started
2026-08-23 11:32:39,936 [INFO] [MainThread] [root/service.py:52]: AudioOutputService starting...
2026-08-23 11:32:40,003 [INFO] [SystrayHook] [systray_hook/systray_hook.py:193]: Injecting into Explorer (PID: 2956)
2026-08-23 11:32:40,069 [INFO] [MainThread] [root/bar_manager.py:103]: Starting SystemEventListener...
2026-08-23 11:32:40,070 [INFO] [MainThread] [root/bar_manager.py:103]: Starting WindowsNotificationEventListener...
2026-08-23 11:32:40,072 [INFO] [MainThread] [root/watcher.py:65]: Watching directory: c:\users\felipe\.config\yasb
2026-08-23 11:32:40,072 [INFO] [MainThread] [root/watcher.py:104]: Created file watcher
2026-08-23 11:32:40,106 [INFO] [MainThread] [root/update_service.py:434]: Background update checker started
2026-08-23 11:32:40,107 [INFO] [Dummy-8] [root/windows_notification.py:161]: Notification service started (WNF_SHEL_NOTIFICATION_TOTAL)
2026-08-23 11:33:02,582 [INFO] [MainThread] [root/controller.py:21]: Reloading Application because of config change.
2026-08-23 11:33:02,695 [INFO] [MainThread] [cli_server/cli_server.py:114]: Log pipe server stopped
2026-08-23 11:33:02,702 [INFO] [MainThread] [root/bar_manager.py:93]: Successfully loaded updated config and re-initialised all bars.
2026-08-23 11:33:02,727 [INFO] [MainThread] [root/bar_manager.py:119]: Stopping SystemEventListener...
2026-08-23 11:33:02,733 [INFO] [MainThread] [root/bar_manager.py:119]: Stopping WindowsNotificationEventListener...
2026-08-23 11:33:02,733 [INFO] [Dummy-8] [root/windows_notification.py:97]: Notification service stopped
2026-08-23 11:33:03,213 [INFO] [MainThread] [root/log.py:104]: YASB v2.0.6
2026-08-23 11:33:03,213 [INFO] [CLIPipeServer] [cli_server/cli_server.py:216]: CLI server started v1.1.7
2026-08-23 11:33:03,213 [INFO] [MainThread] [cli_server/cli_server.py:106]: Log pipe server started
2026-08-23 11:33:03,748 [INFO] [MainThread] [root/service.py:52]: AudioOutputService starting...
2026-08-23 11:33:03,815 [INFO] [SystrayHook] [systray_hook/systray_hook.py:193]: Injecting into Explorer (PID: 2956)
2026-08-23 11:33:03,882 [INFO] [MainThread] [root/bar_manager.py:103]: Starting WindowsNotificationEventListener...
2026-08-23 11:33:03,882 [INFO] [MainThread] [root/bar_manager.py:103]: Starting SystemEventListener...
2026-08-23 11:33:03,884 [INFO] [MainThread] [root/watcher.py:65]: Watching directory: c:\users\felipe\.config\yasb
2026-08-23 11:33:03,884 [INFO] [MainThread] [root/watcher.py:104]: Created file watcher
2026-08-23 11:33:03,917 [INFO] [MainThread] [root/update_service.py:434]: Background update checker started
2026-08-23 11:33:03,917 [INFO] [Dummy-8] [root/windows_notification.py:161]: Notification service started (WNF_SHEL_NOTIFICATION_TOTAL)
2026-08-23 11:33:09,389 [INFO] [MainThread] [root/controller.py:21]: Reloading Application because of config change.
2026-08-23 11:33:09,503 [INFO] [MainThread] [cli_server/cli_server.py:114]: Log pipe server stopped
2026-08-23 11:33:09,510 [INFO] [MainThread] [root/bar_manager.py:93]: Successfully loaded updated config and re-initialised all bars.
2026-08-23 11:33:09,533 [INFO] [MainThread] [root/bar_manager.py:119]: Stopping WindowsNotificationEventListener...
2026-08-23 11:33:09,533 [INFO] [Dummy-8] [root/windows_notification.py:97]: Notification service stopped
2026-08-23 11:33:09,537 [INFO] [MainThread] [root/bar_manager.py:119]: Stopping SystemEventListener...
2026-08-23 11:33:10,038 [INFO] [MainThread] [root/log.py:104]: YASB v2.0.6
2026-08-23 11:33:10,038 [INFO] [CLIPipeServer] [cli_server/cli_server.py:216]: CLI server started v1.1.7
2026-08-23 11:33:10,039 [INFO] [MainThread] [cli_server/cli_server.py:106]: Log pipe server started
2026-08-23 11:33:10,542 [INFO] [MainThread] [root/service.py:52]: AudioOutputService starting...
2026-08-23 11:33:10,609 [INFO] [SystrayHook] [systray_hook/systray_hook.py:193]: Injecting into Explorer (PID: 2956)
2026-08-23 11:33:10,675 [INFO] [MainThread] [root/bar_manager.py:103]: Starting WindowsNotificationEventListener...
2026-08-23 11:33:10,676 [INFO] [MainThread] [root/bar_manager.py:103]: Starting SystemEventListener...
2026-08-23 11:33:10,678 [INFO] [MainThread] [root/watcher.py:65]: Watching directory: c:\users\felipe\.config\yasb
2026-08-23 11:33:10,678 [INFO] [MainThread] [root/watcher.py:104]: Created file watcher
2026-08-23 11:33:10,712 [INFO] [MainThread] [root/update_service.py:434]: Background update checker started
2026-08-23 11:33:10,712 [INFO] [Dummy-8] [root/windows_notification.py:161]: Notification service started (WNF_SHEL_NOTIFICATION_TOTAL)
2026-08-23 11:33:21,358 [INFO] [MainThread] [root/controller.py:21]: Reloading Application because of config change.
2026-08-23 11:33:21,468 [INFO] [MainThread] [cli_server/cli_server.py:114]: Log pipe server stopped
2026-08-23 11:33:21,474 [INFO] [MainThread] [root/bar_manager.py:93]: Successfully loaded updated config and re-initialised all bars.
2026-08-23 11:33:21,496 [INFO] [MainThread] [root/bar_manager.py:119]: Stopping WindowsNotificationEventListener...
2026-08-23 11:33:21,497 [INFO] [Dummy-8] [root/windows_notification.py:97]: Notification service stopped
2026-08-23 11:33:21,500 [INFO] [MainThread] [root/bar_manager.py:119]: Stopping SystemEventListener...
2026-08-23 11:33:22,003 [INFO] [MainThread] [root/log.py:104]: YASB v2.0.6
2026-08-23 11:33:22,003 [INFO] [CLIPipeServer] [cli_server/cli_server.py:216]: CLI server started v1.1.7
2026-08-23 11:33:22,004 [INFO] [MainThread] [cli_server/cli_server.py:106]: Log pipe server started
2026-08-23 11:33:22,536 [INFO] [MainThread] [root/service.py:52]: AudioOutputService starting...
2026-08-23 11:33:22,603 [INFO] [SystrayHook] [systray_hook/systray_hook.py:193]: Injecting into Explorer (PID: 2956)
2026-08-23 11:33:22,671 [INFO] [MainThread] [root/bar_manager.py:103]: Starting WindowsNotificationEventListener...
2026-08-23 11:33:22,672 [INFO] [MainThread] [root/bar_manager.py:103]: Starting SystemEventListener...
2026-08-23 11:33:22,674 [INFO] [MainThread] [root/watcher.py:65]: Watching directory: c:\users\felipe\.config\yasb
2026-08-23 11:33:22,675 [INFO] [MainThread] [root/watcher.py:104]: Created file watcher
2026-08-23 11:33:22,710 [INFO] [MainThread] [root/update_service.py:434]: Background update checker started
2026-08-23 11:33:22,710 [INFO] [Dummy-8] [root/windows_notification.py:161]: Notification service started (WNF_SHEL_NOTIFICATION_TOTAL)
2026-08-23 11:33:50,754 [INFO] [MainThread] [root/controller.py:21]: Reloading Application because of config change.
2026-08-23 11:33:50,868 [INFO] [MainThread] [cli_server/cli_server.py:114]: Log pipe server stopped
2026-08-23 11:33:50,876 [INFO] [MainThread] [root/bar_manager.py:93]: Successfully loaded updated config and re-initialised all bars.
2026-08-23 11:33:50,899 [INFO] [MainThread] [root/bar_manager.py:119]: Stopping WindowsNotificationEventListener...
2026-08-23 11:33:50,899 [INFO] [Dummy-8] [root/windows_notification.py:97]: Notification service stopped
2026-08-23 11:33:50,903 [INFO] [MainThread] [root/bar_manager.py:119]: Stopping SystemEventListener...
2026-08-23 11:33:51,451 [INFO] [MainThread] [root/log.py:104]: YASB v2.0.6
2026-08-23 11:33:51,451 [INFO] [CLIPipeServer] [cli_server/cli_server.py:216]: CLI server started v1.1.7
2026-08-23 11:33:51,452 [INFO] [MainThread] [cli_server/cli_server.py:106]: Log pipe server started
2026-08-23 11:33:51,985 [INFO] [MainThread] [root/service.py:52]: AudioOutputService starting...
2026-08-23 11:33:52,058 [INFO] [SystrayHook] [systray_hook/systray_hook.py:193]: Injecting into Explorer (PID: 2956)
2026-08-23 11:33:52,132 [INFO] [MainThread] [root/bar_manager.py:103]: Starting SystemEventListener...
2026-08-23 11:33:52,132 [INFO] [MainThread] [root/bar_manager.py:103]: Starting WindowsNotificationEventListener...
2026-08-23 11:33:52,134 [INFO] [MainThread] [root/watcher.py:65]: Watching directory: c:\users\felipe\.config\yasb
2026-08-23 11:33:52,134 [INFO] [MainThread] [root/watcher.py:104]: Created file watcher
2026-08-23 11:33:52,168 [INFO] [Dummy-8] [root/windows_notification.py:161]: Notification service started (WNF_SHEL_NOTIFICATION_TOTAL)
2026-08-23 11:33:52,169 [INFO] [MainThread] [root/update_service.py:434]: Background update checker started
2026-08-23 11:38:58,435 [INFO] [MainThread] [root/controller.py:21]: Reloading Application because of config change.
2026-08-23 11:38:58,548 [INFO] [MainThread] [cli_server/cli_server.py:114]: Log pipe server stopped
2026-08-23 11:38:58,555 [INFO] [MainThread] [root/bar_manager.py:93]: Successfully loaded updated config and re-initialised all bars.
2026-08-23 11:38:58,577 [INFO] [MainThread] [root/bar_manager.py:119]: Stopping SystemEventListener...
2026-08-23 11:38:58,581 [INFO] [MainThread] [root/bar_manager.py:119]: Stopping WindowsNotificationEventListener...
2026-08-23 11:38:58,581 [INFO] [Dummy-8] [root/windows_notification.py:97]: Notification service stopped
2026-08-23 11:38:59,030 [INFO] [MainThread] [root/log.py:104]: YASB v2.0.6
2026-08-23 11:38:59,030 [INFO] [CLIPipeServer] [cli_server/cli_server.py:216]: CLI server started v1.1.7
2026-08-23 11:38:59,030 [INFO] [MainThread] [cli_server/cli_server.py:106]: Log pipe server started
2026-08-23 11:38:59,519 [INFO] [MainThread] [root/service.py:52]: AudioOutputService starting...
2026-08-23 11:38:59,560 [WARNING] [MainThread] [root/widget_builder.py:39]: No widget config could be found for widget 'control_center
2026-08-23 11:38:59,592 [INFO] [SystrayHook] [systray_hook/systray_hook.py:193]: Injecting into Explorer (PID: 2956)
2026-08-23 11:38:59,657 [INFO] [MainThread] [root/bar_manager.py:103]: Starting SystemEventListener...
2026-08-23 11:38:59,657 [INFO] [MainThread] [root/bar_manager.py:103]: Starting WindowsNotificationEventListener...
2026-08-23 11:38:59,657 [ERROR] [MainThread] [root/widget_builder.py:100]: Failed to add undefined widget(s)  - The widget "control_center" is undefined.
2026-08-23 11:38:59,669 [INFO] [Dummy-6] [root/windows_notification.py:161]: Notification service started (WNF_SHEL_NOTIFICATION_TOTAL)
2026-08-23 11:38:59,678 [INFO] [MainThread] [root/watcher.py:65]: Watching directory: c:\users\felipe\.config\yasb
2026-08-23 11:38:59,679 [INFO] [MainThread] [root/watcher.py:104]: Created file watcher
2026-08-23 11:38:59,696 [INFO] [MainThread] [root/update_service.py:434]: Background update checker started
2026-08-23 11:39:32,644 [ERROR] [MainThread] [root/config.py:99]: The config file 'C:\Users\Felipe\.config\yasb\config.yaml' contains validation errors. Please fix:
control_center:
- Extra inputs are not permitted

2026-08-23 11:40:22,760 [ERROR] [MainThread] [root/config.py:99]: The config file 'C:\Users\Felipe\.config\yasb\config.yaml' contains validation errors. Please fix:
widgets:
  control_center:
    str:
    - Input should be a valid string
    dict[str,any]:
    - Input should be a valid dictionary

2026-08-23 11:48:08,856 [ERROR] [MainThread] [root/config.py:99]: The config file 'C:\Users\Felipe\.config\yasb\config.yaml' contains validation errors. Please fix:
control_center:
- Extra inputs are not permitted

2026-08-23 11:50:58,713 [INFO] [MainThread] [root/controller.py:21]: Reloading Application because of config change.
2026-08-23 11:50:58,822 [INFO] [MainThread] [cli_server/cli_server.py:114]: Log pipe server stopped
2026-08-23 11:50:58,830 [INFO] [MainThread] [root/bar_manager.py:93]: Successfully loaded updated config and re-initialised all bars.
2026-08-23 11:50:58,854 [INFO] [MainThread] [root/bar_manager.py:119]: Stopping SystemEventListener...
2026-08-23 11:50:58,859 [INFO] [MainThread] [root/bar_manager.py:119]: Stopping WindowsNotificationEventListener...
2026-08-23 11:50:58,860 [INFO] [Dummy-6] [root/windows_notification.py:97]: Notification service stopped
2026-08-23 11:50:59,371 [INFO] [MainThread] [root/log.py:104]: YASB v2.0.6
2026-08-23 11:50:59,372 [INFO] [CLIPipeServer] [cli_server/cli_server.py:216]: CLI server started v1.1.7
2026-08-23 11:50:59,372 [INFO] [MainThread] [cli_server/cli_server.py:106]: Log pipe server started
2026-08-23 11:50:59,883 [INFO] [MainThread] [root/service.py:52]: AudioOutputService starting...
2026-08-23 11:50:59,944 [INFO] [SystrayHook] [systray_hook/systray_hook.py:193]: Injecting into Explorer (PID: 2956)
2026-08-23 11:51:00,034 [INFO] [MainThread] [root/service.py:225]: BrightnessService started with 1 monitors
2026-08-23 11:51:00,044 [INFO] [MainThread] [root/service.py:41]: AudioInputService starting...
2026-08-23 11:51:00,202 [INFO] [MainThread] [root/bar_manager.py:103]: Starting SystemEventListener...
2026-08-23 11:51:00,202 [INFO] [MainThread] [root/bar_manager.py:103]: Starting WindowsNotificationEventListener...
2026-08-23 11:51:00,205 [INFO] [MainThread] [root/watcher.py:65]: Watching directory: c:\users\felipe\.config\yasb
2026-08-23 11:51:00,205 [INFO] [MainThread] [root/watcher.py:104]: Created file watcher
2026-08-23 11:51:00,230 [INFO] [Dummy-9] [root/windows_notification.py:161]: Notification service started (WNF_SHEL_NOTIFICATION_TOTAL)
2026-08-23 11:51:00,237 [INFO] [MainThread] [root/update_service.py:434]: Background update checker started
2026-08-23 12:01:51,931 [INFO] [MainThread] [root/controller.py:21]: Reloading Application because of config change.
2026-08-23 12:01:52,039 [INFO] [MainThread] [cli_server/cli_server.py:114]: Log pipe server stopped
2026-08-23 12:01:52,046 [INFO] [MainThread] [root/bar_manager.py:93]: Successfully loaded updated config and re-initialised all bars.
2026-08-23 12:01:52,072 [INFO] [MainThread] [root/bar_manager.py:119]: Stopping SystemEventListener...
2026-08-23 12:01:52,078 [INFO] [MainThread] [root/bar_manager.py:119]: Stopping WindowsNotificationEventListener...
2026-08-23 12:01:52,078 [INFO] [Dummy-9] [root/windows_notification.py:97]: Notification service stopped
2026-08-23 12:01:52,558 [INFO] [MainThread] [root/log.py:104]: YASB v2.0.6
2026-08-23 12:01:52,559 [INFO] [CLIPipeServer] [cli_server/cli_server.py:216]: CLI server started v1.1.7
2026-08-23 12:01:52,559 [INFO] [MainThread] [cli_server/cli_server.py:106]: Log pipe server started
2026-08-23 12:01:53,087 [INFO] [MainThread] [root/service.py:52]: AudioOutputService starting...
2026-08-23 12:01:53,152 [INFO] [MainThread] [root/service.py:225]: BrightnessService started with 1 monitors
2026-08-23 12:01:53,162 [INFO] [MainThread] [root/service.py:41]: AudioInputService starting...
2026-08-23 12:01:53,168 [INFO] [SystrayHook] [systray_hook/systray_hook.py:193]: Injecting into Explorer (PID: 2956)
2026-08-23 12:01:53,372 [INFO] [MainThread] [root/bar_manager.py:103]: Starting WindowsNotificationEventListener...
2026-08-23 12:01:53,373 [INFO] [MainThread] [root/bar_manager.py:103]: Starting SystemEventListener...
2026-08-23 12:01:53,376 [INFO] [MainThread] [root/watcher.py:65]: Watching directory: c:\users\felipe\.config\yasb
2026-08-23 12:01:53,376 [INFO] [MainThread] [root/watcher.py:104]: Created file watcher
2026-08-23 12:01:53,399 [INFO] [MainThread] [root/update_service.py:434]: Background update checker started
2026-08-23 12:01:53,399 [INFO] [Dummy-9] [root/windows_notification.py:161]: Notification service started (WNF_SHEL_NOTIFICATION_TOTAL)
2026-08-23 12:02:15,127 [INFO] [MainThread] [root/controller.py:21]: Reloading Application because of config change.
2026-08-23 12:02:15,242 [INFO] [MainThread] [cli_server/cli_server.py:114]: Log pipe server stopped
2026-08-23 12:02:15,249 [INFO] [MainThread] [root/bar_manager.py:93]: Successfully loaded updated config and re-initialised all bars.
2026-08-23 12:02:15,272 [INFO] [MainThread] [root/bar_manager.py:119]: Stopping WindowsNotificationEventListener...
2026-08-23 12:02:15,273 [INFO] [Dummy-9] [root/windows_notification.py:97]: Notification service stopped
2026-08-23 12:02:15,276 [INFO] [MainThread] [root/bar_manager.py:119]: Stopping SystemEventListener...
2026-08-23 12:02:15,753 [INFO] [MainThread] [root/log.py:104]: YASB v2.0.6
2026-08-23 12:02:15,753 [INFO] [CLIPipeServer] [cli_server/cli_server.py:216]: CLI server started v1.1.7
2026-08-23 12:02:15,754 [INFO] [MainThread] [cli_server/cli_server.py:106]: Log pipe server started
2026-08-23 12:02:16,321 [INFO] [MainThread] [root/service.py:52]: AudioOutputService starting...
2026-08-23 12:02:16,394 [INFO] [MainThread] [root/service.py:225]: BrightnessService started with 1 monitors
2026-08-23 12:02:16,405 [INFO] [MainThread] [root/service.py:41]: AudioInputService starting...
2026-08-23 12:02:16,411 [INFO] [SystrayHook] [systray_hook/systray_hook.py:193]: Injecting into Explorer (PID: 2956)
2026-08-23 12:02:16,589 [INFO] [MainThread] [root/bar_manager.py:103]: Starting SystemEventListener...
2026-08-23 12:02:16,589 [INFO] [MainThread] [root/bar_manager.py:103]: Starting WindowsNotificationEventListener...
2026-08-23 12:02:16,591 [INFO] [MainThread] [root/watcher.py:65]: Watching directory: c:\users\felipe\.config\yasb
2026-08-23 12:02:16,592 [INFO] [MainThread] [root/watcher.py:104]: Created file watcher
2026-08-23 12:02:16,631 [INFO] [MainThread] [root/update_service.py:434]: Background update checker started
2026-08-23 12:02:16,639 [INFO] [Dummy-9] [root/windows_notification.py:161]: Notification service started (WNF_SHEL_NOTIFICATION_TOTAL)
2026-08-23 12:09:37,267 [INFO] [MainThread] [root/controller.py:21]: Reloading Application because of config change.
2026-08-23 12:09:37,376 [INFO] [MainThread] [cli_server/cli_server.py:114]: Log pipe server stopped
2026-08-23 12:09:37,383 [INFO] [MainThread] [root/bar_manager.py:93]: Successfully loaded updated config and re-initialised all bars.
2026-08-23 12:09:37,409 [INFO] [MainThread] [root/bar_manager.py:119]: Stopping SystemEventListener...
2026-08-23 12:09:37,414 [INFO] [MainThread] [root/bar_manager.py:119]: Stopping WindowsNotificationEventListener...
2026-08-23 12:09:37,415 [INFO] [Dummy-9] [root/windows_notification.py:97]: Notification service stopped
2026-08-23 12:09:37,919 [INFO] [MainThread] [root/log.py:104]: YASB v2.0.6
2026-08-23 12:09:37,920 [INFO] [CLIPipeServer] [cli_server/cli_server.py:216]: CLI server started v1.1.7
2026-08-23 12:09:37,920 [INFO] [MainThread] [cli_server/cli_server.py:106]: Log pipe server started
2026-08-23 12:09:38,464 [INFO] [MainThread] [root/service.py:52]: AudioOutputService starting...
2026-08-23 12:09:38,530 [INFO] [MainThread] [root/service.py:225]: BrightnessService started with 1 monitors
2026-08-23 12:09:38,541 [INFO] [MainThread] [root/service.py:41]: AudioInputService starting...
2026-08-23 12:09:38,547 [INFO] [SystrayHook] [systray_hook/systray_hook.py:193]: Injecting into Explorer (PID: 2956)
2026-08-23 12:09:38,731 [INFO] [MainThread] [root/bar_manager.py:103]: Starting WindowsNotificationEventListener...
2026-08-23 12:09:38,732 [INFO] [MainThread] [root/bar_manager.py:103]: Starting SystemEventListener...
2026-08-23 12:09:38,734 [INFO] [MainThread] [root/watcher.py:65]: Watching directory: c:\users\felipe\.config\yasb
2026-08-23 12:09:38,735 [INFO] [MainThread] [root/watcher.py:104]: Created file watcher
2026-08-23 12:09:38,753 [INFO] [MainThread] [root/update_service.py:434]: Background update checker started
2026-08-23 12:09:38,755 [INFO] [Dummy-9] [root/windows_notification.py:161]: Notification service started (WNF_SHEL_NOTIFICATION_TOTAL)
2026-08-23 12:10:43,612 [INFO] [MainThread] [root/controller.py:21]: Reloading Application because of config change.
2026-08-23 12:10:43,728 [INFO] [MainThread] [cli_server/cli_server.py:114]: Log pipe server stopped
2026-08-23 12:10:43,736 [INFO] [MainThread] [root/bar_manager.py:93]: Successfully loaded updated config and re-initialised all bars.
2026-08-23 12:10:43,765 [INFO] [MainThread] [root/bar_manager.py:119]: Stopping WindowsNotificationEventListener...
2026-08-23 12:10:43,765 [INFO] [Dummy-9] [root/windows_notification.py:97]: Notification service stopped
2026-08-23 12:10:43,769 [INFO] [MainThread] [root/bar_manager.py:119]: Stopping SystemEventListener...
2026-08-23 12:10:44,275 [INFO] [MainThread] [root/log.py:104]: YASB v2.0.6
2026-08-23 12:10:44,305 [INFO] [CLIPipeServer] [cli_server/cli_server.py:216]: CLI server started v1.1.7
2026-08-23 12:10:44,305 [INFO] [MainThread] [cli_server/cli_server.py:106]: Log pipe server started
2026-08-23 12:10:44,876 [INFO] [MainThread] [root/service.py:52]: AudioOutputService starting...
2026-08-23 12:10:44,945 [INFO] [MainThread] [root/service.py:225]: BrightnessService started with 1 monitors
2026-08-23 12:10:44,956 [INFO] [MainThread] [root/service.py:41]: AudioInputService starting...
2026-08-23 12:10:44,963 [INFO] [SystrayHook] [systray_hook/systray_hook.py:193]: Injecting into Explorer (PID: 2956)
2026-08-23 12:10:45,206 [INFO] [MainThread] [root/bar_manager.py:103]: Starting SystemEventListener...
2026-08-23 12:10:45,206 [INFO] [MainThread] [root/bar_manager.py:103]: Starting WindowsNotificationEventListener...
2026-08-23 12:10:45,208 [INFO] [MainThread] [root/watcher.py:65]: Watching directory: c:\users\felipe\.config\yasb
2026-08-23 12:10:45,208 [INFO] [MainThread] [root/watcher.py:104]: Created file watcher
2026-08-23 12:10:45,222 [INFO] [Dummy-9] [root/windows_notification.py:161]: Notification service started (WNF_SHEL_NOTIFICATION_TOTAL)
2026-08-23 12:10:45,225 [INFO] [MainThread] [root/update_service.py:434]: Background update checker started
2026-08-23 12:15:59,725 [INFO] [MainThread] [root/controller.py:21]: Reloading Application because of config change.
2026-08-23 12:15:59,836 [INFO] [MainThread] [cli_server/cli_server.py:114]: Log pipe server stopped
2026-08-23 12:15:59,844 [INFO] [MainThread] [root/bar_manager.py:93]: Successfully loaded updated config and re-initialised all bars.
2026-08-23 12:15:59,870 [INFO] [MainThread] [root/bar_manager.py:119]: Stopping SystemEventListener...
2026-08-23 12:15:59,877 [INFO] [MainThread] [root/bar_manager.py:119]: Stopping WindowsNotificationEventListener...
2026-08-23 12:15:59,878 [INFO] [Dummy-9] [root/windows_notification.py:97]: Notification service stopped
2026-08-23 12:16:00,380 [INFO] [MainThread] [root/log.py:104]: YASB v2.0.6
2026-08-23 12:16:00,380 [INFO] [CLIPipeServer] [cli_server/cli_server.py:216]: CLI server started v1.1.7
2026-08-23 12:16:00,381 [INFO] [MainThread] [cli_server/cli_server.py:106]: Log pipe server started
2026-08-23 12:16:00,923 [INFO] [MainThread] [root/service.py:52]: AudioOutputService starting...
2026-08-23 12:16:00,991 [INFO] [MainThread] [root/service.py:225]: BrightnessService started with 1 monitors
2026-08-23 12:16:01,001 [INFO] [MainThread] [root/service.py:41]: AudioInputService starting...
2026-08-23 12:16:01,007 [INFO] [SystrayHook] [systray_hook/systray_hook.py:193]: Injecting into Explorer (PID: 2956)
2026-08-23 12:16:01,196 [INFO] [MainThread] [root/bar_manager.py:103]: Starting WindowsNotificationEventListener...
2026-08-23 12:16:01,196 [INFO] [MainThread] [root/bar_manager.py:103]: Starting SystemEventListener...
2026-08-23 12:16:01,198 [INFO] [MainThread] [root/watcher.py:65]: Watching directory: c:\users\felipe\.config\yasb
2026-08-23 12:16:01,198 [INFO] [MainThread] [root/watcher.py:104]: Created file watcher
2026-08-23 12:16:01,214 [INFO] [MainThread] [root/update_service.py:434]: Background update checker started
2026-08-23 12:16:01,215 [INFO] [Dummy-9] [root/windows_notification.py:161]: Notification service started (WNF_SHEL_NOTIFICATION_TOTAL)
2026-08-23 12:16:22,452 [INFO] [MainThread] [root/controller.py:21]: Reloading Application because of config change.
2026-08-23 12:16:22,566 [INFO] [MainThread] [cli_server/cli_server.py:114]: Log pipe server stopped
2026-08-23 12:16:22,573 [INFO] [MainThread] [root/bar_manager.py:93]: Successfully loaded updated config and re-initialised all bars.
2026-08-23 12:16:22,599 [INFO] [MainThread] [root/bar_manager.py:119]: Stopping WindowsNotificationEventListener...
2026-08-23 12:16:22,600 [INFO] [Dummy-9] [root/windows_notification.py:97]: Notification service stopped
2026-08-23 12:16:22,604 [INFO] [MainThread] [root/bar_manager.py:119]: Stopping SystemEventListener...
2026-08-23 12:16:23,109 [INFO] [MainThread] [root/log.py:104]: YASB v2.0.6
2026-08-23 12:16:23,109 [INFO] [CLIPipeServer] [cli_server/cli_server.py:216]: CLI server started v1.1.7
2026-08-23 12:16:23,109 [INFO] [MainThread] [cli_server/cli_server.py:106]: Log pipe server started
2026-08-23 12:16:23,651 [INFO] [MainThread] [root/service.py:52]: AudioOutputService starting...
2026-08-23 12:16:23,716 [INFO] [MainThread] [root/service.py:225]: BrightnessService started with 1 monitors
2026-08-23 12:16:23,726 [INFO] [MainThread] [root/service.py:41]: AudioInputService starting...
2026-08-23 12:16:23,734 [INFO] [SystrayHook] [systray_hook/systray_hook.py:193]: Injecting into Explorer (PID: 2956)
2026-08-23 12:16:23,917 [INFO] [MainThread] [root/bar_manager.py:103]: Starting WindowsNotificationEventListener...
2026-08-23 12:16:23,918 [INFO] [MainThread] [root/bar_manager.py:103]: Starting SystemEventListener...
2026-08-23 12:16:23,920 [INFO] [MainThread] [root/watcher.py:65]: Watching directory: c:\users\felipe\.config\yasb
2026-08-23 12:16:23,920 [INFO] [MainThread] [root/watcher.py:104]: Created file watcher
2026-08-23 12:16:23,936 [INFO] [Dummy-9] [root/windows_notification.py:161]: Notification service started (WNF_SHEL_NOTIFICATION_TOTAL)
2026-08-23 12:16:23,937 [INFO] [MainThread] [root/update_service.py:434]: Background update checker started
2026-08-23 12:21:42,171 [INFO] [MainThread] [root/controller.py:21]: Reloading Application because of config change.
2026-08-23 12:21:42,278 [INFO] [MainThread] [cli_server/cli_server.py:114]: Log pipe server stopped
2026-08-23 12:21:42,285 [INFO] [MainThread] [root/bar_manager.py:93]: Successfully loaded updated config and re-initialised all bars.
2026-08-23 12:21:42,309 [INFO] [MainThread] [root/bar_manager.py:119]: Stopping WindowsNotificationEventListener...
2026-08-23 12:21:42,309 [INFO] [Dummy-9] [root/windows_notification.py:97]: Notification service stopped
2026-08-23 12:21:42,313 [INFO] [MainThread] [root/bar_manager.py:119]: Stopping SystemEventListener...
2026-08-23 12:21:42,775 [INFO] [MainThread] [root/log.py:104]: YASB v2.0.6
2026-08-23 12:21:42,776 [INFO] [CLIPipeServer] [cli_server/cli_server.py:216]: CLI server started v1.1.7
2026-08-23 12:21:42,776 [INFO] [MainThread] [cli_server/cli_server.py:106]: Log pipe server started
2026-08-23 12:21:43,277 [INFO] [MainThread] [root/service.py:52]: AudioOutputService starting...
2026-08-23 12:21:43,342 [INFO] [MainThread] [root/service.py:225]: BrightnessService started with 1 monitors
2026-08-23 12:21:43,352 [INFO] [MainThread] [root/service.py:41]: AudioInputService starting...
2026-08-23 12:21:43,361 [INFO] [SystrayHook] [systray_hook/systray_hook.py:193]: Injecting into Explorer (PID: 2956)
2026-08-23 12:21:43,512 [INFO] [MainThread] [root/bar_manager.py:103]: Starting SystemEventListener...
2026-08-23 12:21:43,513 [INFO] [MainThread] [root/bar_manager.py:103]: Starting WindowsNotificationEventListener...
2026-08-23 12:21:43,514 [INFO] [MainThread] [root/watcher.py:65]: Watching directory: c:\users\felipe\.config\yasb
2026-08-23 12:21:43,515 [INFO] [MainThread] [root/watcher.py:104]: Created file watcher
2026-08-23 12:21:43,539 [INFO] [Dummy-9] [root/windows_notification.py:161]: Notification service started (WNF_SHEL_NOTIFICATION_TOTAL)
2026-08-23 12:21:43,539 [INFO] [MainThread] [root/update_service.py:434]: Background update checker started
2026-08-23 12:31:08,326 [INFO] [MainThread] [root/controller.py:21]: Reloading Application because of config change.
2026-08-23 12:31:08,429 [INFO] [MainThread] [cli_server/cli_server.py:114]: Log pipe server stopped
2026-08-23 12:31:08,436 [INFO] [MainThread] [root/bar_manager.py:93]: Successfully loaded updated config and re-initialised all bars.
2026-08-23 12:31:08,460 [INFO] [MainThread] [root/bar_manager.py:119]: Stopping SystemEventListener...
2026-08-23 12:31:08,463 [INFO] [MainThread] [root/bar_manager.py:119]: Stopping WindowsNotificationEventListener...
2026-08-23 12:31:08,464 [INFO] [Dummy-9] [root/windows_notification.py:97]: Notification service stopped
2026-08-23 12:31:08,921 [INFO] [MainThread] [root/log.py:104]: YASB v2.0.6
2026-08-23 12:31:08,922 [INFO] [CLIPipeServer] [cli_server/cli_server.py:216]: CLI server started v1.1.7
2026-08-23 12:31:08,922 [INFO] [MainThread] [cli_server/cli_server.py:106]: Log pipe server started
2026-08-23 12:31:09,452 [INFO] [MainThread] [root/service.py:52]: AudioOutputService starting...
2026-08-23 12:31:09,514 [INFO] [MainThread] [root/service.py:225]: BrightnessService started with 1 monitors
2026-08-23 12:31:09,524 [INFO] [MainThread] [root/service.py:41]: AudioInputService starting...
2026-08-23 12:31:09,536 [INFO] [SystrayHook] [systray_hook/systray_hook.py:193]: Injecting into Explorer (PID: 2956)
2026-08-23 12:31:09,683 [INFO] [MainThread] [root/bar_manager.py:103]: Starting WindowsNotificationEventListener...
2026-08-23 12:31:09,683 [INFO] [MainThread] [root/bar_manager.py:103]: Starting SystemEventListener...
2026-08-23 12:31:09,686 [INFO] [MainThread] [root/watcher.py:65]: Watching directory: c:\users\felipe\.config\yasb
2026-08-23 12:31:09,686 [INFO] [MainThread] [root/watcher.py:104]: Created file watcher
2026-08-23 12:31:09,700 [INFO] [Dummy-9] [root/windows_notification.py:161]: Notification service started (WNF_SHEL_NOTIFICATION_TOTAL)
2026-08-23 12:31:09,702 [INFO] [MainThread] [root/update_service.py:434]: Background update checker started
2026-08-23 12:36:02,255 [INFO] [MainThread] [root/controller.py:21]: Reloading Application because of config change.
2026-08-23 12:36:02,367 [INFO] [MainThread] [cli_server/cli_server.py:114]: Log pipe server stopped
2026-08-23 12:36:02,374 [INFO] [MainThread] [root/bar_manager.py:93]: Successfully loaded updated config and re-initialised all bars.
2026-08-23 12:36:02,397 [INFO] [MainThread] [root/bar_manager.py:119]: Stopping WindowsNotificationEventListener...
2026-08-23 12:36:02,397 [INFO] [Dummy-9] [root/windows_notification.py:97]: Notification service stopped
2026-08-23 12:36:02,399 [INFO] [MainThread] [root/bar_manager.py:119]: Stopping SystemEventListener...
2026-08-23 12:36:02,887 [INFO] [MainThread] [root/log.py:104]: YASB v2.0.6
2026-08-23 12:36:02,887 [INFO] [CLIPipeServer] [cli_server/cli_server.py:216]: CLI server started v1.1.7
2026-08-23 12:36:02,888 [INFO] [MainThread] [cli_server/cli_server.py:106]: Log pipe server started
2026-08-23 12:36:03,310 [INFO] [MainThread] [root/service.py:225]: BrightnessService started with 1 monitors
2026-08-23 12:36:03,321 [INFO] [MainThread] [root/service.py:52]: AudioOutputService starting...
2026-08-23 12:36:03,355 [INFO] [MainThread] [root/service.py:41]: AudioInputService starting...
2026-08-23 12:36:03,647 [INFO] [MainThread] [root/bar_manager.py:103]: Starting WindowsNotificationEventListener...
2026-08-23 12:36:03,648 [INFO] [MainThread] [root/bar_manager.py:103]: Starting SystemEventListener...
2026-08-23 12:36:03,650 [INFO] [MainThread] [root/watcher.py:65]: Watching directory: c:\users\felipe\.config\yasb
2026-08-23 12:36:03,650 [INFO] [MainThread] [root/watcher.py:104]: Created file watcher
2026-08-23 12:36:03,663 [INFO] [MainThread] [root/update_service.py:434]: Background update checker started
2026-08-23 12:36:03,666 [INFO] [Dummy-9] [root/windows_notification.py:161]: Notification service started (WNF_SHEL_NOTIFICATION_TOTAL)
2026-08-23 12:36:03,703 [INFO] [SystrayHook] [systray_hook/systray_hook.py:193]: Injecting into Explorer (PID: 2956)
2026-08-23 12:36:22,819 [INFO] [MainThread] [root/controller.py:21]: Reloading Application because of config change.
2026-08-23 12:36:22,932 [INFO] [MainThread] [cli_server/cli_server.py:114]: Log pipe server stopped
2026-08-23 12:36:22,938 [INFO] [MainThread] [root/bar_manager.py:93]: Successfully loaded updated config and re-initialised all bars.
2026-08-23 12:36:22,959 [INFO] [MainThread] [root/bar_manager.py:119]: Stopping WindowsNotificationEventListener...
2026-08-23 12:36:22,959 [INFO] [Dummy-9] [root/windows_notification.py:97]: Notification service stopped
2026-08-23 12:36:22,961 [INFO] [MainThread] [root/bar_manager.py:119]: Stopping SystemEventListener...
2026-08-23 12:36:23,410 [INFO] [MainThread] [root/log.py:104]: YASB v2.0.6
2026-08-23 12:36:23,410 [INFO] [CLIPipeServer] [cli_server/cli_server.py:216]: CLI server started v1.1.7
2026-08-23 12:36:23,411 [INFO] [MainThread] [cli_server/cli_server.py:106]: Log pipe server started
2026-08-23 12:36:23,893 [INFO] [MainThread] [root/service.py:225]: BrightnessService started with 1 monitors
2026-08-23 12:36:23,904 [INFO] [MainThread] [root/service.py:52]: AudioOutputService starting...
2026-08-23 12:36:23,940 [INFO] [MainThread] [root/service.py:41]: AudioInputService starting...
2026-08-23 12:36:23,964 [INFO] [SystrayHook] [systray_hook/systray_hook.py:193]: Injecting into Explorer (PID: 2956)
2026-08-23 12:36:24,147 [INFO] [MainThread] [root/bar_manager.py:103]: Starting WindowsNotificationEventListener...
2026-08-23 12:36:24,147 [INFO] [MainThread] [root/bar_manager.py:103]: Starting SystemEventListener...
2026-08-23 12:36:24,150 [INFO] [MainThread] [root/watcher.py:65]: Watching directory: c:\users\felipe\.config\yasb
2026-08-23 12:36:24,150 [INFO] [MainThread] [root/watcher.py:104]: Created file watcher
2026-08-23 12:36:24,168 [INFO] [MainThread] [root/update_service.py:434]: Background update checker started
2026-08-23 12:36:24,170 [INFO] [Dummy-9] [root/windows_notification.py:161]: Notification service started (WNF_SHEL_NOTIFICATION_TOTAL)
2026-08-23 13:01:24,823 [INFO] [MainThread] [root/controller.py:21]: Reloading Application because of config change.
2026-08-23 13:01:24,927 [INFO] [MainThread] [cli_server/cli_server.py:114]: Log pipe server stopped
2026-08-23 13:01:24,934 [INFO] [MainThread] [root/bar_manager.py:93]: Successfully loaded updated config and re-initialised all bars.
2026-08-23 13:01:24,957 [INFO] [MainThread] [root/bar_manager.py:119]: Stopping WindowsNotificationEventListener...
2026-08-23 13:01:24,957 [INFO] [Dummy-9] [root/windows_notification.py:97]: Notification service stopped
2026-08-23 13:01:24,960 [INFO] [MainThread] [root/bar_manager.py:119]: Stopping SystemEventListener...
2026-08-23 13:01:25,415 [INFO] [MainThread] [root/log.py:104]: YASB v2.0.6
2026-08-23 13:01:25,415 [INFO] [CLIPipeServer] [cli_server/cli_server.py:216]: CLI server started v1.1.7
2026-08-23 13:01:25,416 [INFO] [MainThread] [cli_server/cli_server.py:106]: Log pipe server started
2026-08-23 13:01:25,917 [INFO] [MainThread] [root/service.py:225]: BrightnessService started with 1 monitors
2026-08-23 13:01:25,928 [INFO] [MainThread] [root/service.py:52]: AudioOutputService starting...
2026-08-23 13:01:25,969 [INFO] [MainThread] [root/service.py:41]: AudioInputService starting...
2026-08-23 13:01:25,996 [INFO] [SystrayHook] [systray_hook/systray_hook.py:193]: Injecting into Explorer (PID: 2956)
2026-08-23 13:01:26,166 [INFO] [MainThread] [root/bar_manager.py:103]: Starting SystemEventListener...
2026-08-23 13:01:26,166 [INFO] [MainThread] [root/bar_manager.py:103]: Starting WindowsNotificationEventListener...
2026-08-23 13:01:26,168 [INFO] [MainThread] [root/watcher.py:65]: Watching directory: c:\users\felipe\.config\yasb
2026-08-23 13:01:26,168 [INFO] [MainThread] [root/watcher.py:104]: Created file watcher
2026-08-23 13:01:26,187 [INFO] [MainThread] [root/update_service.py:434]: Background update checker started
2026-08-23 13:01:26,204 [INFO] [Dummy-9] [root/windows_notification.py:161]: Notification service started (WNF_SHEL_NOTIFICATION_TOTAL)
2026-08-23 13:04:17,200 [INFO] [MainThread] [root/controller.py:21]: Reloading Application because of config change.
2026-08-23 13:04:17,313 [INFO] [MainThread] [cli_server/cli_server.py:114]: Log pipe server stopped
2026-08-23 13:04:17,321 [INFO] [MainThread] [root/bar_manager.py:93]: Successfully loaded updated config and re-initialised all bars.
2026-08-23 13:04:17,339 [INFO] [MainThread] [root/bar_manager.py:119]: Stopping SystemEventListener...
2026-08-23 13:04:17,341 [INFO] [MainThread] [root/bar_manager.py:119]: Stopping WindowsNotificationEventListener...
2026-08-23 13:04:17,341 [INFO] [Dummy-9] [root/windows_notification.py:97]: Notification service stopped
2026-08-23 13:04:17,795 [INFO] [MainThread] [root/log.py:104]: YASB v2.0.6
2026-08-23 13:04:17,795 [INFO] [CLIPipeServer] [cli_server/cli_server.py:216]: CLI server started v1.1.7
2026-08-23 13:04:17,795 [INFO] [MainThread] [cli_server/cli_server.py:106]: Log pipe server started
2026-08-23 13:04:18,281 [INFO] [MainThread] [root/service.py:225]: BrightnessService started with 1 monitors
2026-08-23 13:04:18,291 [INFO] [MainThread] [root/service.py:52]: AudioOutputService starting...
2026-08-23 13:04:18,326 [INFO] [MainThread] [root/service.py:41]: AudioInputService starting...
2026-08-23 13:04:18,355 [INFO] [SystrayHook] [systray_hook/systray_hook.py:193]: Injecting into Explorer (PID: 2956)
2026-08-23 13:04:18,526 [INFO] [MainThread] [root/bar_manager.py:103]: Starting WindowsNotificationEventListener...
2026-08-23 13:04:18,526 [INFO] [MainThread] [root/bar_manager.py:103]: Starting SystemEventListener...
2026-08-23 13:04:18,528 [INFO] [MainThread] [root/watcher.py:65]: Watching directory: c:\users\felipe\.config\yasb
2026-08-23 13:04:18,528 [INFO] [MainThread] [root/watcher.py:104]: Created file watcher
2026-08-23 13:04:18,546 [INFO] [MainThread] [root/update_service.py:434]: Background update checker started
2026-08-23 13:04:18,548 [INFO] [Dummy-9] [root/windows_notification.py:161]: Notification service started (WNF_SHEL_NOTIFICATION_TOTAL)
2026-08-23 13:30:25,802 [INFO] [MainThread] [root/controller.py:43]: Exiting Application...
2026-08-23 13:30:25,904 [INFO] [MainThread] [cli_server/cli_server.py:114]: Log pipe server stopped
2026-08-23 13:30:25,930 [INFO] [MainThread] [root/bar_manager.py:119]: Stopping WindowsNotificationEventListener...
2026-08-23 13:30:25,930 [INFO] [Dummy-9] [root/windows_notification.py:97]: Notification service stopped
2026-08-23 13:30:25,932 [INFO] [MainThread] [root/bar_manager.py:119]: Stopping SystemEventListener...
2026-08-23 16:39:23,945 [INFO] [MainThread] [root/log.py:104]: YASB v2.0.6
2026-08-23 16:39:23,946 [INFO] [CLIPipeServer] [cli_server/cli_server.py:216]: CLI server started v1.1.7
2026-08-23 16:39:23,947 [INFO] [MainThread] [cli_server/cli_server.py:106]: Log pipe server started
2026-08-23 16:39:25,225 [INFO] [SystrayHook] [systray_hook/systray_hook.py:193]: Injecting into Explorer (PID: 5164)
2026-08-23 16:39:25,229 [INFO] [MainThread] [root/service.py:225]: BrightnessService started with 1 monitors
2026-08-23 16:39:25,269 [INFO] [MainThread] [root/service.py:52]: AudioOutputService starting...
2026-08-23 16:39:25,310 [INFO] [MainThread] [root/service.py:41]: AudioInputService starting...
2026-08-23 16:39:25,656 [INFO] [MainThread] [root/bar_manager.py:103]: Starting SystemEventListener...
2026-08-23 16:39:25,656 [INFO] [MainThread] [root/bar_manager.py:103]: Starting WindowsNotificationEventListener...
2026-08-23 16:39:25,659 [INFO] [MainThread] [root/watcher.py:65]: Watching directory: c:\users\felipe\.config\yasb
2026-08-23 16:39:25,659 [INFO] [MainThread] [root/watcher.py:104]: Created file watcher
2026-08-23 16:39:25,679 [INFO] [Dummy-9] [root/windows_notification.py:161]: Notification service started (WNF_SHEL_NOTIFICATION_TOTAL)
2026-08-23 16:39:25,679 [INFO] [MainThread] [root/update_service.py:434]: Background update checker started
2026-08-23 16:42:34,669 [INFO] [MainThread] [root/controller.py:21]: Reloading Application because of config change.
2026-08-23 16:42:34,781 [INFO] [MainThread] [cli_server/cli_server.py:114]: Log pipe server stopped
2026-08-23 16:42:34,789 [INFO] [MainThread] [root/bar_manager.py:93]: Successfully loaded updated config and re-initialised all bars.
2026-08-23 16:42:34,803 [INFO] [MainThread] [root/bar_manager.py:119]: Stopping SystemEventListener...
2026-08-23 16:42:34,805 [INFO] [MainThread] [root/bar_manager.py:119]: Stopping WindowsNotificationEventListener...
2026-08-23 16:42:34,806 [INFO] [Dummy-9] [root/windows_notification.py:97]: Notification service stopped
2026-08-23 16:42:35,292 [INFO] [MainThread] [root/log.py:104]: YASB v2.0.6
2026-08-23 16:42:35,293 [INFO] [CLIPipeServer] [cli_server/cli_server.py:216]: CLI server started v1.1.7
2026-08-23 16:42:35,293 [INFO] [MainThread] [cli_server/cli_server.py:106]: Log pipe server started
2026-08-23 16:42:35,830 [INFO] [MainThread] [root/service.py:225]: BrightnessService started with 1 monitors
2026-08-23 16:42:35,841 [INFO] [MainThread] [root/service.py:52]: AudioOutputService starting...
2026-08-23 16:42:35,874 [INFO] [MainThread] [root/service.py:41]: AudioInputService starting...
2026-08-23 16:42:35,897 [INFO] [SystrayHook] [systray_hook/systray_hook.py:193]: Injecting into Explorer (PID: 5164)
2026-08-23 16:42:36,064 [INFO] [MainThread] [root/bar_manager.py:103]: Starting SystemEventListener...
2026-08-23 16:42:36,064 [INFO] [MainThread] [root/bar_manager.py:103]: Starting WindowsNotificationEventListener...
2026-08-23 16:42:36,066 [INFO] [MainThread] [root/watcher.py:65]: Watching directory: c:\users\felipe\.config\yasb
2026-08-23 16:42:36,066 [INFO] [MainThread] [root/watcher.py:104]: Created file watcher
2026-08-23 16:42:36,079 [INFO] [Dummy-9] [root/windows_notification.py:161]: Notification service started (WNF_SHEL_NOTIFICATION_TOTAL)
2026-08-23 16:42:36,080 [INFO] [MainThread] [root/update_service.py:434]: Background update checker started
2026-08-23 16:44:40,019 [INFO] [MainThread] [root/controller.py:21]: Reloading Application because of config change.
2026-08-23 16:44:40,129 [INFO] [MainThread] [cli_server/cli_server.py:114]: Log pipe server stopped
2026-08-23 16:44:40,136 [INFO] [MainThread] [root/bar_manager.py:93]: Successfully loaded updated config and re-initialised all bars.
2026-08-23 16:44:40,151 [INFO] [MainThread] [root/bar_manager.py:119]: Stopping SystemEventListener...
2026-08-23 16:44:40,153 [INFO] [MainThread] [root/bar_manager.py:119]: Stopping WindowsNotificationEventListener...
2026-08-23 16:44:40,154 [INFO] [Dummy-9] [root/windows_notification.py:97]: Notification service stopped
2026-08-23 16:44:40,605 [INFO] [MainThread] [root/log.py:104]: YASB v2.0.6
2026-08-23 16:44:40,606 [INFO] [CLIPipeServer] [cli_server/cli_server.py:216]: CLI server started v1.1.7
2026-08-23 16:44:40,606 [INFO] [MainThread] [cli_server/cli_server.py:106]: Log pipe server started
2026-08-23 16:44:41,155 [INFO] [MainThread] [root/service.py:52]: AudioOutputService starting...
2026-08-23 16:44:41,180 [WARNING] [MainThread] [root/widget_builder.py:39]: No widget config could be found for widget 'power
2026-08-23 16:44:41,265 [INFO] [MainThread] [root/bar_manager.py:103]: Starting SystemEventListener...
2026-08-23 16:44:41,267 [INFO] [SystrayHook] [systray_hook/systray_hook.py:193]: Injecting into Explorer (PID: 5164)
2026-08-23 16:44:41,268 [INFO] [MainThread] [root/bar_manager.py:103]: Starting WindowsNotificationEventListener...
2026-08-23 16:44:41,269 [ERROR] [MainThread] [root/widget_builder.py:100]: Failed to add undefined widget(s)  - The widget "power" is undefined.
2026-08-23 16:44:41,282 [INFO] [Dummy-6] [root/windows_notification.py:161]: Notification service started (WNF_SHEL_NOTIFICATION_TOTAL)
2026-08-23 16:44:41,293 [INFO] [MainThread] [root/watcher.py:65]: Watching directory: c:\users\felipe\.config\yasb
2026-08-23 16:44:41,293 [INFO] [MainThread] [root/watcher.py:104]: Created file watcher
2026-08-23 16:44:41,305 [INFO] [MainThread] [root/update_service.py:434]: Background update checker started
2026-08-23 16:45:12,937 [INFO] [MainThread] [root/controller.py:21]: Reloading Application because of config change.
2026-08-23 16:45:13,046 [INFO] [MainThread] [cli_server/cli_server.py:114]: Log pipe server stopped
2026-08-23 16:45:13,053 [INFO] [MainThread] [root/bar_manager.py:93]: Successfully loaded updated config and re-initialised all bars.
2026-08-23 16:45:13,067 [INFO] [MainThread] [root/bar_manager.py:119]: Stopping SystemEventListener...
2026-08-23 16:45:13,069 [INFO] [MainThread] [root/bar_manager.py:119]: Stopping WindowsNotificationEventListener...
2026-08-23 16:45:13,069 [INFO] [Dummy-6] [root/windows_notification.py:97]: Notification service stopped
2026-08-23 16:45:13,535 [INFO] [MainThread] [root/log.py:104]: YASB v2.0.6
2026-08-23 16:45:13,535 [INFO] [CLIPipeServer] [cli_server/cli_server.py:216]: CLI server started v1.1.7
2026-08-23 16:45:13,535 [INFO] [MainThread] [cli_server/cli_server.py:106]: Log pipe server started
2026-08-23 16:45:14,110 [INFO] [MainThread] [root/service.py:52]: AudioOutputService starting...
2026-08-23 16:45:14,175 [INFO] [SystrayHook] [systray_hook/systray_hook.py:193]: Injecting into Explorer (PID: 5164)
2026-08-23 16:45:14,237 [INFO] [MainThread] [root/bar_manager.py:103]: Starting SystemEventListener...
2026-08-23 16:45:14,237 [INFO] [MainThread] [root/bar_manager.py:103]: Starting WindowsNotificationEventListener...
2026-08-23 16:45:14,239 [INFO] [MainThread] [root/watcher.py:65]: Watching directory: c:\users\felipe\.config\yasb
2026-08-23 16:45:14,240 [INFO] [MainThread] [root/watcher.py:104]: Created file watcher
2026-08-23 16:45:14,254 [INFO] [MainThread] [root/update_service.py:434]: Background update checker started
2026-08-23 16:45:14,255 [INFO] [Dummy-8] [root/windows_notification.py:161]: Notification service started (WNF_SHEL_NOTIFICATION_TOTAL)
2026-08-23 16:55:50,407 [INFO] [MainThread] [root/controller.py:21]: Reloading Application because of config change.
2026-08-23 16:55:50,522 [INFO] [MainThread] [cli_server/cli_server.py:114]: Log pipe server stopped
2026-08-23 16:55:50,529 [INFO] [MainThread] [root/bar_manager.py:93]: Successfully loaded updated config and re-initialised all bars.
2026-08-23 16:55:50,551 [INFO] [MainThread] [root/bar_manager.py:119]: Stopping SystemEventListener...
2026-08-23 16:55:50,555 [INFO] [MainThread] [root/bar_manager.py:119]: Stopping WindowsNotificationEventListener...
2026-08-23 16:55:50,555 [INFO] [Dummy-8] [root/windows_notification.py:97]: Notification service stopped
2026-08-23 16:55:51,018 [INFO] [MainThread] [root/log.py:104]: YASB v2.0.6
2026-08-23 16:55:51,018 [INFO] [CLIPipeServer] [cli_server/cli_server.py:216]: CLI server started v1.1.7
2026-08-23 16:55:51,018 [INFO] [MainThread] [cli_server/cli_server.py:106]: Log pipe server started
2026-08-23 16:55:51,539 [INFO] [MainThread] [root/service.py:52]: AudioOutputService starting...
2026-08-23 16:55:51,666 [INFO] [MainThread] [root/bar_manager.py:103]: Starting SystemEventListener...
2026-08-23 16:55:51,667 [INFO] [MainThread] [root/bar_manager.py:103]: Starting WindowsNotificationEventListener...
2026-08-23 16:55:51,670 [INFO] [MainThread] [root/watcher.py:65]: Watching directory: c:\users\felipe\.config\yasb
2026-08-23 16:55:51,670 [INFO] [MainThread] [root/watcher.py:104]: Created file watcher
2026-08-23 16:55:51,691 [INFO] [MainThread] [root/update_service.py:434]: Background update checker started
2026-08-23 16:55:51,692 [INFO] [SystrayHook] [systray_hook/systray_hook.py:193]: Injecting into Explorer (PID: 5164)
2026-08-23 16:55:51,693 [INFO] [Dummy-8] [root/windows_notification.py:161]: Notification service started (WNF_SHEL_NOTIFICATION_TOTAL)
2026-08-23 16:57:00,115 [INFO] [MainThread] [root/controller.py:21]: Reloading Application because of config change.
2026-08-23 16:57:00,230 [INFO] [MainThread] [cli_server/cli_server.py:114]: Log pipe server stopped
2026-08-23 16:57:00,236 [INFO] [MainThread] [root/bar_manager.py:93]: Successfully loaded updated config and re-initialised all bars.
2026-08-23 16:57:00,259 [INFO] [MainThread] [root/bar_manager.py:119]: Stopping SystemEventListener...
2026-08-23 16:57:00,262 [INFO] [MainThread] [root/bar_manager.py:119]: Stopping WindowsNotificationEventListener...
2026-08-23 16:57:00,263 [INFO] [Dummy-8] [root/windows_notification.py:97]: Notification service stopped
2026-08-23 16:57:00,706 [INFO] [MainThread] [root/log.py:104]: YASB v2.0.6
2026-08-23 16:57:00,707 [INFO] [CLIPipeServer] [cli_server/cli_server.py:216]: CLI server started v1.1.7
2026-08-23 16:57:00,707 [INFO] [MainThread] [cli_server/cli_server.py:106]: Log pipe server started
2026-08-23 16:57:01,214 [INFO] [MainThread] [root/service.py:52]: AudioOutputService starting...
2026-08-23 16:57:01,336 [INFO] [MainThread] [root/bar_manager.py:103]: Starting SystemEventListener...
2026-08-23 16:57:01,337 [INFO] [MainThread] [root/bar_manager.py:103]: Starting WindowsNotificationEventListener...
2026-08-23 16:57:01,339 [INFO] [MainThread] [root/watcher.py:65]: Watching directory: c:\users\felipe\.config\yasb
2026-08-23 16:57:01,339 [INFO] [MainThread] [root/watcher.py:104]: Created file watcher
2026-08-23 16:57:01,354 [INFO] [MainThread] [root/update_service.py:434]: Background update checker started
2026-08-23 16:57:01,354 [INFO] [SystrayHook] [systray_hook/systray_hook.py:193]: Injecting into Explorer (PID: 5164)
2026-08-23 16:57:01,357 [INFO] [Dummy-8] [root/windows_notification.py:161]: Notification service started (WNF_SHEL_NOTIFICATION_TOTAL)
2026-08-23 16:57:55,035 [INFO] [MainThread] [root/controller.py:21]: Reloading Application because of config change.
2026-08-23 16:57:55,146 [INFO] [MainThread] [cli_server/cli_server.py:114]: Log pipe server stopped
2026-08-23 16:57:55,152 [INFO] [MainThread] [root/bar_manager.py:93]: Successfully loaded updated config and re-initialised all bars.
2026-08-23 16:57:55,173 [INFO] [MainThread] [root/bar_manager.py:119]: Stopping SystemEventListener...
2026-08-23 16:57:55,176 [INFO] [MainThread] [root/bar_manager.py:119]: Stopping WindowsNotificationEventListener...
2026-08-23 16:57:55,176 [INFO] [Dummy-8] [root/windows_notification.py:97]: Notification service stopped
2026-08-23 16:57:55,639 [INFO] [MainThread] [root/log.py:104]: YASB v2.0.6
2026-08-23 16:57:55,640 [INFO] [CLIPipeServer] [cli_server/cli_server.py:216]: CLI server started v1.1.7
2026-08-23 16:57:55,640 [INFO] [MainThread] [cli_server/cli_server.py:106]: Log pipe server started
2026-08-23 16:57:56,156 [INFO] [MainThread] [root/service.py:52]: AudioOutputService starting...
2026-08-23 16:57:56,229 [INFO] [SystrayHook] [systray_hook/systray_hook.py:193]: Injecting into Explorer (PID: 5164)
2026-08-23 16:57:56,302 [INFO] [MainThread] [root/bar_manager.py:103]: Starting WindowsNotificationEventListener...
2026-08-23 16:57:56,302 [INFO] [MainThread] [root/bar_manager.py:103]: Starting SystemEventListener...
2026-08-23 16:57:56,305 [INFO] [MainThread] [root/watcher.py:65]: Watching directory: c:\users\felipe\.config\yasb
2026-08-23 16:57:56,305 [INFO] [MainThread] [root/watcher.py:104]: Created file watcher
2026-08-23 16:57:56,322 [INFO] [MainThread] [root/update_service.py:434]: Background update checker started
2026-08-23 16:57:56,324 [INFO] [Dummy-8] [root/windows_notification.py:161]: Notification service started (WNF_SHEL_NOTIFICATION_TOTAL)
2026-08-23 17:04:00,738 [ERROR] [MainThread] [root/config.py:113]: The file 'C:\Users\Felipe\.config\yasb\config.yaml' contains Parser Error(s). Please fix:
while parsing a block mapping
  in "C:\Users\Felipe\.config\yasb\config.yaml", line 101, column 9
expected <block end>, but found '<scalar>'
  in "C:\Users\Felipe\.config\yasb\config.yaml", line 102, column 25
2026-08-23 17:04:08,968 [INFO] [MainThread] [root/controller.py:21]: Reloading Application because of config change.
2026-08-23 17:04:09,081 [INFO] [MainThread] [cli_server/cli_server.py:114]: Log pipe server stopped
2026-08-23 17:04:09,087 [INFO] [MainThread] [root/bar_manager.py:93]: Successfully loaded updated config and re-initialised all bars.
2026-08-23 17:04:09,109 [INFO] [MainThread] [root/bar_manager.py:119]: Stopping WindowsNotificationEventListener...
2026-08-23 17:04:09,109 [INFO] [Dummy-8] [root/windows_notification.py:97]: Notification service stopped
2026-08-23 17:04:09,111 [INFO] [MainThread] [root/bar_manager.py:119]: Stopping SystemEventListener...
2026-08-23 17:04:09,562 [INFO] [MainThread] [root/log.py:104]: YASB v2.0.6
2026-08-23 17:04:09,562 [INFO] [CLIPipeServer] [cli_server/cli_server.py:216]: CLI server started v1.1.7
2026-08-23 17:04:09,563 [INFO] [MainThread] [cli_server/cli_server.py:106]: Log pipe server started
2026-08-23 17:04:10,074 [INFO] [MainThread] [root/service.py:52]: AudioOutputService starting...
2026-08-23 17:04:10,198 [INFO] [MainThread] [root/bar_manager.py:103]: Starting SystemEventListener...
2026-08-23 17:04:10,199 [INFO] [MainThread] [root/bar_manager.py:103]: Starting WindowsNotificationEventListener...
2026-08-23 17:04:10,201 [INFO] [MainThread] [root/watcher.py:65]: Watching directory: c:\users\felipe\.config\yasb
2026-08-23 17:04:10,201 [INFO] [MainThread] [root/watcher.py:104]: Created file watcher
2026-08-23 17:04:10,215 [INFO] [SystrayHook] [systray_hook/systray_hook.py:193]: Injecting into Explorer (PID: 5164)
2026-08-23 17:04:10,218 [INFO] [MainThread] [root/update_service.py:434]: Background update checker started
2026-08-23 17:04:10,218 [INFO] [Dummy-8] [root/windows_notification.py:161]: Notification service started (WNF_SHEL_NOTIFICATION_TOTAL)
2026-08-23 17:05:20,714 [INFO] [MainThread] [root/controller.py:21]: Reloading Application because of config change.
2026-08-23 17:05:20,827 [INFO] [MainThread] [cli_server/cli_server.py:114]: Log pipe server stopped
2026-08-23 17:05:20,833 [INFO] [MainThread] [root/bar_manager.py:93]: Successfully loaded updated config and re-initialised all bars.
2026-08-23 17:05:20,855 [INFO] [MainThread] [root/bar_manager.py:119]: Stopping SystemEventListener...
2026-08-23 17:05:20,857 [INFO] [MainThread] [root/bar_manager.py:119]: Stopping WindowsNotificationEventListener...
2026-08-23 17:05:20,858 [INFO] [Dummy-8] [root/windows_notification.py:97]: Notification service stopped
2026-08-23 17:05:21,306 [INFO] [MainThread] [root/log.py:104]: YASB v2.0.6
2026-08-23 17:05:21,306 [INFO] [CLIPipeServer] [cli_server/cli_server.py:216]: CLI server started v1.1.7
2026-08-23 17:05:21,307 [INFO] [MainThread] [cli_server/cli_server.py:106]: Log pipe server started
2026-08-23 17:05:21,843 [INFO] [MainThread] [root/service.py:52]: AudioOutputService starting...
2026-08-23 17:05:21,915 [INFO] [SystrayHook] [systray_hook/systray_hook.py:193]: Injecting into Explorer (PID: 5164)
2026-08-23 17:05:21,976 [INFO] [MainThread] [root/bar_manager.py:103]: Starting WindowsNotificationEventListener...
2026-08-23 17:05:21,977 [INFO] [MainThread] [root/bar_manager.py:103]: Starting SystemEventListener...
2026-08-23 17:05:21,980 [INFO] [MainThread] [root/watcher.py:65]: Watching directory: c:\users\felipe\.config\yasb
2026-08-23 17:05:21,980 [INFO] [MainThread] [root/watcher.py:104]: Created file watcher
2026-08-23 17:05:21,997 [INFO] [MainThread] [root/update_service.py:434]: Background update checker started
2026-08-23 17:05:22,001 [INFO] [Dummy-8] [root/windows_notification.py:161]: Notification service started (WNF_SHEL_NOTIFICATION_TOTAL)
2026-08-23 17:06:22,921 [INFO] [MainThread] [root/controller.py:21]: Reloading Application because of config change.
2026-08-23 17:06:23,033 [INFO] [MainThread] [cli_server/cli_server.py:114]: Log pipe server stopped
2026-08-23 17:06:23,040 [INFO] [MainThread] [root/bar_manager.py:93]: Successfully loaded updated config and re-initialised all bars.
2026-08-23 17:06:23,059 [INFO] [MainThread] [root/bar_manager.py:119]: Stopping WindowsNotificationEventListener...
2026-08-23 17:06:23,060 [INFO] [Dummy-8] [root/windows_notification.py:97]: Notification service stopped
2026-08-23 17:06:23,062 [INFO] [MainThread] [root/bar_manager.py:119]: Stopping SystemEventListener...
2026-08-23 17:06:23,557 [INFO] [MainThread] [root/log.py:104]: YASB v2.0.6
2026-08-23 17:06:23,558 [INFO] [CLIPipeServer] [cli_server/cli_server.py:216]: CLI server started v1.1.7
2026-08-23 17:06:23,558 [INFO] [MainThread] [cli_server/cli_server.py:106]: Log pipe server started
2026-08-23 17:06:24,103 [INFO] [MainThread] [root/service.py:52]: AudioOutputService starting...
2026-08-23 17:06:24,219 [INFO] [SystrayHook] [systray_hook/systray_hook.py:193]: Injecting into Explorer (PID: 5164)
2026-08-23 17:06:24,233 [INFO] [MainThread] [root/bar_manager.py:103]: Starting SystemEventListener...
2026-08-23 17:06:24,234 [INFO] [MainThread] [root/bar_manager.py:103]: Starting WindowsNotificationEventListener...
2026-08-23 17:06:24,237 [INFO] [MainThread] [root/watcher.py:65]: Watching directory: c:\users\felipe\.config\yasb
2026-08-23 17:06:24,237 [INFO] [MainThread] [root/watcher.py:104]: Created file watcher
2026-08-23 17:06:24,252 [INFO] [Dummy-8] [root/windows_notification.py:161]: Notification service started (WNF_SHEL_NOTIFICATION_TOTAL)
2026-08-23 17:06:24,254 [INFO] [MainThread] [root/update_service.py:434]: Background update checker started
2026-08-23 17:09:08,661 [INFO] [MainThread] [root/controller.py:21]: Reloading Application because of config change.
2026-08-23 17:09:08,768 [INFO] [MainThread] [cli_server/cli_server.py:114]: Log pipe server stopped
2026-08-23 17:09:08,775 [INFO] [MainThread] [root/bar_manager.py:93]: Successfully loaded updated config and re-initialised all bars.
2026-08-23 17:09:08,796 [INFO] [MainThread] [root/bar_manager.py:119]: Stopping SystemEventListener...
2026-08-23 17:09:08,799 [INFO] [MainThread] [root/bar_manager.py:119]: Stopping WindowsNotificationEventListener...
2026-08-23 17:09:08,799 [INFO] [Dummy-8] [root/windows_notification.py:97]: Notification service stopped
2026-08-23 17:09:09,271 [INFO] [MainThread] [root/log.py:104]: YASB v2.0.6
2026-08-23 17:09:09,272 [INFO] [CLIPipeServer] [cli_server/cli_server.py:216]: CLI server started v1.1.7
2026-08-23 17:09:09,272 [INFO] [MainThread] [cli_server/cli_server.py:106]: Log pipe server started
2026-08-23 17:09:10,010 [INFO] [MainThread] [root/service.py:52]: AudioOutputService starting...
2026-08-23 17:09:10,125 [INFO] [MainThread] [root/bar_manager.py:103]: Starting WindowsNotificationEventListener...
2026-08-23 17:09:10,126 [INFO] [MainThread] [root/bar_manager.py:103]: Starting SystemEventListener...
2026-08-23 17:09:10,128 [INFO] [MainThread] [root/watcher.py:65]: Watching directory: c:\users\felipe\.config\yasb
2026-08-23 17:09:10,128 [INFO] [MainThread] [root/watcher.py:104]: Created file watcher
2026-08-23 17:09:10,145 [INFO] [MainThread] [root/update_service.py:434]: Background update checker started
2026-08-23 17:09:10,146 [INFO] [SystrayHook] [systray_hook/systray_hook.py:193]: Injecting into Explorer (PID: 5164)
2026-08-23 17:09:10,150 [INFO] [Dummy-8] [root/windows_notification.py:161]: Notification service started (WNF_SHEL_NOTIFICATION_TOTAL)
2026-08-23 20:40:01,475 [INFO] [MainThread] [root/controller.py:21]: Reloading Application because of config change.
2026-08-23 20:40:01,589 [INFO] [MainThread] [cli_server/cli_server.py:114]: Log pipe server stopped
2026-08-23 20:40:01,601 [INFO] [MainThread] [root/bar_manager.py:93]: Successfully loaded updated config and re-initialised all bars.
2026-08-23 20:40:01,630 [INFO] [MainThread] [root/bar_manager.py:119]: Stopping WindowsNotificationEventListener...
2026-08-23 20:40:01,631 [INFO] [Dummy-8] [root/windows_notification.py:97]: Notification service stopped
2026-08-23 20:40:01,635 [INFO] [MainThread] [root/bar_manager.py:119]: Stopping SystemEventListener...
2026-08-23 20:40:02,208 [INFO] [MainThread] [root/log.py:104]: YASB v2.0.6
2026-08-23 20:40:02,208 [INFO] [CLIPipeServer] [cli_server/cli_server.py:216]: CLI server started v1.1.7
2026-08-23 20:40:02,209 [INFO] [MainThread] [cli_server/cli_server.py:106]: Log pipe server started
2026-08-23 20:40:03,494 [INFO] [MainThread] [root/service.py:52]: AudioOutputService starting...
2026-08-23 20:40:03,622 [INFO] [MainThread] [root/bar_manager.py:103]: Starting WindowsNotificationEventListener...
2026-08-23 20:40:03,622 [INFO] [SystrayHook] [systray_hook/systray_hook.py:193]: Injecting into Explorer (PID: 5164)
2026-08-23 20:40:03,623 [INFO] [MainThread] [root/bar_manager.py:103]: Starting SystemEventListener...
2026-08-23 20:40:03,626 [INFO] [MainThread] [root/watcher.py:65]: Watching directory: c:\users\felipe\.config\yasb
2026-08-23 20:40:03,626 [INFO] [MainThread] [root/watcher.py:104]: Created file watcher
2026-08-23 20:40:03,642 [INFO] [MainThread] [root/update_service.py:434]: Background update checker started
2026-08-23 20:40:03,650 [INFO] [Dummy-8] [root/windows_notification.py:161]: Notification service started (WNF_SHEL_NOTIFICATION_TOTAL)
2026-08-23 20:40:39,890 [INFO] [MainThread] [root/controller.py:21]: Reloading Application because of config change.
2026-08-23 20:40:39,997 [INFO] [MainThread] [cli_server/cli_server.py:114]: Log pipe server stopped
2026-08-23 20:40:40,003 [INFO] [MainThread] [root/bar_manager.py:93]: Successfully loaded updated config and re-initialised all bars.
2026-08-23 20:40:40,028 [INFO] [MainThread] [root/bar_manager.py:119]: Stopping WindowsNotificationEventListener...
2026-08-23 20:40:40,028 [INFO] [Dummy-8] [root/windows_notification.py:97]: Notification service stopped
2026-08-23 20:40:40,031 [INFO] [MainThread] [root/bar_manager.py:119]: Stopping SystemEventListener...
2026-08-23 20:40:40,491 [INFO] [MainThread] [root/log.py:104]: YASB v2.0.6
2026-08-23 20:40:40,491 [INFO] [CLIPipeServer] [cli_server/cli_server.py:216]: CLI server started v1.1.7
2026-08-23 20:40:40,492 [INFO] [MainThread] [cli_server/cli_server.py:106]: Log pipe server started
2026-08-23 20:40:41,775 [INFO] [MainThread] [root/service.py:52]: AudioOutputService starting...
2026-08-23 20:40:41,905 [INFO] [SystrayHook] [systray_hook/systray_hook.py:193]: Injecting into Explorer (PID: 5164)
2026-08-23 20:40:41,909 [INFO] [MainThread] [root/bar_manager.py:103]: Starting SystemEventListener...
2026-08-23 20:40:41,909 [INFO] [MainThread] [root/bar_manager.py:103]: Starting WindowsNotificationEventListener...
2026-08-23 20:40:41,912 [INFO] [MainThread] [root/watcher.py:65]: Watching directory: c:\users\felipe\.config\yasb
2026-08-23 20:40:41,913 [INFO] [MainThread] [root/watcher.py:104]: Created file watcher
2026-08-23 20:40:41,929 [INFO] [MainThread] [root/update_service.py:434]: Background update checker started
2026-08-23 20:40:41,935 [INFO] [Dummy-8] [root/windows_notification.py:161]: Notification service started (WNF_SHEL_NOTIFICATION_TOTAL)
2026-08-23 20:40:49,423 [INFO] [MainThread] [root/controller.py:21]: Reloading Application because of config change.
2026-08-23 20:40:49,531 [INFO] [MainThread] [cli_server/cli_server.py:114]: Log pipe server stopped
2026-08-23 20:40:49,538 [INFO] [MainThread] [root/bar_manager.py:93]: Successfully loaded updated config and re-initialised all bars.
2026-08-23 20:40:49,563 [INFO] [MainThread] [root/bar_manager.py:119]: Stopping SystemEventListener...
2026-08-23 20:40:49,566 [INFO] [MainThread] [root/bar_manager.py:119]: Stopping WindowsNotificationEventListener...
2026-08-23 20:40:49,566 [INFO] [Dummy-8] [root/windows_notification.py:97]: Notification service stopped
2026-08-23 20:40:50,040 [INFO] [MainThread] [root/log.py:104]: YASB v2.0.6
2026-08-23 20:40:50,040 [INFO] [CLIPipeServer] [cli_server/cli_server.py:216]: CLI server started v1.1.7
2026-08-23 20:40:50,041 [INFO] [MainThread] [cli_server/cli_server.py:106]: Log pipe server started
2026-08-23 20:40:51,260 [INFO] [MainThread] [root/service.py:52]: AudioOutputService starting...
2026-08-23 20:40:51,375 [INFO] [MainThread] [root/bar_manager.py:103]: Starting WindowsNotificationEventListener...
2026-08-23 20:40:51,376 [INFO] [MainThread] [root/bar_manager.py:103]: Starting SystemEventListener...
2026-08-23 20:40:51,378 [INFO] [MainThread] [root/watcher.py:65]: Watching directory: c:\users\felipe\.config\yasb
2026-08-23 20:40:51,378 [INFO] [MainThread] [root/watcher.py:104]: Created file watcher
2026-08-23 20:40:51,393 [INFO] [MainThread] [root/update_service.py:434]: Background update checker started
2026-08-23 20:40:51,397 [INFO] [Dummy-8] [root/windows_notification.py:161]: Notification service started (WNF_SHEL_NOTIFICATION_TOTAL)
2026-08-23 20:40:51,398 [INFO] [SystrayHook] [systray_hook/systray_hook.py:193]: Injecting into Explorer (PID: 5164)
2026-08-23 20:41:01,654 [INFO] [MainThread] [root/controller.py:21]: Reloading Application because of config change.
2026-08-23 20:41:01,769 [INFO] [MainThread] [cli_server/cli_server.py:114]: Log pipe server stopped
2026-08-23 20:41:01,775 [INFO] [MainThread] [root/bar_manager.py:93]: Successfully loaded updated config and re-initialised all bars.
2026-08-23 20:41:01,799 [INFO] [MainThread] [root/bar_manager.py:119]: Stopping WindowsNotificationEventListener...
2026-08-23 20:41:01,799 [INFO] [Dummy-8] [root/windows_notification.py:97]: Notification service stopped
2026-08-23 20:41:01,801 [INFO] [MainThread] [root/bar_manager.py:119]: Stopping SystemEventListener...
2026-08-23 20:41:02,247 [INFO] [MainThread] [root/log.py:104]: YASB v2.0.6
2026-08-23 20:41:02,248 [INFO] [CLIPipeServer] [cli_server/cli_server.py:216]: CLI server started v1.1.7
2026-08-23 20:41:02,248 [INFO] [MainThread] [cli_server/cli_server.py:106]: Log pipe server started
2026-08-23 20:41:03,474 [INFO] [MainThread] [root/service.py:52]: AudioOutputService starting...
2026-08-23 20:41:03,590 [INFO] [MainThread] [root/bar_manager.py:103]: Starting WindowsNotificationEventListener...
2026-08-23 20:41:03,590 [INFO] [MainThread] [root/bar_manager.py:103]: Starting SystemEventListener...
2026-08-23 20:41:03,593 [INFO] [MainThread] [root/watcher.py:65]: Watching directory: c:\users\felipe\.config\yasb
2026-08-23 20:41:03,593 [INFO] [MainThread] [root/watcher.py:104]: Created file watcher
2026-08-23 20:41:03,608 [INFO] [MainThread] [root/update_service.py:434]: Background update checker started
2026-08-23 20:41:03,612 [INFO] [SystrayHook] [systray_hook/systray_hook.py:193]: Injecting into Explorer (PID: 5164)
2026-08-23 20:41:03,614 [INFO] [Dummy-8] [root/windows_notification.py:161]: Notification service started (WNF_SHEL_NOTIFICATION_TOTAL)
2026-08-23 20:41:23,183 [INFO] [MainThread] [root/controller.py:21]: Reloading Application because of config change.
2026-08-23 20:41:23,296 [INFO] [MainThread] [cli_server/cli_server.py:114]: Log pipe server stopped
2026-08-23 20:41:23,303 [INFO] [MainThread] [root/bar_manager.py:93]: Successfully loaded updated config and re-initialised all bars.
2026-08-23 20:41:23,325 [INFO] [MainThread] [root/bar_manager.py:119]: Stopping WindowsNotificationEventListener...
2026-08-23 20:41:23,326 [INFO] [Dummy-8] [root/windows_notification.py:97]: Notification service stopped
2026-08-23 20:41:23,328 [INFO] [MainThread] [root/bar_manager.py:119]: Stopping SystemEventListener...
2026-08-23 20:41:23,775 [INFO] [MainThread] [root/log.py:104]: YASB v2.0.6
2026-08-23 20:41:23,775 [INFO] [CLIPipeServer] [cli_server/cli_server.py:216]: CLI server started v1.1.7
2026-08-23 20:41:23,776 [INFO] [MainThread] [cli_server/cli_server.py:106]: Log pipe server started
2026-08-23 20:41:24,997 [INFO] [MainThread] [root/service.py:52]: AudioOutputService starting...
2026-08-23 20:41:25,113 [INFO] [MainThread] [root/bar_manager.py:103]: Starting SystemEventListener...
2026-08-23 20:41:25,113 [INFO] [MainThread] [root/bar_manager.py:103]: Starting WindowsNotificationEventListener...
2026-08-23 20:41:25,115 [INFO] [MainThread] [root/watcher.py:65]: Watching directory: c:\users\felipe\.config\yasb
2026-08-23 20:41:25,116 [INFO] [MainThread] [root/watcher.py:104]: Created file watcher
2026-08-23 20:41:25,131 [INFO] [MainThread] [root/update_service.py:434]: Background update checker started
2026-08-23 20:41:25,135 [INFO] [SystrayHook] [systray_hook/systray_hook.py:193]: Injecting into Explorer (PID: 5164)
2026-08-23 20:41:25,138 [INFO] [Dummy-8] [root/windows_notification.py:161]: Notification service started (WNF_SHEL_NOTIFICATION_TOTAL)
2026-08-23 20:41:32,119 [INFO] [MainThread] [root/controller.py:21]: Reloading Application because of config change.
2026-08-23 20:41:32,227 [INFO] [MainThread] [cli_server/cli_server.py:114]: Log pipe server stopped
2026-08-23 20:41:32,234 [INFO] [MainThread] [root/bar_manager.py:93]: Successfully loaded updated config and re-initialised all bars.
2026-08-23 20:41:32,257 [INFO] [MainThread] [root/bar_manager.py:119]: Stopping SystemEventListener...
2026-08-23 20:41:32,260 [INFO] [MainThread] [root/bar_manager.py:119]: Stopping WindowsNotificationEventListener...
2026-08-23 20:41:32,261 [INFO] [Dummy-8] [root/windows_notification.py:97]: Notification service stopped
2026-08-23 20:41:32,712 [INFO] [MainThread] [root/log.py:104]: YASB v2.0.6
2026-08-23 20:41:32,712 [INFO] [CLIPipeServer] [cli_server/cli_server.py:216]: CLI server started v1.1.7
2026-08-23 20:41:32,713 [INFO] [MainThread] [cli_server/cli_server.py:106]: Log pipe server started
2026-08-23 20:41:33,939 [INFO] [MainThread] [root/service.py:52]: AudioOutputService starting...
2026-08-23 20:41:34,057 [INFO] [MainThread] [root/bar_manager.py:103]: Starting WindowsNotificationEventListener...
2026-08-23 20:41:34,057 [INFO] [MainThread] [root/bar_manager.py:103]: Starting SystemEventListener...
2026-08-23 20:41:34,059 [INFO] [MainThread] [root/watcher.py:65]: Watching directory: c:\users\felipe\.config\yasb
2026-08-23 20:41:34,059 [INFO] [MainThread] [root/watcher.py:104]: Created file watcher
2026-08-23 20:41:34,074 [INFO] [MainThread] [root/update_service.py:434]: Background update checker started
2026-08-23 20:41:34,079 [INFO] [SystrayHook] [systray_hook/systray_hook.py:193]: Injecting into Explorer (PID: 5164)
2026-08-23 20:41:34,080 [INFO] [Dummy-8] [root/windows_notification.py:161]: Notification service started (WNF_SHEL_NOTIFICATION_TOTAL)
2026-08-23 20:46:10,494 [INFO] [MainThread] [root/controller.py:21]: Reloading Application because of config change.
2026-08-23 20:46:10,606 [INFO] [MainThread] [cli_server/cli_server.py:114]: Log pipe server stopped
2026-08-23 20:46:10,613 [INFO] [MainThread] [root/bar_manager.py:93]: Successfully loaded updated config and re-initialised all bars.
2026-08-23 20:46:10,638 [INFO] [MainThread] [root/bar_manager.py:119]: Stopping WindowsNotificationEventListener...
2026-08-23 20:46:10,639 [INFO] [Dummy-8] [root/windows_notification.py:97]: Notification service stopped
2026-08-23 20:46:10,641 [INFO] [MainThread] [root/bar_manager.py:119]: Stopping SystemEventListener...
2026-08-23 20:46:11,094 [INFO] [MainThread] [root/log.py:104]: YASB v2.0.6
2026-08-23 20:46:11,095 [INFO] [CLIPipeServer] [cli_server/cli_server.py:216]: CLI server started v1.1.7
2026-08-23 20:46:11,095 [INFO] [MainThread] [cli_server/cli_server.py:106]: Log pipe server started
2026-08-23 20:46:12,380 [INFO] [MainThread] [root/service.py:52]: AudioOutputService starting...
2026-08-23 20:46:12,501 [INFO] [MainThread] [root/bar_manager.py:103]: Starting WindowsNotificationEventListener...
2026-08-23 20:46:12,501 [INFO] [MainThread] [root/bar_manager.py:103]: Starting SystemEventListener...
2026-08-23 20:46:12,504 [INFO] [MainThread] [root/watcher.py:65]: Watching directory: c:\users\felipe\.config\yasb
2026-08-23 20:46:12,504 [INFO] [MainThread] [root/watcher.py:104]: Created file watcher
2026-08-23 20:46:12,520 [INFO] [MainThread] [root/update_service.py:434]: Background update checker started
2026-08-23 20:46:12,524 [INFO] [SystrayHook] [systray_hook/systray_hook.py:193]: Injecting into Explorer (PID: 5164)
2026-08-23 20:46:12,526 [INFO] [Dummy-8] [root/windows_notification.py:161]: Notification service started (WNF_SHEL_NOTIFICATION_TOTAL)
2026-08-23 20:46:46,108 [INFO] [MainThread] [root/controller.py:21]: Reloading Application because of config change.
2026-08-23 20:46:46,212 [INFO] [MainThread] [cli_server/cli_server.py:114]: Log pipe server stopped
2026-08-23 20:46:46,220 [INFO] [MainThread] [root/bar_manager.py:93]: Successfully loaded updated config and re-initialised all bars.
2026-08-23 20:46:46,244 [INFO] [MainThread] [root/bar_manager.py:119]: Stopping WindowsNotificationEventListener...
2026-08-23 20:46:46,244 [INFO] [Dummy-8] [root/windows_notification.py:97]: Notification service stopped
2026-08-23 20:46:46,246 [INFO] [MainThread] [root/bar_manager.py:119]: Stopping SystemEventListener...
2026-08-23 20:46:46,718 [INFO] [MainThread] [root/log.py:104]: YASB v2.0.6
2026-08-23 20:46:46,719 [INFO] [CLIPipeServer] [cli_server/cli_server.py:216]: CLI server started v1.1.7
2026-08-23 20:46:46,719 [INFO] [MainThread] [cli_server/cli_server.py:106]: Log pipe server started
2026-08-23 20:46:47,989 [INFO] [MainThread] [root/service.py:52]: AudioOutputService starting...
2026-08-23 20:46:48,103 [INFO] [MainThread] [root/bar_manager.py:103]: Starting WindowsNotificationEventListener...
2026-08-23 20:46:48,104 [INFO] [MainThread] [root/bar_manager.py:103]: Starting SystemEventListener...
2026-08-23 20:46:48,105 [INFO] [MainThread] [root/watcher.py:65]: Watching directory: c:\users\felipe\.config\yasb
2026-08-23 20:46:48,106 [INFO] [MainThread] [root/watcher.py:104]: Created file watcher
2026-08-23 20:46:48,121 [INFO] [MainThread] [root/update_service.py:434]: Background update checker started
2026-08-23 20:46:48,125 [INFO] [SystrayHook] [systray_hook/systray_hook.py:193]: Injecting into Explorer (PID: 5164)
2026-08-23 20:46:48,127 [INFO] [Dummy-8] [root/windows_notification.py:161]: Notification service started (WNF_SHEL_NOTIFICATION_TOTAL)
2026-08-23 20:47:18,453 [INFO] [MainThread] [root/controller.py:21]: Reloading Application because of config change.
2026-08-23 20:47:18,553 [INFO] [MainThread] [cli_server/cli_server.py:114]: Log pipe server stopped
2026-08-23 20:47:18,560 [INFO] [MainThread] [root/bar_manager.py:93]: Successfully loaded updated config and re-initialised all bars.
2026-08-23 20:47:18,584 [INFO] [MainThread] [root/bar_manager.py:119]: Stopping WindowsNotificationEventListener...
2026-08-23 20:47:18,585 [INFO] [Dummy-8] [root/windows_notification.py:97]: Notification service stopped
2026-08-23 20:47:18,587 [INFO] [MainThread] [root/bar_manager.py:119]: Stopping SystemEventListener...
2026-08-23 20:47:19,051 [INFO] [MainThread] [root/log.py:104]: YASB v2.0.6
2026-08-23 20:47:19,051 [INFO] [CLIPipeServer] [cli_server/cli_server.py:216]: CLI server started v1.1.7
2026-08-23 20:47:19,052 [INFO] [MainThread] [cli_server/cli_server.py:106]: Log pipe server started
2026-08-23 20:47:20,325 [INFO] [MainThread] [root/service.py:52]: AudioOutputService starting...
2026-08-23 20:47:20,478 [INFO] [MainThread] [root/bar_manager.py:103]: Starting WindowsNotificationEventListener...
2026-08-23 20:47:20,479 [INFO] [MainThread] [root/bar_manager.py:103]: Starting SystemEventListener...
2026-08-23 20:47:20,481 [INFO] [MainThread] [root/watcher.py:65]: Watching directory: c:\users\felipe\.config\yasb
2026-08-23 20:47:20,481 [INFO] [MainThread] [root/watcher.py:104]: Created file watcher
2026-08-23 20:47:20,493 [INFO] [MainThread] [root/update_service.py:434]: Background update checker started
2026-08-23 20:47:20,496 [INFO] [SystrayHook] [systray_hook/systray_hook.py:193]: Injecting into Explorer (PID: 5164)
2026-08-23 20:47:20,496 [INFO] [Dummy-8] [root/windows_notification.py:161]: Notification service started (WNF_SHEL_NOTIFICATION_TOTAL)
2026-08-23 20:48:26,315 [ERROR] [MainThread] [root/bar_manager.py:80]: Error loading config: while scanning a double-quoted scalar
  in "C:\Users\Felipe\.config\yasb\config.yaml", line 277, column 23
found unknown escape character '\uf444'
  in "C:\Users\Felipe\.config\yasb\config.yaml", line 277, column 25
2026-08-23 20:48:34,152 [INFO] [MainThread] [root/controller.py:21]: Reloading Application because of config change.
2026-08-23 20:48:34,257 [INFO] [MainThread] [cli_server/cli_server.py:114]: Log pipe server stopped
2026-08-23 20:48:34,264 [INFO] [MainThread] [root/bar_manager.py:93]: Successfully loaded updated config and re-initialised all bars.
2026-08-23 20:48:34,289 [INFO] [MainThread] [root/bar_manager.py:119]: Stopping WindowsNotificationEventListener...
2026-08-23 20:48:34,289 [INFO] [Dummy-8] [root/windows_notification.py:97]: Notification service stopped
2026-08-23 20:48:34,292 [INFO] [MainThread] [root/bar_manager.py:119]: Stopping SystemEventListener...
2026-08-23 20:48:34,741 [INFO] [MainThread] [root/log.py:104]: YASB v2.0.6
2026-08-23 20:48:34,742 [INFO] [CLIPipeServer] [cli_server/cli_server.py:216]: CLI server started v1.1.7
2026-08-23 20:48:34,742 [INFO] [MainThread] [cli_server/cli_server.py:106]: Log pipe server started
2026-08-23 20:48:36,030 [INFO] [MainThread] [root/service.py:52]: AudioOutputService starting...
2026-08-23 20:48:36,177 [INFO] [MainThread] [root/bar_manager.py:103]: Starting SystemEventListener...
2026-08-23 20:48:36,178 [INFO] [MainThread] [root/bar_manager.py:103]: Starting WindowsNotificationEventListener...
2026-08-23 20:48:36,180 [INFO] [MainThread] [root/watcher.py:65]: Watching directory: c:\users\felipe\.config\yasb
2026-08-23 20:48:36,180 [INFO] [MainThread] [root/watcher.py:104]: Created file watcher
2026-08-23 20:48:36,190 [INFO] [SystrayHook] [systray_hook/systray_hook.py:193]: Injecting into Explorer (PID: 5164)
2026-08-23 20:48:36,193 [INFO] [MainThread] [root/update_service.py:434]: Background update checker started
2026-08-23 20:48:36,196 [INFO] [Dummy-8] [root/windows_notification.py:161]: Notification service started (WNF_SHEL_NOTIFICATION_TOTAL)
2026-08-23 20:49:24,703 [INFO] [MainThread] [root/controller.py:21]: Reloading Application because of config change.
2026-08-23 20:49:24,815 [INFO] [MainThread] [cli_server/cli_server.py:114]: Log pipe server stopped
2026-08-23 20:49:24,822 [INFO] [MainThread] [root/bar_manager.py:93]: Successfully loaded updated config and re-initialised all bars.
2026-08-23 20:49:24,845 [INFO] [MainThread] [root/bar_manager.py:119]: Stopping SystemEventListener...
2026-08-23 20:49:24,848 [INFO] [MainThread] [root/bar_manager.py:119]: Stopping WindowsNotificationEventListener...
2026-08-23 20:49:24,848 [INFO] [Dummy-8] [root/windows_notification.py:97]: Notification service stopped
2026-08-23 20:49:25,326 [INFO] [MainThread] [root/log.py:104]: YASB v2.0.6
2026-08-23 20:49:25,326 [INFO] [CLIPipeServer] [cli_server/cli_server.py:216]: CLI server started v1.1.7
2026-08-23 20:49:25,326 [INFO] [MainThread] [cli_server/cli_server.py:106]: Log pipe server started
2026-08-23 20:49:26,554 [INFO] [MainThread] [root/service.py:52]: AudioOutputService starting...
2026-08-23 20:49:26,672 [INFO] [MainThread] [root/bar_manager.py:103]: Starting WindowsNotificationEventListener...
2026-08-23 20:49:26,672 [INFO] [MainThread] [root/bar_manager.py:103]: Starting SystemEventListener...
2026-08-23 20:49:26,674 [INFO] [MainThread] [root/watcher.py:65]: Watching directory: c:\users\felipe\.config\yasb
2026-08-23 20:49:26,674 [INFO] [MainThread] [root/watcher.py:104]: Created file watcher
2026-08-23 20:49:26,692 [INFO] [MainThread] [root/update_service.py:434]: Background update checker started
2026-08-23 20:49:26,693 [INFO] [SystrayHook] [systray_hook/systray_hook.py:193]: Injecting into Explorer (PID: 5164)
2026-08-23 20:49:26,695 [INFO] [Dummy-8] [root/windows_notification.py:161]: Notification service started (WNF_SHEL_NOTIFICATION_TOTAL)
2026-08-23 20:54:05,893 [INFO] [MainThread] [root/controller.py:21]: Reloading Application because of config change.
2026-08-23 20:54:06,006 [INFO] [MainThread] [cli_server/cli_server.py:114]: Log pipe server stopped
2026-08-23 20:54:06,014 [INFO] [MainThread] [root/bar_manager.py:93]: Successfully loaded updated config and re-initialised all bars.
2026-08-23 20:54:06,040 [INFO] [MainThread] [root/bar_manager.py:119]: Stopping WindowsNotificationEventListener...
2026-08-23 20:54:06,040 [INFO] [Dummy-8] [root/windows_notification.py:97]: Notification service stopped
2026-08-23 20:54:06,044 [INFO] [MainThread] [root/bar_manager.py:119]: Stopping SystemEventListener...
2026-08-23 20:54:06,555 [INFO] [MainThread] [root/log.py:104]: YASB v2.0.6
2026-08-23 20:54:06,555 [INFO] [CLIPipeServer] [cli_server/cli_server.py:216]: CLI server started v1.1.7
2026-08-23 20:54:06,556 [INFO] [MainThread] [cli_server/cli_server.py:106]: Log pipe server started
2026-08-23 20:54:07,945 [INFO] [MainThread] [root/service.py:52]: AudioOutputService starting...
2026-08-23 20:54:08,076 [INFO] [SystrayHook] [systray_hook/systray_hook.py:193]: Injecting into Explorer (PID: 5164)
2026-08-23 20:54:08,090 [INFO] [MainThread] [root/bar_manager.py:103]: Starting WindowsNotificationEventListener...
2026-08-23 20:54:08,090 [INFO] [MainThread] [root/bar_manager.py:103]: Starting SystemEventListener...
2026-08-23 20:54:08,093 [INFO] [MainThread] [root/watcher.py:65]: Watching directory: c:\users\felipe\.config\yasb
2026-08-23 20:54:08,093 [INFO] [MainThread] [root/watcher.py:104]: Created file watcher
2026-08-23 20:54:08,127 [INFO] [MainThread] [root/update_service.py:434]: Background update checker started
2026-08-23 20:54:08,127 [INFO] [Dummy-8] [root/windows_notification.py:161]: Notification service started (WNF_SHEL_NOTIFICATION_TOTAL)
2026-08-23 20:54:12,369 [INFO] [MainThread] [root/controller.py:21]: Reloading Application because of config change.
2026-08-23 20:54:12,485 [INFO] [MainThread] [cli_server/cli_server.py:114]: Log pipe server stopped
2026-08-23 20:54:12,492 [INFO] [MainThread] [root/bar_manager.py:93]: Successfully loaded updated config and re-initialised all bars.
2026-08-23 20:54:12,518 [INFO] [MainThread] [root/bar_manager.py:119]: Stopping WindowsNotificationEventListener...
2026-08-23 20:54:12,519 [INFO] [Dummy-8] [root/windows_notification.py:97]: Notification service stopped
2026-08-23 20:54:12,523 [INFO] [MainThread] [root/bar_manager.py:119]: Stopping SystemEventListener...
2026-08-23 20:54:13,038 [INFO] [MainThread] [root/log.py:104]: YASB v2.0.6
2026-08-23 20:54:13,038 [INFO] [CLIPipeServer] [cli_server/cli_server.py:216]: CLI server started v1.1.7
2026-08-23 20:54:13,039 [INFO] [MainThread] [cli_server/cli_server.py:106]: Log pipe server started
2026-08-23 20:54:14,300 [INFO] [MainThread] [root/service.py:52]: AudioOutputService starting...
2026-08-23 20:54:14,430 [INFO] [MainThread] [root/bar_manager.py:103]: Starting WindowsNotificationEventListener...
2026-08-23 20:54:14,431 [INFO] [MainThread] [root/bar_manager.py:103]: Starting SystemEventListener...
2026-08-23 20:54:14,433 [INFO] [MainThread] [root/watcher.py:65]: Watching directory: c:\users\felipe\.config\yasb
2026-08-23 20:54:14,433 [INFO] [MainThread] [root/watcher.py:104]: Created file watcher
2026-08-23 20:54:14,465 [INFO] [MainThread] [root/update_service.py:434]: Background update checker started
2026-08-23 20:54:14,465 [INFO] [Dummy-8] [root/windows_notification.py:161]: Notification service started (WNF_SHEL_NOTIFICATION_TOTAL)
2026-08-23 20:54:14,468 [INFO] [SystrayHook] [systray_hook/systray_hook.py:193]: Injecting into Explorer (PID: 5164)
2026-08-23 21:04:02,322 [INFO] [MainThread] [root/controller.py:21]: Reloading Application because of config change.
2026-08-23 21:04:02,436 [INFO] [MainThread] [cli_server/cli_server.py:114]: Log pipe server stopped
2026-08-23 21:04:02,443 [INFO] [MainThread] [root/bar_manager.py:93]: Successfully loaded updated config and re-initialised all bars.
2026-08-23 21:04:02,466 [INFO] [MainThread] [root/bar_manager.py:119]: Stopping WindowsNotificationEventListener...
2026-08-23 21:04:02,466 [INFO] [Dummy-8] [root/windows_notification.py:97]: Notification service stopped
2026-08-23 21:04:02,469 [INFO] [MainThread] [root/bar_manager.py:119]: Stopping SystemEventListener...
2026-08-23 21:04:03,073 [INFO] [MainThread] [root/log.py:104]: YASB v2.0.6
2026-08-23 21:04:03,073 [INFO] [CLIPipeServer] [cli_server/cli_server.py:216]: CLI server started v1.1.7
2026-08-23 21:04:03,074 [INFO] [MainThread] [cli_server/cli_server.py:106]: Log pipe server started
2026-08-23 21:04:04,411 [INFO] [MainThread] [root/service.py:52]: AudioOutputService starting...
2026-08-23 21:04:04,542 [INFO] [MainThread] [root/bar_manager.py:103]: Starting WindowsNotificationEventListener...
2026-08-23 21:04:04,542 [INFO] [MainThread] [root/bar_manager.py:103]: Starting SystemEventListener...
2026-08-23 21:04:04,545 [INFO] [MainThread] [root/watcher.py:65]: Watching directory: c:\users\felipe\.config\yasb
2026-08-23 21:04:04,545 [INFO] [MainThread] [root/watcher.py:104]: Created file watcher
2026-08-23 21:04:04,574 [INFO] [SystrayHook] [systray_hook/systray_hook.py:193]: Injecting into Explorer (PID: 5164)
2026-08-23 21:04:04,575 [INFO] [MainThread] [root/update_service.py:434]: Background update checker started
2026-08-23 21:04:04,575 [INFO] [Dummy-8] [root/windows_notification.py:161]: Notification service started (WNF_SHEL_NOTIFICATION_TOTAL)
2026-08-23 21:04:35,550 [INFO] [MainThread] [root/controller.py:21]: Reloading Application because of config change.
2026-08-23 21:04:35,655 [INFO] [MainThread] [cli_server/cli_server.py:114]: Log pipe server stopped
2026-08-23 21:04:35,662 [INFO] [MainThread] [root/bar_manager.py:93]: Successfully loaded updated config and re-initialised all bars.
2026-08-23 21:04:35,694 [INFO] [MainThread] [root/bar_manager.py:119]: Stopping WindowsNotificationEventListener...
2026-08-23 21:04:35,695 [INFO] [Dummy-8] [root/windows_notification.py:97]: Notification service stopped
2026-08-23 21:04:35,698 [INFO] [MainThread] [root/bar_manager.py:119]: Stopping SystemEventListener...
2026-08-23 21:04:36,207 [INFO] [MainThread] [root/log.py:104]: YASB v2.0.6
2026-08-23 21:04:36,207 [INFO] [CLIPipeServer] [cli_server/cli_server.py:216]: CLI server started v1.1.7
2026-08-23 21:04:36,208 [INFO] [MainThread] [cli_server/cli_server.py:106]: Log pipe server started
2026-08-23 21:04:37,506 [INFO] [MainThread] [root/service.py:52]: AudioOutputService starting...
2026-08-23 21:04:37,635 [INFO] [SystrayHook] [systray_hook/systray_hook.py:193]: Injecting into Explorer (PID: 5164)
2026-08-23 21:04:37,656 [INFO] [MainThread] [root/bar_manager.py:103]: Starting WindowsNotificationEventListener...
2026-08-23 21:04:37,656 [INFO] [MainThread] [root/bar_manager.py:103]: Starting SystemEventListener...
2026-08-23 21:04:37,660 [INFO] [MainThread] [root/watcher.py:65]: Watching directory: c:\users\felipe\.config\yasb
2026-08-23 21:04:37,660 [INFO] [MainThread] [root/watcher.py:104]: Created file watcher
2026-08-23 21:04:37,685 [INFO] [MainThread] [root/update_service.py:434]: Background update checker started
2026-08-23 21:04:37,693 [INFO] [Dummy-8] [root/windows_notification.py:161]: Notification service started (WNF_SHEL_NOTIFICATION_TOTAL)
2026-08-23 21:08:15,184 [INFO] [MainThread] [root/controller.py:21]: Reloading Application because of config change.
2026-08-23 21:08:15,288 [INFO] [MainThread] [cli_server/cli_server.py:114]: Log pipe server stopped
2026-08-23 21:08:15,296 [INFO] [MainThread] [root/bar_manager.py:93]: Successfully loaded updated config and re-initialised all bars.
2026-08-23 21:08:15,330 [INFO] [MainThread] [root/bar_manager.py:119]: Stopping WindowsNotificationEventListener...
2026-08-23 21:08:15,331 [INFO] [Dummy-8] [root/windows_notification.py:97]: Notification service stopped
2026-08-23 21:08:15,336 [INFO] [MainThread] [root/bar_manager.py:119]: Stopping SystemEventListener...
2026-08-23 21:08:15,934 [INFO] [MainThread] [root/log.py:104]: YASB v2.0.6
2026-08-23 21:08:15,935 [INFO] [CLIPipeServer] [cli_server/cli_server.py:216]: CLI server started v1.1.7
2026-08-23 21:08:15,935 [INFO] [MainThread] [cli_server/cli_server.py:106]: Log pipe server started
2026-08-23 21:08:17,240 [INFO] [MainThread] [root/service.py:52]: AudioOutputService starting...
2026-08-23 21:08:17,380 [INFO] [MainThread] [root/bar_manager.py:103]: Starting WindowsNotificationEventListener...
2026-08-23 21:08:17,381 [INFO] [MainThread] [root/bar_manager.py:103]: Starting SystemEventListener...
2026-08-23 21:08:17,385 [INFO] [MainThread] [root/watcher.py:65]: Watching directory: c:\users\felipe\.config\yasb
2026-08-23 21:08:17,385 [INFO] [MainThread] [root/watcher.py:104]: Created file watcher
2026-08-23 21:08:17,387 [INFO] [SystrayHook] [systray_hook/systray_hook.py:193]: Injecting into Explorer (PID: 5164)
2026-08-23 21:08:17,419 [INFO] [Dummy-8] [root/windows_notification.py:161]: Notification service started (WNF_SHEL_NOTIFICATION_TOTAL)
2026-08-23 21:08:17,420 [INFO] [MainThread] [root/update_service.py:434]: Background update checker started
2026-08-23 21:08:43,321 [INFO] [MainThread] [root/controller.py:21]: Reloading Application because of config change.
2026-08-23 21:08:43,429 [INFO] [MainThread] [cli_server/cli_server.py:114]: Log pipe server stopped
2026-08-23 21:08:43,436 [INFO] [MainThread] [root/bar_manager.py:93]: Successfully loaded updated config and re-initialised all bars.
2026-08-23 21:08:43,460 [INFO] [MainThread] [root/bar_manager.py:119]: Stopping WindowsNotificationEventListener...
2026-08-23 21:08:43,460 [INFO] [Dummy-8] [root/windows_notification.py:97]: Notification service stopped
2026-08-23 21:08:43,463 [INFO] [MainThread] [root/bar_manager.py:119]: Stopping SystemEventListener...
2026-08-23 21:08:44,071 [INFO] [MainThread] [root/log.py:104]: YASB v2.0.6
2026-08-23 21:08:44,072 [INFO] [CLIPipeServer] [cli_server/cli_server.py:216]: CLI server started v1.1.7
2026-08-23 21:08:44,072 [INFO] [MainThread] [cli_server/cli_server.py:106]: Log pipe server started
2026-08-23 21:08:45,363 [INFO] [MainThread] [root/service.py:52]: AudioOutputService starting...
2026-08-23 21:08:45,494 [INFO] [MainThread] [root/bar_manager.py:103]: Starting SystemEventListener...
2026-08-23 21:08:45,494 [INFO] [MainThread] [root/bar_manager.py:103]: Starting WindowsNotificationEventListener...
2026-08-23 21:08:45,497 [INFO] [MainThread] [root/watcher.py:65]: Watching directory: c:\users\felipe\.config\yasb
2026-08-23 21:08:45,497 [INFO] [MainThread] [root/watcher.py:104]: Created file watcher
2026-08-23 21:08:45,526 [INFO] [MainThread] [root/update_service.py:434]: Background update checker started
2026-08-23 21:08:45,527 [INFO] [Dummy-8] [root/windows_notification.py:161]: Notification service started (WNF_SHEL_NOTIFICATION_TOTAL)
2026-08-23 21:08:45,527 [INFO] [SystrayHook] [systray_hook/systray_hook.py:193]: Injecting into Explorer (PID: 5164)
2026-08-23 21:17:09,012 [INFO] [MainThread] [root/controller.py:21]: Reloading Application because of config change.
2026-08-23 21:17:09,114 [INFO] [MainThread] [cli_server/cli_server.py:114]: Log pipe server stopped
2026-08-23 21:17:09,121 [INFO] [MainThread] [root/bar_manager.py:93]: Successfully loaded updated config and re-initialised all bars.
2026-08-23 21:17:09,145 [INFO] [MainThread] [root/bar_manager.py:119]: Stopping SystemEventListener...
2026-08-23 21:17:09,148 [INFO] [MainThread] [root/bar_manager.py:119]: Stopping WindowsNotificationEventListener...
2026-08-23 21:17:09,148 [INFO] [Dummy-8] [root/windows_notification.py:97]: Notification service stopped
2026-08-23 21:17:09,640 [INFO] [MainThread] [root/log.py:104]: YASB v2.0.6
2026-08-23 21:17:09,640 [INFO] [CLIPipeServer] [cli_server/cli_server.py:216]: CLI server started v1.1.7
2026-08-23 21:17:09,641 [INFO] [MainThread] [cli_server/cli_server.py:106]: Log pipe server started
2026-08-23 21:17:10,946 [INFO] [MainThread] [root/service.py:52]: AudioOutputService starting...
2026-08-23 21:17:11,082 [INFO] [MainThread] [root/bar_manager.py:103]: Starting SystemEventListener...
2026-08-23 21:17:11,083 [INFO] [MainThread] [root/bar_manager.py:103]: Starting WindowsNotificationEventListener...
2026-08-23 21:17:11,086 [INFO] [MainThread] [root/watcher.py:65]: Watching directory: c:\users\felipe\.config\yasb
2026-08-23 21:17:11,087 [INFO] [MainThread] [root/watcher.py:104]: Created file watcher
2026-08-23 21:17:11,120 [INFO] [Dummy-8] [root/windows_notification.py:161]: Notification service started (WNF_SHEL_NOTIFICATION_TOTAL)
2026-08-23 21:17:11,120 [INFO] [MainThread] [root/update_service.py:434]: Background update checker started
2026-08-23 21:17:11,123 [INFO] [SystrayHook] [systray_hook/systray_hook.py:193]: Injecting into Explorer (PID: 5164)
2026-08-23 21:19:51,286 [INFO] [MainThread] [root/controller.py:21]: Reloading Application because of config change.
2026-08-23 21:19:51,386 [INFO] [MainThread] [cli_server/cli_server.py:114]: Log pipe server stopped
2026-08-23 21:19:51,393 [INFO] [MainThread] [root/bar_manager.py:93]: Successfully loaded updated config and re-initialised all bars.
2026-08-23 21:19:51,415 [INFO] [MainThread] [root/bar_manager.py:119]: Stopping SystemEventListener...
2026-08-23 21:19:51,417 [INFO] [MainThread] [root/bar_manager.py:119]: Stopping WindowsNotificationEventListener...
2026-08-23 21:19:51,418 [INFO] [Dummy-8] [root/windows_notification.py:97]: Notification service stopped
2026-08-23 21:19:51,870 [INFO] [MainThread] [root/log.py:104]: YASB v2.0.6
2026-08-23 21:19:51,871 [INFO] [CLIPipeServer] [cli_server/cli_server.py:216]: CLI server started v1.1.7
2026-08-23 21:19:51,871 [INFO] [MainThread] [cli_server/cli_server.py:106]: Log pipe server started
2026-08-23 21:19:53,183 [INFO] [MainThread] [root/service.py:52]: AudioOutputService starting...
2026-08-23 21:19:53,306 [INFO] [MainThread] [root/bar_manager.py:103]: Starting WindowsNotificationEventListener...
2026-08-23 21:19:53,306 [INFO] [MainThread] [root/bar_manager.py:103]: Starting SystemEventListener...
2026-08-23 21:19:53,308 [INFO] [MainThread] [root/watcher.py:65]: Watching directory: c:\users\felipe\.config\yasb
2026-08-23 21:19:53,308 [INFO] [MainThread] [root/watcher.py:104]: Created file watcher
2026-08-23 21:19:53,323 [INFO] [MainThread] [root/update_service.py:434]: Background update checker started
2026-08-23 21:19:53,327 [INFO] [Dummy-8] [root/windows_notification.py:161]: Notification service started (WNF_SHEL_NOTIFICATION_TOTAL)
2026-08-23 21:19:53,329 [INFO] [SystrayHook] [systray_hook/systray_hook.py:193]: Injecting into Explorer (PID: 5164)
2026-08-23 21:20:04,155 [INFO] [MainThread] [root/controller.py:21]: Reloading Application because of config change.
2026-08-23 21:20:04,264 [INFO] [MainThread] [cli_server/cli_server.py:114]: Log pipe server stopped
2026-08-23 21:20:04,271 [INFO] [MainThread] [root/bar_manager.py:93]: Successfully loaded updated config and re-initialised all bars.
2026-08-23 21:20:04,278 [INFO] [MainThread] [root/bar_manager.py:119]: Stopping WindowsNotificationEventListener...
2026-08-23 21:20:04,278 [INFO] [Dummy-8] [root/windows_notification.py:97]: Notification service stopped
2026-08-23 21:20:04,280 [INFO] [MainThread] [root/bar_manager.py:119]: Stopping SystemEventListener...
2026-08-23 21:20:04,748 [INFO] [MainThread] [root/log.py:104]: YASB v2.0.6
2026-08-23 21:20:04,748 [INFO] [CLIPipeServer] [cli_server/cli_server.py:216]: CLI server started v1.1.7
2026-08-23 21:20:04,749 [INFO] [MainThread] [cli_server/cli_server.py:106]: Log pipe server started
2026-08-23 21:20:06,004 [INFO] [MainThread] [root/service.py:52]: AudioOutputService starting...
2026-08-23 21:20:06,133 [INFO] [MainThread] [root/bar_manager.py:103]: Starting SystemEventListener...
2026-08-23 21:20:06,134 [INFO] [MainThread] [root/bar_manager.py:103]: Starting WindowsNotificationEventListener...
2026-08-23 21:20:06,137 [INFO] [MainThread] [root/watcher.py:65]: Watching directory: c:\users\felipe\.config\yasb
2026-08-23 21:20:06,137 [INFO] [MainThread] [root/watcher.py:104]: Created file watcher
2026-08-23 21:20:06,160 [INFO] [MainThread] [root/update_service.py:434]: Background update checker started
2026-08-23 21:20:06,161 [INFO] [Dummy-8] [root/windows_notification.py:161]: Notification service started (WNF_SHEL_NOTIFICATION_TOTAL)
2026-08-23 21:20:06,161 [INFO] [SystrayHook] [systray_hook/systray_hook.py:193]: Injecting into Explorer (PID: 5164)
2026-08-23 21:20:09,095 [INFO] [MainThread] [root/controller.py:21]: Reloading Application because of config change.
2026-08-23 21:20:09,203 [INFO] [MainThread] [cli_server/cli_server.py:114]: Log pipe server stopped
2026-08-23 21:20:09,210 [INFO] [MainThread] [root/bar_manager.py:93]: Successfully loaded updated config and re-initialised all bars.
2026-08-23 21:20:09,232 [INFO] [MainThread] [root/bar_manager.py:119]: Stopping SystemEventListener...
2026-08-23 21:20:09,236 [INFO] [MainThread] [root/bar_manager.py:119]: Stopping WindowsNotificationEventListener...
2026-08-23 21:20:09,237 [INFO] [Dummy-8] [root/windows_notification.py:97]: Notification service stopped
2026-08-23 21:20:09,692 [INFO] [MainThread] [root/log.py:104]: YASB v2.0.6
2026-08-23 21:20:09,692 [INFO] [CLIPipeServer] [cli_server/cli_server.py:216]: CLI server started v1.1.7
2026-08-23 21:20:09,693 [INFO] [MainThread] [cli_server/cli_server.py:106]: Log pipe server started
2026-08-23 21:20:10,904 [INFO] [MainThread] [root/service.py:52]: AudioOutputService starting...
2026-08-23 21:20:11,029 [INFO] [MainThread] [root/bar_manager.py:103]: Starting WindowsNotificationEventListener...
2026-08-23 21:20:11,029 [INFO] [MainThread] [root/bar_manager.py:103]: Starting SystemEventListener...
2026-08-23 21:20:11,033 [INFO] [MainThread] [root/watcher.py:65]: Watching directory: c:\users\felipe\.config\yasb
2026-08-23 21:20:11,033 [INFO] [MainThread] [root/watcher.py:104]: Created file watcher
2026-08-23 21:20:11,055 [INFO] [Dummy-8] [root/windows_notification.py:161]: Notification service started (WNF_SHEL_NOTIFICATION_TOTAL)
2026-08-23 21:20:11,055 [INFO] [MainThread] [root/update_service.py:434]: Background update checker started
2026-08-23 21:20:11,057 [INFO] [SystrayHook] [systray_hook/systray_hook.py:193]: Injecting into Explorer (PID: 5164)
2026-08-23 21:22:48,642 [INFO] [MainThread] [root/controller.py:21]: Reloading Application because of config change.
2026-08-23 21:22:48,744 [INFO] [MainThread] [cli_server/cli_server.py:114]: Log pipe server stopped
2026-08-23 21:22:48,752 [INFO] [MainThread] [root/bar_manager.py:93]: Successfully loaded updated config and re-initialised all bars.
2026-08-23 21:22:48,775 [INFO] [MainThread] [root/bar_manager.py:119]: Stopping WindowsNotificationEventListener...
2026-08-23 21:22:48,775 [INFO] [Dummy-8] [root/windows_notification.py:97]: Notification service stopped
2026-08-23 21:22:48,778 [INFO] [MainThread] [root/bar_manager.py:119]: Stopping SystemEventListener...
2026-08-23 21:22:49,250 [INFO] [MainThread] [root/log.py:104]: YASB v2.0.6
2026-08-23 21:22:49,251 [INFO] [CLIPipeServer] [cli_server/cli_server.py:216]: CLI server started v1.1.7
2026-08-23 21:22:49,251 [INFO] [MainThread] [cli_server/cli_server.py:106]: Log pipe server started
2026-08-23 21:22:50,528 [INFO] [MainThread] [root/service.py:52]: AudioOutputService starting...
2026-08-23 21:22:50,652 [INFO] [MainThread] [root/bar_manager.py:103]: Starting SystemEventListener...
2026-08-23 21:22:50,653 [INFO] [MainThread] [root/bar_manager.py:103]: Starting WindowsNotificationEventListener...
2026-08-23 21:22:50,655 [INFO] [MainThread] [root/watcher.py:65]: Watching directory: c:\users\felipe\.config\yasb
2026-08-23 21:22:50,655 [INFO] [MainThread] [root/watcher.py:104]: Created file watcher
2026-08-23 21:22:50,691 [INFO] [Dummy-8] [root/windows_notification.py:161]: Notification service started (WNF_SHEL_NOTIFICATION_TOTAL)
2026-08-23 21:22:50,691 [INFO] [MainThread] [root/update_service.py:434]: Background update checker started
2026-08-23 21:22:50,693 [INFO] [SystrayHook] [systray_hook/systray_hook.py:193]: Injecting into Explorer (PID: 5164)
2026-08-23 21:24:07,515 [INFO] [MainThread] [root/controller.py:21]: Reloading Application because of config change.
2026-08-23 21:24:07,627 [INFO] [MainThread] [cli_server/cli_server.py:114]: Log pipe server stopped
2026-08-23 21:24:07,634 [INFO] [MainThread] [root/bar_manager.py:93]: Successfully loaded updated config and re-initialised all bars.
2026-08-23 21:24:07,657 [INFO] [MainThread] [root/bar_manager.py:119]: Stopping SystemEventListener...
2026-08-23 21:24:07,660 [INFO] [MainThread] [root/bar_manager.py:119]: Stopping WindowsNotificationEventListener...
2026-08-23 21:24:07,660 [INFO] [Dummy-8] [root/windows_notification.py:97]: Notification service stopped
2026-08-23 21:24:08,180 [INFO] [MainThread] [root/log.py:104]: YASB v2.0.6
2026-08-23 21:24:08,181 [INFO] [CLIPipeServer] [cli_server/cli_server.py:216]: CLI server started v1.1.7
2026-08-23 21:24:08,181 [INFO] [MainThread] [cli_server/cli_server.py:106]: Log pipe server started
2026-08-23 21:24:09,556 [INFO] [MainThread] [root/service.py:52]: AudioOutputService starting...
2026-08-23 21:24:09,690 [INFO] [MainThread] [root/bar_manager.py:103]: Starting WindowsNotificationEventListener...
2026-08-23 21:24:09,690 [INFO] [MainThread] [root/bar_manager.py:103]: Starting SystemEventListener...
2026-08-23 21:24:09,693 [INFO] [MainThread] [root/watcher.py:65]: Watching directory: c:\users\felipe\.config\yasb
2026-08-23 21:24:09,693 [INFO] [MainThread] [root/watcher.py:104]: Created file watcher
2026-08-23 21:24:09,719 [INFO] [SystrayHook] [systray_hook/systray_hook.py:193]: Injecting into Explorer (PID: 5164)
2026-08-23 21:24:09,730 [INFO] [Dummy-8] [root/windows_notification.py:161]: Notification service started (WNF_SHEL_NOTIFICATION_TOTAL)
2026-08-23 21:24:09,730 [INFO] [MainThread] [root/update_service.py:434]: Background update checker started
2026-08-23 21:24:22,773 [INFO] [MainThread] [root/controller.py:21]: Reloading Application because of config change.
2026-08-23 21:24:22,885 [INFO] [MainThread] [cli_server/cli_server.py:114]: Log pipe server stopped
2026-08-23 21:24:22,892 [INFO] [MainThread] [root/bar_manager.py:93]: Successfully loaded updated config and re-initialised all bars.
2026-08-23 21:24:22,919 [INFO] [MainThread] [root/bar_manager.py:119]: Stopping WindowsNotificationEventListener...
2026-08-23 21:24:22,919 [INFO] [Dummy-8] [root/windows_notification.py:97]: Notification service stopped
2026-08-23 21:24:22,922 [INFO] [MainThread] [root/bar_manager.py:119]: Stopping SystemEventListener...
2026-08-23 21:24:23,417 [INFO] [MainThread] [root/log.py:104]: YASB v2.0.6
2026-08-23 21:24:23,418 [INFO] [CLIPipeServer] [cli_server/cli_server.py:216]: CLI server started v1.1.7
2026-08-23 21:24:23,418 [INFO] [MainThread] [cli_server/cli_server.py:106]: Log pipe server started
2026-08-23 21:24:24,867 [INFO] [MainThread] [root/service.py:52]: AudioOutputService starting...
2026-08-23 21:24:25,014 [INFO] [MainThread] [root/bar_manager.py:103]: Starting WindowsNotificationEventListener...
2026-08-23 21:24:25,015 [INFO] [SystrayHook] [systray_hook/systray_hook.py:193]: Injecting into Explorer (PID: 5164)
2026-08-23 21:24:25,016 [INFO] [MainThread] [root/bar_manager.py:103]: Starting SystemEventListener...
2026-08-23 21:24:25,021 [INFO] [MainThread] [root/watcher.py:65]: Watching directory: c:\users\felipe\.config\yasb
2026-08-23 21:24:25,021 [INFO] [MainThread] [root/watcher.py:104]: Created file watcher
2026-08-23 21:24:25,055 [INFO] [Dummy-8] [root/windows_notification.py:161]: Notification service started (WNF_SHEL_NOTIFICATION_TOTAL)
2026-08-23 21:24:25,056 [INFO] [MainThread] [root/update_service.py:434]: Background update checker started
2026-08-23 21:24:48,425 [INFO] [MainThread] [root/controller.py:21]: Reloading Application because of config change.
2026-08-23 21:24:48,532 [INFO] [MainThread] [cli_server/cli_server.py:114]: Log pipe server stopped
2026-08-23 21:24:48,539 [INFO] [MainThread] [root/bar_manager.py:93]: Successfully loaded updated config and re-initialised all bars.
2026-08-23 21:24:48,564 [INFO] [MainThread] [root/bar_manager.py:119]: Stopping WindowsNotificationEventListener...
2026-08-23 21:24:48,565 [INFO] [Dummy-8] [root/windows_notification.py:97]: Notification service stopped
2026-08-23 21:24:48,567 [INFO] [MainThread] [root/bar_manager.py:119]: Stopping SystemEventListener...
2026-08-23 21:24:49,093 [INFO] [MainThread] [root/log.py:104]: YASB v2.0.6
2026-08-23 21:24:49,093 [INFO] [CLIPipeServer] [cli_server/cli_server.py:216]: CLI server started v1.1.7
2026-08-23 21:24:49,094 [INFO] [MainThread] [cli_server/cli_server.py:106]: Log pipe server started
2026-08-23 21:24:50,574 [INFO] [MainThread] [root/service.py:52]: AudioOutputService starting...
2026-08-23 21:24:50,707 [INFO] [MainThread] [root/bar_manager.py:103]: Starting SystemEventListener...
2026-08-23 21:24:50,708 [INFO] [MainThread] [root/bar_manager.py:103]: Starting WindowsNotificationEventListener...
2026-08-23 21:24:50,711 [INFO] [MainThread] [root/watcher.py:65]: Watching directory: c:\users\felipe\.config\yasb
2026-08-23 21:24:50,712 [INFO] [MainThread] [root/watcher.py:104]: Created file watcher
2026-08-23 21:24:50,735 [INFO] [SystrayHook] [systray_hook/systray_hook.py:193]: Injecting into Explorer (PID: 5164)
2026-08-23 21:24:50,740 [INFO] [Dummy-8] [root/windows_notification.py:161]: Notification service started (WNF_SHEL_NOTIFICATION_TOTAL)
2026-08-23 21:24:50,740 [INFO] [MainThread] [root/update_service.py:434]: Background update checker started
2026-08-24 01:41:54,319 [INFO] [MainThread] [root/bar_manager.py:119]: Stopping SystemEventListener...
2026-08-24 01:41:54,328 [INFO] [MainThread] [root/bar_manager.py:119]: Stopping WindowsNotificationEventListener...
2026-08-24 01:41:54,330 [INFO] [Dummy-8] [root/windows_notification.py:97]: Notification service stopped
2026-08-24 10:38:03,141 [INFO] [MainThread] [root/log.py:104]: YASB v2.0.6
2026-08-24 10:38:03,142 [INFO] [CLIPipeServer] [cli_server/cli_server.py:216]: CLI server started v1.1.7
2026-08-24 10:38:03,143 [INFO] [MainThread] [cli_server/cli_server.py:106]: Log pipe server started
2026-08-24 10:38:05,426 [INFO] [SystrayHook] [systray_hook/systray_hook.py:193]: Injecting into Explorer (PID: 8960)
2026-08-24 10:38:05,581 [INFO] [MainThread] [root/service.py:52]: AudioOutputService starting...
2026-08-24 10:38:05,807 [INFO] [MainThread] [root/bar_manager.py:103]: Starting WindowsNotificationEventListener...
2026-08-24 10:38:05,808 [INFO] [MainThread] [root/bar_manager.py:103]: Starting SystemEventListener...
2026-08-24 10:38:05,810 [INFO] [MainThread] [root/watcher.py:65]: Watching directory: c:\users\felipe\.config\yasb
2026-08-24 10:38:05,811 [INFO] [MainThread] [root/watcher.py:104]: Created file watcher
2026-08-24 10:38:05,829 [INFO] [Dummy-8] [root/windows_notification.py:161]: Notification service started (WNF_SHEL_NOTIFICATION_TOTAL)
2026-08-24 10:38:05,832 [INFO] [MainThread] [root/update_service.py:434]: Background update checker started
2026-08-24 13:48:48,176 [ERROR] [MainThread] [open_meteo/api.py:112]: Open-Meteo response error None: UnknownNetworkError 99
2026-08-24 13:48:48,189 [WARNING] [MainThread] [root/open_meteo.py:865]: Error processing Open-Meteo data: Weather data is empty.
2026-08-24 13:49:40,296 [ERROR] [MainThread] [open_meteo/api.py:112]: Open-Meteo response error None: UnknownNetworkError 99
2026-08-24 13:49:40,296 [WARNING] [MainThread] [root/open_meteo.py:865]: Error processing Open-Meteo data: Weather data is empty.
2026-08-24 13:50:32,398 [ERROR] [MainThread] [open_meteo/api.py:112]: Open-Meteo response error None: UnknownNetworkError 99
2026-08-24 13:50:32,398 [WARNING] [MainThread] [root/open_meteo.py:865]: Error processing Open-Meteo data: Weather data is empty.
2026-08-24 13:51:24,489 [ERROR] [MainThread] [open_meteo/api.py:112]: Open-Meteo response error None: UnknownNetworkError 99
2026-08-24 13:51:24,489 [WARNING] [MainThread] [root/open_meteo.py:865]: Error processing Open-Meteo data: Weather data is empty.
2026-08-24 13:52:16,572 [ERROR] [MainThread] [open_meteo/api.py:112]: Open-Meteo response error None: UnknownNetworkError 99
2026-08-24 13:52:16,572 [WARNING] [MainThread] [root/open_meteo.py:865]: Error processing Open-Meteo data: Weather data is empty.
2026-08-24 13:53:08,628 [ERROR] [MainThread] [open_meteo/api.py:112]: Open-Meteo response error None: UnknownNetworkError 99
2026-08-24 13:53:08,628 [WARNING] [MainThread] [root/open_meteo.py:865]: Error processing Open-Meteo data: Weather data is empty.
2026-08-24 13:54:01,646 [ERROR] [MainThread] [open_meteo/api.py:112]: Open-Meteo response error None: UnknownNetworkError 99
2026-08-24 13:54:01,646 [WARNING] [MainThread] [root/open_meteo.py:865]: Error processing Open-Meteo data: Weather data is empty.
2026-08-24 13:54:53,731 [ERROR] [MainThread] [open_meteo/api.py:112]: Open-Meteo response error None: UnknownNetworkError 99
2026-08-24 13:54:53,731 [WARNING] [MainThread] [root/open_meteo.py:865]: Error processing Open-Meteo data: Weather data is empty.
2026-08-24 13:55:45,826 [ERROR] [MainThread] [open_meteo/api.py:112]: Open-Meteo response error None: UnknownNetworkError 99
2026-08-24 13:55:45,826 [WARNING] [MainThread] [root/open_meteo.py:865]: Error processing Open-Meteo data: Weather data is empty.
2026-08-24 13:56:37,889 [ERROR] [MainThread] [open_meteo/api.py:112]: Open-Meteo response error None: UnknownNetworkError 99
2026-08-24 13:56:37,889 [WARNING] [MainThread] [root/open_meteo.py:865]: Error processing Open-Meteo data: Weather data is empty.
2026-08-24 13:57:29,972 [ERROR] [MainThread] [open_meteo/api.py:112]: Open-Meteo response error None: UnknownNetworkError 99
2026-08-24 13:57:29,973 [WARNING] [MainThread] [root/open_meteo.py:865]: Error processing Open-Meteo data: Weather data is empty.
2026-08-24 13:58:22,057 [ERROR] [MainThread] [open_meteo/api.py:112]: Open-Meteo response error None: UnknownNetworkError 99
2026-08-24 13:58:22,057 [WARNING] [MainThread] [root/open_meteo.py:865]: Error processing Open-Meteo data: Weather data is empty.
2026-08-24 13:58:22,062 [ERROR] [MainThread] [open_meteo/api.py:112]: Open-Meteo response error None: UnknownNetworkError 99
2026-08-24 13:58:22,062 [WARNING] [MainThread] [root/open_meteo.py:865]: Error processing Open-Meteo data: Weather data is empty.
2026-08-24 13:59:14,156 [ERROR] [MainThread] [open_meteo/api.py:112]: Open-Meteo response error None: UnknownNetworkError 99
2026-08-24 13:59:14,156 [WARNING] [MainThread] [root/open_meteo.py:865]: Error processing Open-Meteo data: Weather data is empty.
2026-08-24 14:00:06,258 [ERROR] [MainThread] [open_meteo/api.py:112]: Open-Meteo response error None: UnknownNetworkError 99
2026-08-24 14:00:06,258 [WARNING] [MainThread] [root/open_meteo.py:865]: Error processing Open-Meteo data: Weather data is empty.
2026-08-24 14:00:58,392 [ERROR] [MainThread] [open_meteo/api.py:112]: Open-Meteo response error None: UnknownNetworkError 99
2026-08-24 14:00:58,393 [WARNING] [MainThread] [root/open_meteo.py:865]: Error processing Open-Meteo data: Weather data is empty.
2026-08-24 14:01:50,485 [ERROR] [MainThread] [open_meteo/api.py:112]: Open-Meteo response error None: UnknownNetworkError 99
2026-08-24 14:01:50,485 [WARNING] [MainThread] [root/open_meteo.py:865]: Error processing Open-Meteo data: Weather data is empty.
2026-08-24 14:02:42,530 [ERROR] [MainThread] [open_meteo/api.py:112]: Open-Meteo response error None: UnknownNetworkError 99
2026-08-24 14:02:42,530 [WARNING] [MainThread] [root/open_meteo.py:865]: Error processing Open-Meteo data: Weather data is empty.
2026-08-24 14:03:34,593 [ERROR] [MainThread] [open_meteo/api.py:112]: Open-Meteo response error None: UnknownNetworkError 99
2026-08-24 14:03:34,594 [WARNING] [MainThread] [root/open_meteo.py:865]: Error processing Open-Meteo data: Weather data is empty.
2026-08-24 14:04:26,685 [ERROR] [MainThread] [open_meteo/api.py:112]: Open-Meteo response error None: UnknownNetworkError 99
2026-08-24 14:04:26,685 [WARNING] [MainThread] [root/open_meteo.py:865]: Error processing Open-Meteo data: Weather data is empty.
2026-08-24 14:05:18,758 [ERROR] [MainThread] [open_meteo/api.py:112]: Open-Meteo response error None: UnknownNetworkError 99
2026-08-24 14:05:18,759 [WARNING] [MainThread] [root/open_meteo.py:865]: Error processing Open-Meteo data: Weather data is empty.
2026-08-24 14:06:10,861 [ERROR] [MainThread] [open_meteo/api.py:112]: Open-Meteo response error None: UnknownNetworkError 99
2026-08-24 14:06:10,861 [WARNING] [MainThread] [root/open_meteo.py:865]: Error processing Open-Meteo data: Weather data is empty.
2026-08-24 14:07:02,964 [ERROR] [MainThread] [open_meteo/api.py:112]: Open-Meteo response error None: UnknownNetworkError 99
2026-08-24 14:07:02,965 [WARNING] [MainThread] [root/open_meteo.py:865]: Error processing Open-Meteo data: Weather data is empty.
2026-08-24 14:07:55,082 [ERROR] [MainThread] [open_meteo/api.py:112]: Open-Meteo response error None: UnknownNetworkError 99
2026-08-24 14:07:55,082 [WARNING] [MainThread] [root/open_meteo.py:865]: Error processing Open-Meteo data: Weather data is empty.
2026-08-24 14:08:47,152 [ERROR] [MainThread] [open_meteo/api.py:112]: Open-Meteo response error None: UnknownNetworkError 99
2026-08-24 14:08:47,152 [WARNING] [MainThread] [root/open_meteo.py:865]: Error processing Open-Meteo data: Weather data is empty.
2026-08-24 14:08:47,158 [ERROR] [MainThread] [open_meteo/api.py:112]: Open-Meteo response error None: UnknownNetworkError 99
2026-08-24 14:08:47,158 [WARNING] [MainThread] [root/open_meteo.py:865]: Error processing Open-Meteo data: Weather data is empty.
2026-08-24 14:09:39,427 [ERROR] [MainThread] [open_meteo/api.py:112]: Open-Meteo response error None: UnknownNetworkError 99
2026-08-24 14:09:39,427 [WARNING] [MainThread] [root/open_meteo.py:865]: Error processing Open-Meteo data: Weather data is empty.
2026-08-24 14:10:31,520 [ERROR] [MainThread] [open_meteo/api.py:112]: Open-Meteo response error None: UnknownNetworkError 99
2026-08-24 14:10:31,520 [WARNING] [MainThread] [root/open_meteo.py:865]: Error processing Open-Meteo data: Weather data is empty.
2026-08-24 14:11:23,627 [ERROR] [MainThread] [open_meteo/api.py:112]: Open-Meteo response error None: UnknownNetworkError 99
2026-08-24 14:11:23,628 [WARNING] [MainThread] [root/open_meteo.py:865]: Error processing Open-Meteo data: Weather data is empty.
2026-08-24 14:12:15,686 [ERROR] [MainThread] [open_meteo/api.py:112]: Open-Meteo response error None: UnknownNetworkError 99
2026-08-24 14:12:15,686 [WARNING] [MainThread] [root/open_meteo.py:865]: Error processing Open-Meteo data: Weather data is empty.
2026-08-24 14:13:07,748 [ERROR] [MainThread] [open_meteo/api.py:112]: Open-Meteo response error None: UnknownNetworkError 99
2026-08-24 14:13:07,748 [WARNING] [MainThread] [root/open_meteo.py:865]: Error processing Open-Meteo data: Weather data is empty.
2026-08-24 14:13:59,809 [ERROR] [MainThread] [open_meteo/api.py:112]: Open-Meteo response error None: UnknownNetworkError 99
2026-08-24 14:13:59,810 [WARNING] [MainThread] [root/open_meteo.py:865]: Error processing Open-Meteo data: Weather data is empty.
2026-08-24 14:48:06,016 [ERROR] [MainThread] [open_meteo/api.py:105]: No internet connection or host not found. Unable to fetch weather.
2026-08-24 14:48:06,020 [WARNING] [MainThread] [root/open_meteo.py:865]: Error processing Open-Meteo data: Weather data is empty.
2026-08-24 14:48:16,021 [ERROR] [MainThread] [open_meteo/api.py:105]: No internet connection or host not found. Unable to fetch weather.
2026-08-24 14:48:16,021 [WARNING] [MainThread] [root/open_meteo.py:865]: Error processing Open-Meteo data: Weather data is empty.
2026-08-24 14:48:26,041 [ERROR] [MainThread] [open_meteo/api.py:105]: No internet connection or host not found. Unable to fetch weather.
2026-08-24 14:48:26,042 [WARNING] [MainThread] [root/open_meteo.py:865]: Error processing Open-Meteo data: Weather data is empty.
2026-08-24 14:48:36,054 [ERROR] [MainThread] [open_meteo/api.py:105]: No internet connection or host not found. Unable to fetch weather.
2026-08-24 14:48:36,054 [WARNING] [MainThread] [root/open_meteo.py:865]: Error processing Open-Meteo data: Weather data is empty.
2026-08-24 14:48:46,081 [ERROR] [MainThread] [open_meteo/api.py:105]: No internet connection or host not found. Unable to fetch weather.
2026-08-24 14:48:46,081 [WARNING] [MainThread] [root/open_meteo.py:865]: Error processing Open-Meteo data: Weather data is empty.
2026-08-24 14:48:56,090 [ERROR] [MainThread] [open_meteo/api.py:105]: No internet connection or host not found. Unable to fetch weather.
2026-08-24 14:48:56,090 [WARNING] [MainThread] [root/open_meteo.py:865]: Error processing Open-Meteo data: Weather data is empty.
2026-08-24 14:49:06,101 [ERROR] [MainThread] [open_meteo/api.py:105]: No internet connection or host not found. Unable to fetch weather.
2026-08-24 14:49:06,101 [WARNING] [MainThread] [root/open_meteo.py:865]: Error processing Open-Meteo data: Weather data is empty.
2026-08-24 14:49:16,107 [ERROR] [MainThread] [open_meteo/api.py:105]: No internet connection or host not found. Unable to fetch weather.
2026-08-24 14:49:16,108 [WARNING] [MainThread] [root/open_meteo.py:865]: Error processing Open-Meteo data: Weather data is empty.
2026-08-24 14:49:26,112 [ERROR] [MainThread] [open_meteo/api.py:105]: No internet connection or host not found. Unable to fetch weather.
2026-08-24 14:49:26,112 [WARNING] [MainThread] [root/open_meteo.py:865]: Error processing Open-Meteo data: Weather data is empty.
2026-08-24 14:49:36,164 [ERROR] [MainThread] [open_meteo/api.py:105]: No internet connection or host not found. Unable to fetch weather.
2026-08-24 14:49:36,165 [WARNING] [MainThread] [root/open_meteo.py:865]: Error processing Open-Meteo data: Weather data is empty.
2026-08-24 14:49:46,175 [ERROR] [MainThread] [open_meteo/api.py:105]: No internet connection or host not found. Unable to fetch weather.
2026-08-24 14:49:46,175 [WARNING] [MainThread] [root/open_meteo.py:865]: Error processing Open-Meteo data: Weather data is empty.
2026-08-24 14:49:56,183 [ERROR] [MainThread] [open_meteo/api.py:105]: No internet connection or host not found. Unable to fetch weather.
2026-08-24 14:49:56,183 [WARNING] [MainThread] [root/open_meteo.py:865]: Error processing Open-Meteo data: Weather data is empty.
2026-08-24 14:50:06,186 [ERROR] [MainThread] [open_meteo/api.py:105]: No internet connection or host not found. Unable to fetch weather.
2026-08-24 14:50:06,186 [WARNING] [MainThread] [root/open_meteo.py:865]: Error processing Open-Meteo data: Weather data is empty.
2026-08-24 14:50:16,185 [ERROR] [MainThread] [open_meteo/api.py:105]: No internet connection or host not found. Unable to fetch weather.
2026-08-24 14:50:16,186 [WARNING] [MainThread] [root/open_meteo.py:865]: Error processing Open-Meteo data: Weather data is empty.
2026-08-24 14:50:26,188 [ERROR] [MainThread] [open_meteo/api.py:105]: No internet connection or host not found. Unable to fetch weather.
2026-08-24 14:50:26,188 [WARNING] [MainThread] [root/open_meteo.py:865]: Error processing Open-Meteo data: Weather data is empty.
2026-08-24 14:50:36,187 [ERROR] [MainThread] [open_meteo/api.py:105]: No internet connection or host not found. Unable to fetch weather.
2026-08-24 14:50:36,187 [WARNING] [MainThread] [root/open_meteo.py:865]: Error processing Open-Meteo data: Weather data is empty.
2026-08-24 14:50:46,187 [ERROR] [MainThread] [open_meteo/api.py:105]: No internet connection or host not found. Unable to fetch weather.
2026-08-24 14:50:46,187 [WARNING] [MainThread] [root/open_meteo.py:865]: Error processing Open-Meteo data: Weather data is empty.
2026-08-24 14:50:56,203 [ERROR] [MainThread] [open_meteo/api.py:105]: No internet connection or host not found. Unable to fetch weather.
2026-08-24 14:50:56,203 [WARNING] [MainThread] [root/open_meteo.py:865]: Error processing Open-Meteo data: Weather data is empty.
2026-08-24 14:51:06,210 [ERROR] [MainThread] [open_meteo/api.py:105]: No internet connection or host not found. Unable to fetch weather.
2026-08-24 14:51:06,210 [WARNING] [MainThread] [root/open_meteo.py:865]: Error processing Open-Meteo data: Weather data is empty.
2026-08-24 14:51:16,221 [ERROR] [MainThread] [open_meteo/api.py:105]: No internet connection or host not found. Unable to fetch weather.
2026-08-24 14:51:16,221 [WARNING] [MainThread] [root/open_meteo.py:865]: Error processing Open-Meteo data: Weather data is empty.
2026-08-24 14:51:26,224 [ERROR] [MainThread] [open_meteo/api.py:105]: No internet connection or host not found. Unable to fetch weather.
2026-08-24 14:51:26,224 [WARNING] [MainThread] [root/open_meteo.py:865]: Error processing Open-Meteo data: Weather data is empty.
2026-08-24 14:51:36,239 [ERROR] [MainThread] [open_meteo/api.py:105]: No internet connection or host not found. Unable to fetch weather.
2026-08-24 14:51:36,239 [WARNING] [MainThread] [root/open_meteo.py:865]: Error processing Open-Meteo data: Weather data is empty.
2026-08-24 14:51:46,253 [ERROR] [MainThread] [open_meteo/api.py:105]: No internet connection or host not found. Unable to fetch weather.
2026-08-24 14:51:46,254 [WARNING] [MainThread] [root/open_meteo.py:865]: Error processing Open-Meteo data: Weather data is empty.
2026-08-24 14:51:56,279 [ERROR] [MainThread] [open_meteo/api.py:105]: No internet connection or host not found. Unable to fetch weather.
2026-08-24 14:51:56,279 [WARNING] [MainThread] [root/open_meteo.py:865]: Error processing Open-Meteo data: Weather data is empty.
2026-08-24 19:08:48,148 [ERROR] [MainThread] [open_meteo/api.py:112]: Open-Meteo response error None: UnknownNetworkError 99
2026-08-24 19:08:48,150 [WARNING] [MainThread] [root/open_meteo.py:865]: Error processing Open-Meteo data: Weather data is empty.
2026-08-24 19:19:49,688 [ERROR] [MainThread] [open_meteo/api.py:112]: Open-Meteo response error None: RemoteHostClosedError 2
2026-08-24 19:19:49,689 [WARNING] [MainThread] [root/open_meteo.py:865]: Error processing Open-Meteo data: Weather data is empty.
2026-08-24 19:20:41,775 [ERROR] [MainThread] [open_meteo/api.py:112]: Open-Meteo response error None: UnknownNetworkError 99
2026-08-24 19:20:41,775 [WARNING] [MainThread] [root/open_meteo.py:865]: Error processing Open-Meteo data: Weather data is empty.
2026-08-24 19:21:33,868 [ERROR] [MainThread] [open_meteo/api.py:112]: Open-Meteo response error None: UnknownNetworkError 99
2026-08-24 19:21:33,869 [WARNING] [MainThread] [root/open_meteo.py:865]: Error processing Open-Meteo data: Weather data is empty.
2026-08-24 19:22:26,030 [ERROR] [MainThread] [open_meteo/api.py:112]: Open-Meteo response error None: UnknownNetworkError 99
2026-08-24 19:22:26,030 [WARNING] [MainThread] [root/open_meteo.py:865]: Error processing Open-Meteo data: Weather data is empty.
2026-08-24 19:24:27,835 [ERROR] [MainThread] [open_meteo/api.py:112]: Open-Meteo response error None: RemoteHostClosedError 2
2026-08-24 19:24:27,835 [WARNING] [MainThread] [root/open_meteo.py:865]: Error processing Open-Meteo data: Weather data is empty.
2026-08-24 22:42:58,983 [INFO] [MainThread] [root/controller.py:43]: Exiting Application...
2026-08-24 22:42:59,093 [INFO] [MainThread] [cli_server/cli_server.py:114]: Log pipe server stopped
2026-08-24 22:42:59,130 [INFO] [MainThread] [root/bar_manager.py:119]: Stopping WindowsNotificationEventListener...
2026-08-24 22:42:59,134 [INFO] [Dummy-8] [root/windows_notification.py:97]: Notification service stopped
2026-08-24 22:42:59,138 [INFO] [MainThread] [root/bar_manager.py:119]: Stopping SystemEventListener...
2026-08-25 11:45:51,660 [INFO] [MainThread] [root/log.py:104]: YASB v2.0.6
2026-08-25 11:45:51,661 [INFO] [CLIPipeServer] [cli_server/cli_server.py:216]: CLI server started v1.1.7
2026-08-25 11:45:51,661 [INFO] [MainThread] [cli_server/cli_server.py:106]: Log pipe server started
2026-08-25 11:45:53,834 [INFO] [SystrayHook] [systray_hook/systray_hook.py:193]: Injecting into Explorer (PID: 8292)
2026-08-25 11:45:53,992 [INFO] [MainThread] [root/service.py:52]: AudioOutputService starting...
2026-08-25 11:45:54,208 [INFO] [MainThread] [root/bar_manager.py:103]: Starting WindowsNotificationEventListener...
2026-08-25 11:45:54,209 [INFO] [MainThread] [root/bar_manager.py:103]: Starting SystemEventListener...
2026-08-25 11:45:54,212 [INFO] [MainThread] [root/watcher.py:65]: Watching directory: c:\users\felipe\.config\yasb
2026-08-25 11:45:54,212 [INFO] [MainThread] [root/watcher.py:104]: Created file watcher
2026-08-25 11:45:54,234 [INFO] [MainThread] [root/update_service.py:434]: Background update checker started
2026-08-25 11:45:54,234 [INFO] [Dummy-7] [root/windows_notification.py:161]: Notification service started (WNF_SHEL_NOTIFICATION_TOTAL)
2026-08-25 23:56:51,813 [INFO] [MainThread] [root/controller.py:43]: Exiting Application...
2026-08-25 23:56:51,929 [INFO] [MainThread] [cli_server/cli_server.py:114]: Log pipe server stopped
2026-08-25 23:56:51,971 [INFO] [MainThread] [root/bar_manager.py:119]: Stopping WindowsNotificationEventListener...
2026-08-25 23:56:51,979 [INFO] [Dummy-7] [root/windows_notification.py:97]: Notification service stopped
2026-08-25 23:56:51,985 [INFO] [MainThread] [root/bar_manager.py:119]: Stopping SystemEventListener...
2026-08-26 11:31:44,696 [INFO] [MainThread] [root/log.py:104]: YASB v2.0.6
2026-08-26 11:31:44,697 [INFO] [CLIPipeServer] [cli_server/cli_server.py:216]: CLI server started v1.1.7
2026-08-26 11:31:44,697 [INFO] [MainThread] [cli_server/cli_server.py:106]: Log pipe server started
2026-08-26 11:31:46,779 [INFO] [SystrayHook] [systray_hook/systray_hook.py:193]: Injecting into Explorer (PID: 5796)
2026-08-26 11:31:46,887 [INFO] [MainThread] [root/service.py:52]: AudioOutputService starting...
2026-08-26 11:31:47,064 [INFO] [MainThread] [root/bar_manager.py:103]: Starting SystemEventListener...
2026-08-26 11:31:47,065 [INFO] [MainThread] [root/bar_manager.py:103]: Starting WindowsNotificationEventListener...
2026-08-26 11:31:47,068 [INFO] [MainThread] [root/watcher.py:65]: Watching directory: c:\users\felipe\.config\yasb
2026-08-26 11:31:47,069 [INFO] [MainThread] [root/watcher.py:104]: Created file watcher
2026-08-26 11:31:47,086 [INFO] [MainThread] [root/update_service.py:434]: Background update checker started
2026-08-26 11:31:47,113 [INFO] [Dummy-8] [root/windows_notification.py:161]: Notification service started (WNF_SHEL_NOTIFICATION_TOTAL)
2026-08-26 18:33:54,597 [INFO] [MainThread] [root/controller.py:43]: Exiting Application...
2026-08-26 18:33:54,702 [INFO] [MainThread] [cli_server/cli_server.py:114]: Log pipe server stopped
2026-08-26 18:33:54,737 [INFO] [MainThread] [root/bar_manager.py:119]: Stopping SystemEventListener...
2026-08-26 18:33:54,740 [INFO] [MainThread] [root/bar_manager.py:119]: Stopping WindowsNotificationEventListener...
2026-08-26 18:33:54,742 [INFO] [Dummy-8] [root/windows_notification.py:97]: Notification service stopped
2026-08-26 18:35:10,511 [INFO] [MainThread] [root/log.py:104]: YASB v2.0.6
2026-08-26 18:35:10,512 [INFO] [CLIPipeServer] [cli_server/cli_server.py:216]: CLI server started v1.1.7
2026-08-26 18:35:10,512 [INFO] [MainThread] [cli_server/cli_server.py:106]: Log pipe server started
2026-08-26 18:35:12,589 [INFO] [SystrayHook] [systray_hook/systray_hook.py:193]: Injecting into Explorer (PID: 8980)
2026-08-26 18:35:12,746 [INFO] [MainThread] [root/service.py:52]: AudioOutputService starting...
2026-08-26 18:35:13,017 [INFO] [MainThread] [root/bar_manager.py:103]: Starting SystemEventListener...
2026-08-26 18:35:13,018 [INFO] [MainThread] [root/bar_manager.py:103]: Starting WindowsNotificationEventListener...
2026-08-26 18:35:13,022 [INFO] [MainThread] [root/watcher.py:65]: Watching directory: c:\users\felipe\.config\yasb
2026-08-26 18:35:13,022 [INFO] [MainThread] [root/watcher.py:104]: Created file watcher
2026-08-26 18:35:13,055 [INFO] [MainThread] [root/update_service.py:434]: Background update checker started
2026-08-26 18:35:13,057 [INFO] [Dummy-8] [root/windows_notification.py:161]: Notification service started (WNF_SHEL_NOTIFICATION_TOTAL)
2026-08-26 18:37:45,460 [INFO] [MainThread] [root/bar_manager.py:97]: Screens updated. Re-initialising all bars.
2026-08-26 18:37:45,460 [INFO] [MainThread] [root/controller.py:21]: Reloading Application because of screen update.
2026-08-26 18:37:45,569 [INFO] [MainThread] [cli_server/cli_server.py:114]: Log pipe server stopped
2026-08-26 18:37:45,812 [INFO] [MainThread] [root/bar_manager.py:119]: Stopping SystemEventListener...
2026-08-26 18:37:45,814 [INFO] [MainThread] [root/bar_manager.py:119]: Stopping WindowsNotificationEventListener...
2026-08-26 18:37:45,815 [INFO] [Dummy-8] [root/windows_notification.py:97]: Notification service stopped
2026-08-26 18:37:47,096 [INFO] [MainThread] [root/log.py:104]: YASB v2.0.6
2026-08-26 18:37:47,097 [INFO] [CLIPipeServer] [cli_server/cli_server.py:216]: CLI server started v1.1.7
2026-08-26 18:37:47,097 [INFO] [MainThread] [cli_server/cli_server.py:106]: Log pipe server started
2026-08-26 18:37:49,418 [INFO] [SystrayHook] [systray_hook/systray_hook.py:193]: Injecting into Explorer (PID: 8980)
2026-08-26 18:37:49,531 [INFO] [MainThread] [root/service.py:52]: AudioOutputService starting...
2026-08-26 18:37:49,728 [INFO] [MainThread] [root/bar_manager.py:103]: Starting SystemEventListener...
2026-08-26 18:37:49,728 [INFO] [MainThread] [root/bar_manager.py:103]: Starting WindowsNotificationEventListener...
2026-08-26 18:37:49,730 [INFO] [MainThread] [root/watcher.py:65]: Watching directory: c:\users\felipe\.config\yasb
2026-08-26 18:37:49,730 [INFO] [MainThread] [root/watcher.py:104]: Created file watcher
2026-08-26 18:37:49,745 [INFO] [MainThread] [root/update_service.py:434]: Background update checker started
2026-08-26 18:37:49,749 [INFO] [Dummy-8] [root/windows_notification.py:161]: Notification service started (WNF_SHEL_NOTIFICATION_TOTAL)
2026-08-26 18:37:53,740 [INFO] [MainThread] [root/bar_manager.py:97]: Screens updated. Re-initialising all bars.
2026-08-26 18:37:53,740 [INFO] [MainThread] [root/controller.py:21]: Reloading Application because of screen update.
2026-08-26 18:37:53,850 [INFO] [MainThread] [cli_server/cli_server.py:114]: Log pipe server stopped
2026-08-26 18:37:53,885 [INFO] [MainThread] [root/bar_manager.py:119]: Stopping SystemEventListener...
2026-08-26 18:37:53,886 [INFO] [MainThread] [root/bar_manager.py:119]: Stopping WindowsNotificationEventListener...
2026-08-26 18:37:53,887 [INFO] [Dummy-8] [root/windows_notification.py:97]: Notification service stopped
2026-08-26 18:37:54,399 [INFO] [MainThread] [root/log.py:104]: YASB v2.0.6
2026-08-26 18:37:54,399 [INFO] [CLIPipeServer] [cli_server/cli_server.py:216]: CLI server started v1.1.7
2026-08-26 18:37:54,400 [INFO] [MainThread] [cli_server/cli_server.py:106]: Log pipe server started
2026-08-26 18:37:55,705 [INFO] [MainThread] [root/service.py:52]: AudioOutputService starting...
2026-08-26 18:37:55,767 [INFO] [SystrayHook] [systray_hook/systray_hook.py:193]: Injecting into Explorer (PID: 8980)
2026-08-26 18:37:55,819 [INFO] [MainThread] [root/bar_manager.py:103]: Starting SystemEventListener...
2026-08-26 18:37:55,820 [INFO] [MainThread] [root/bar_manager.py:103]: Starting WindowsNotificationEventListener...
2026-08-26 18:37:55,822 [INFO] [MainThread] [root/watcher.py:65]: Watching directory: c:\users\felipe\.config\yasb
2026-08-26 18:37:55,822 [INFO] [MainThread] [root/watcher.py:104]: Created file watcher
2026-08-26 18:37:55,834 [INFO] [MainThread] [root/update_service.py:434]: Background update checker started
2026-08-26 18:37:55,839 [INFO] [Dummy-8] [root/windows_notification.py:161]: Notification service started (WNF_SHEL_NOTIFICATION_TOTAL)
2026-08-26 18:38:00,962 [INFO] [MainThread] [root/bar_manager.py:97]: Screens updated. Re-initialising all bars.
2026-08-26 18:38:00,962 [INFO] [MainThread] [root/controller.py:21]: Reloading Application because of screen update.
2026-08-26 18:38:01,073 [INFO] [MainThread] [cli_server/cli_server.py:114]: Log pipe server stopped
2026-08-26 18:38:01,278 [INFO] [MainThread] [root/bar_manager.py:119]: Stopping SystemEventListener...
2026-08-26 18:38:01,281 [INFO] [MainThread] [root/bar_manager.py:119]: Stopping WindowsNotificationEventListener...
2026-08-26 18:38:01,281 [INFO] [Dummy-8] [root/windows_notification.py:97]: Notification service stopped
2026-08-26 18:38:01,779 [INFO] [MainThread] [root/log.py:104]: YASB v2.0.6
2026-08-26 18:38:01,780 [INFO] [CLIPipeServer] [cli_server/cli_server.py:216]: CLI server started v1.1.7
2026-08-26 18:38:01,780 [INFO] [MainThread] [cli_server/cli_server.py:106]: Log pipe server started
2026-08-26 18:38:03,087 [INFO] [MainThread] [root/service.py:52]: AudioOutputService starting...
2026-08-26 18:38:03,151 [INFO] [SystrayHook] [systray_hook/systray_hook.py:193]: Injecting into Explorer (PID: 8980)
2026-08-26 18:38:03,203 [INFO] [MainThread] [root/bar_manager.py:103]: Starting WindowsNotificationEventListener...
2026-08-26 18:38:03,204 [INFO] [MainThread] [root/bar_manager.py:103]: Starting SystemEventListener...
2026-08-26 18:38:03,205 [INFO] [MainThread] [root/watcher.py:65]: Watching directory: c:\users\felipe\.config\yasb
2026-08-26 18:38:03,206 [INFO] [MainThread] [root/watcher.py:104]: Created file watcher
2026-08-26 18:38:03,217 [INFO] [MainThread] [root/update_service.py:434]: Background update checker started
2026-08-26 18:38:03,223 [INFO] [Dummy-8] [root/windows_notification.py:161]: Notification service started (WNF_SHEL_NOTIFICATION_TOTAL)
2026-08-26 18:38:21,593 [INFO] [MainThread] [root/bar_manager.py:97]: Screens updated. Re-initialising all bars.
2026-08-26 18:38:21,593 [INFO] [MainThread] [root/controller.py:21]: Reloading Application because of screen update.
2026-08-26 18:38:21,707 [INFO] [MainThread] [cli_server/cli_server.py:114]: Log pipe server stopped
2026-08-26 18:38:21,778 [INFO] [MainThread] [root/bar_manager.py:119]: Stopping WindowsNotificationEventListener...
2026-08-26 18:38:21,778 [INFO] [Dummy-8] [root/windows_notification.py:97]: Notification service stopped
2026-08-26 18:38:21,779 [INFO] [MainThread] [root/bar_manager.py:119]: Stopping SystemEventListener...
2026-08-26 18:38:22,350 [INFO] [MainThread] [root/log.py:104]: YASB v2.0.6
2026-08-26 18:38:22,351 [INFO] [CLIPipeServer] [cli_server/cli_server.py:216]: CLI server started v1.1.7
2026-08-26 18:38:22,351 [INFO] [MainThread] [cli_server/cli_server.py:106]: Log pipe server started
2026-08-26 18:38:23,994 [INFO] [MainThread] [root/service.py:52]: AudioOutputService starting...
2026-08-26 18:38:24,061 [INFO] [SystrayHook] [systray_hook/systray_hook.py:193]: Injecting into Explorer (PID: 8980)
2026-08-26 18:38:24,122 [INFO] [MainThread] [root/bar_manager.py:103]: Starting SystemEventListener...
2026-08-26 18:38:24,122 [INFO] [MainThread] [root/bar_manager.py:103]: Starting WindowsNotificationEventListener...
2026-08-26 18:38:24,124 [INFO] [MainThread] [root/watcher.py:65]: Watching directory: c:\users\felipe\.config\yasb
2026-08-26 18:38:24,124 [INFO] [MainThread] [root/watcher.py:104]: Created file watcher
2026-08-26 18:38:24,140 [INFO] [MainThread] [root/update_service.py:434]: Background update checker started
2026-08-26 18:38:24,142 [INFO] [Dummy-8] [root/windows_notification.py:161]: Notification service started (WNF_SHEL_NOTIFICATION_TOTAL)
2026-08-26 18:38:24,159 [INFO] [MainThread] [root/bar_manager.py:97]: Screens updated. Re-initialising all bars.
2026-08-26 18:38:24,159 [INFO] [MainThread] [root/controller.py:21]: Reloading Application because of screen update.
2026-08-26 18:38:24,259 [INFO] [MainThread] [cli_server/cli_server.py:114]: Log pipe server stopped
Windows fatal exception: code 0x8001010e

Thread 0x00003b20 [Thread-6] (most recent call first):
  File "C:\hostedtoolcache\windows\Python\3.14.6\x64\Lib\threading.py", line 369 in wait
  File "C:\hostedtoolcache\windows\Python\3.14.6\x64\Lib\queue.py", line 199 in get
  File "D:\a\yasb\yasb\venv\Lib\site-packages\watchdog\observers\api.py", line 379 in dispatch_events
  File "D:\a\yasb\yasb\venv\Lib\site-packages\watchdog\observers\api.py", line 213 in run
  File "C:\hostedtoolcache\windows\Python\3.14.6\x64\Lib\threading.py", line 1082 in _bootstrap_inner
  File "C:\hostedtoolcache\windows\Python\3.14.6\x64\Lib\threading.py", line 1044 in _bootstrap

Thread 0x0000131c [Thread-7] (most recent call first):
  File "D:\a\yasb\yasb\venv\Lib\site-packages\watchdog\observers\winapi.py", line 326 in read_directory_changes
  File "D:\a\yasb\yasb\venv\Lib\site-packages\watchdog\observers\winapi.py", line 380 in read_events
  File "D:\a\yasb\yasb\venv\Lib\site-packages\watchdog\observers\read_directory_changes.py", line 67 in _read_events
  File "D:\a\yasb\yasb\venv\Lib\site-packages\watchdog\observers\read_directory_changes.py", line 70 in queue_events
  File "D:\a\yasb\yasb\venv\Lib\site-packages\watchdog\observers\api.py", line 158 in run
  File "C:\hostedtoolcache\windows\Python\3.14.6\x64\Lib\threading.py", line 1082 in _bootstrap_inner
  File "C:\hostedtoolcache\windows\Python\3.14.6\x64\Lib\threading.py", line 1044 in _bootstrap

Thread 0x0000100c [WindowsNotificationEventListener] (most recent call first):
  File "C:\hostedtoolcache\windows\Python\3.14.6\x64\Lib\asyncio\windows_events.py", line 778 in _poll
  File "C:\hostedtoolcache\windows\Python\3.14.6\x64\Lib\asyncio\windows_events.py", line 446 in select
  File "C:\hostedtoolcache\windows\Python\3.14.6\x64\Lib\asyncio\base_events.py", line 2018 in _run_once
  File "C:\hostedtoolcache\windows\Python\3.14.6\x64\Lib\asyncio\base_events.py", line 677 in run_forever
  File "C:\hostedtoolcache\windows\Python\3.14.6\x64\Lib\asyncio\base_events.py", line 706 in run_until_complete
  File "D:\a\yasb\yasb\src\core\widgets\services\notifications\windows_notification.py", line 84 in run

Thread 0x00002974 [SystemEventListener] (most recent call first):
  File "D:\a\yasb\yasb\src\core\utils\win32\event_listener.py", line 69 in run

Thread 0x0000164c [WiFiWorker] (most recent call first):
  File "C:\hostedtoolcache\windows\Python\3.14.6\x64\Lib\threading.py", line 373 in wait
  File "C:\hostedtoolcache\windows\Python\3.14.6\x64\Lib\threading.py", line 670 in wait
  File "D:\a\yasb\yasb\src\core\widgets\services\wifi\wifi_managers.py", line 160 in run

Thread 0x000006c8 [SystrayHook] (most recent call first):
  File "D:\a\yasb\yasb\src\core\widgets\services\systray\systray_hook.py", line 247 in run
  File "D:\a\yasb\yasb\src\core\widgets\yasb\systray.py", line 79 in run

Thread 0x000028dc [_EventWorker] (most recent call first):
  File "D:\a\yasb\yasb\venv\Lib\site-packages\qasync\_windows.py", line 147 in _poll
  File "D:\a\yasb\yasb\venv\Lib\site-packages\qasync\_windows.py", line 72 in select
  File "D:\a\yasb\yasb\venv\Lib\site-packages\qasync\_windows.py", line 199 in run

Thread 0x000028d4 [LogPipeServer] (most recent call first):
  File "D:\a\yasb\yasb\src\core\utils\win32\bindings\kernel32.py", line 291 in ConnectNamedPipe
  File "D:\a\yasb\yasb\src\core\utils\cli_server.py", line 138 in _run_server
  File "C:\hostedtoolcache\windows\Python\3.14.6\x64\Lib\threading.py", line 1024 in run
  File "C:\hostedtoolcache\windows\Python\3.14.6\x64\Lib\threading.py", line 1082 in _bootstrap_inner
  File "C:\hostedtoolcache\windows\Python\3.14.6\x64\Lib\threading.py", line 1044 in _bootstrap

Thread 0x000028e4 [CLIPipeServer] (most recent call first):
  File "D:\a\yasb\yasb\src\core\utils\win32\bindings\kernel32.py", line 291 in ConnectNamedPipe
  File "D:\a\yasb\yasb\src\core\utils\cli_server.py", line 235 in _run_server
  File "C:\hostedtoolcache\windows\Python\3.14.6\x64\Lib\threading.py", line 1024 in run
  File "C:\hostedtoolcache\windows\Python\3.14.6\x64\Lib\threading.py", line 1082 in _bootstrap_inner
  File "C:\hostedtoolcache\windows\Python\3.14.6\x64\Lib\threading.py", line 1044 in _bootstrap

Current thread 0x00002ba4 (most recent call first):
  File "C:\hostedtoolcache\windows\Python\3.14.6\x64\Lib\asyncio\events.py", line 94 in _run
  File "D:\a\yasb\yasb\venv\Lib\site-packages\qasync\__init__.py", line 307 in timerEvent
  File "D:\a\yasb\yasb\venv\Lib\site-packages\qasync\__init__.py", line 404 in run_forever
  File "D:\a\yasb\yasb\venv\Lib\site-packages\qasync\__init__.py", line 428 in run_until_complete
  File "main.py", line 100 in main
  File "main.py", line 203 in <module>
  File "D:\a\yasb\yasb\venv\Lib\site-packages\freeze_core\initscripts\console.py", line 43 in run
  File "src/freeze_core/initscripts/__startup__.py", line 147 in run
2026-08-26 18:38:24,380 [INFO] [MainThread] [root/bar_manager.py:119]: Stopping SystemEventListener...
2026-08-26 18:38:24,382 [INFO] [MainThread] [root/bar_manager.py:119]: Stopping WindowsNotificationEventListener...
2026-08-26 18:38:24,382 [INFO] [Dummy-8] [root/windows_notification.py:97]: Notification service stopped
2026-08-26 18:38:24,749 [INFO] [MainThread] [root/log.py:104]: YASB v2.0.6
2026-08-26 18:38:24,749 [INFO] [CLIPipeServer] [cli_server/cli_server.py:216]: CLI server started v1.1.7
2026-08-26 18:38:24,750 [INFO] [MainThread] [cli_server/cli_server.py:106]: Log pipe server started
2026-08-26 18:38:25,999 [INFO] [MainThread] [root/service.py:52]: AudioOutputService starting...
2026-08-26 18:38:26,062 [INFO] [SystrayHook] [systray_hook/systray_hook.py:193]: Injecting into Explorer (PID: 8980)
2026-08-26 18:38:26,115 [INFO] [MainThread] [root/bar_manager.py:103]: Starting WindowsNotificationEventListener...
2026-08-26 18:38:26,115 [INFO] [MainThread] [root/bar_manager.py:103]: Starting SystemEventListener...
2026-08-26 18:38:26,117 [INFO] [MainThread] [root/watcher.py:65]: Watching directory: c:\users\felipe\.config\yasb
2026-08-26 18:38:26,117 [INFO] [MainThread] [root/watcher.py:104]: Created file watcher
2026-08-26 18:38:26,131 [INFO] [MainThread] [root/update_service.py:434]: Background update checker started
2026-08-26 18:38:26,133 [INFO] [Dummy-8] [root/windows_notification.py:161]: Notification service started (WNF_SHEL_NOTIFICATION_TOTAL)
2026-08-26 18:39:50,545 [INFO] [MainThread] [root/bar_manager.py:97]: Screens updated. Re-initialising all bars.
2026-08-26 18:39:50,546 [INFO] [MainThread] [root/controller.py:21]: Reloading Application because of screen update.
2026-08-26 18:39:50,656 [INFO] [MainThread] [cli_server/cli_server.py:114]: Log pipe server stopped
2026-08-26 18:39:50,708 [INFO] [MainThread] [root/bar_manager.py:119]: Stopping WindowsNotificationEventListener...
2026-08-26 18:39:50,709 [INFO] [Dummy-8] [root/windows_notification.py:97]: Notification service stopped
2026-08-26 18:39:50,711 [INFO] [MainThread] [root/bar_manager.py:119]: Stopping SystemEventListener...
2026-08-26 18:39:51,212 [INFO] [MainThread] [root/log.py:104]: YASB v2.0.6
2026-08-26 18:39:51,212 [INFO] [CLIPipeServer] [cli_server/cli_server.py:216]: CLI server started v1.1.7
2026-08-26 18:39:51,212 [INFO] [MainThread] [cli_server/cli_server.py:106]: Log pipe server started
2026-08-26 18:39:52,807 [INFO] [MainThread] [root/service.py:52]: AudioOutputService starting...
2026-08-26 18:39:53,046 [INFO] [SystrayHook] [systray_hook/systray_hook.py:193]: Injecting into Explorer (PID: 8980)
2026-08-26 18:39:53,122 [INFO] [MainThread] [root/bar_manager.py:103]: Starting WindowsNotificationEventListener...
2026-08-26 18:39:53,122 [INFO] [MainThread] [root/bar_manager.py:103]: Starting SystemEventListener...
2026-08-26 18:39:53,124 [INFO] [MainThread] [root/watcher.py:65]: Watching directory: c:\users\felipe\.config\yasb
2026-08-26 18:39:53,125 [INFO] [MainThread] [root/watcher.py:104]: Created file watcher
2026-08-26 18:39:53,141 [INFO] [MainThread] [root/update_service.py:434]: Background update checker started
2026-08-26 18:39:53,143 [INFO] [Dummy-8] [root/windows_notification.py:161]: Notification service started (WNF_SHEL_NOTIFICATION_TOTAL)
2026-08-26 18:39:53,166 [INFO] [MainThread] [root/bar_manager.py:97]: Screens updated. Re-initialising all bars.
2026-08-26 18:39:53,166 [INFO] [MainThread] [root/controller.py:21]: Reloading Application because of screen update.
2026-08-26 18:39:53,267 [INFO] [MainThread] [cli_server/cli_server.py:114]: Log pipe server stopped
Windows fatal exception: code 0x8001010e

Thread 0x00002c7c [Thread-6] (most recent call first):
  File "C:\hostedtoolcache\windows\Python\3.14.6\x64\Lib\threading.py", line 369 in wait
  File "C:\hostedtoolcache\windows\Python\3.14.6\x64\Lib\queue.py", line 199 in get
  File "D:\a\yasb\yasb\venv\Lib\site-packages\watchdog\observers\api.py", line 379 in dispatch_events
  File "D:\a\yasb\yasb\venv\Lib\site-packages\watchdog\observers\api.py", line 213 in run
  File "C:\hostedtoolcache\windows\Python\3.14.6\x64\Lib\threading.py", line 1082 in _bootstrap_inner
  File "C:\hostedtoolcache\windows\Python\3.14.6\x64\Lib\threading.py", line 1044 in _bootstrap

Thread 0x000036d4 [Thread-7] (most recent call first):
  File "D:\a\yasb\yasb\venv\Lib\site-packages\watchdog\observers\winapi.py", line 326 in read_directory_changes
  File "D:\a\yasb\yasb\venv\Lib\site-packages\watchdog\observers\winapi.py", line 380 in read_events
  File "D:\a\yasb\yasb\venv\Lib\site-packages\watchdog\observers\read_directory_changes.py", line 67 in _read_events
  File "D:\a\yasb\yasb\venv\Lib\site-packages\watchdog\observers\read_directory_changes.py", line 70 in queue_events
  File "D:\a\yasb\yasb\venv\Lib\site-packages\watchdog\observers\api.py", line 158 in run
  File "C:\hostedtoolcache\windows\Python\3.14.6\x64\Lib\threading.py", line 1082 in _bootstrap_inner
  File "C:\hostedtoolcache\windows\Python\3.14.6\x64\Lib\threading.py", line 1044 in _bootstrap

Thread 0x00000efc [SystemEventListener] (most recent call first):
  File "D:\a\yasb\yasb\src\core\utils\win32\event_listener.py", line 69 in run

Thread 0x00000ffc [WindowsNotificationEventListener] (most recent call first):
  File "C:\hostedtoolcache\windows\Python\3.14.6\x64\Lib\asyncio\windows_events.py", line 778 in _poll
  File "C:\hostedtoolcache\windows\Python\3.14.6\x64\Lib\asyncio\windows_events.py", line 446 in select
  File "C:\hostedtoolcache\windows\Python\3.14.6\x64\Lib\asyncio\base_events.py", line 2018 in _run_once
  File "C:\hostedtoolcache\windows\Python\3.14.6\x64\Lib\asyncio\base_events.py", line 677 in run_forever
  File "C:\hostedtoolcache\windows\Python\3.14.6\x64\Lib\asyncio\base_events.py", line 706 in run_until_complete
  File "D:\a\yasb\yasb\src\core\widgets\services\notifications\windows_notification.py", line 84 in run

Thread 0x00002474 [WiFiWorker] (most recent call first):
  File "C:\hostedtoolcache\windows\Python\3.14.6\x64\Lib\threading.py", line 373 in wait
  File "C:\hostedtoolcache\windows\Python\3.14.6\x64\Lib\threading.py", line 670 in wait
  File "D:\a\yasb\yasb\src\core\widgets\services\wifi\wifi_managers.py", line 160 in run

Thread 0x000036bc [SystrayHook] (most recent call first):
  File "D:\a\yasb\yasb\src\core\widgets\services\systray\systray_hook.py", line 247 in run
  File "D:\a\yasb\yasb\src\core\widgets\yasb\systray.py", line 79 in run

Thread 0x00001ff0 [_EventWorker] (most recent call first):
  File "D:\a\yasb\yasb\venv\Lib\site-packages\qasync\_windows.py", line 147 in _poll
  File "D:\a\yasb\yasb\venv\Lib\site-packages\qasync\_windows.py", line 72 in select
  File "D:\a\yasb\yasb\venv\Lib\site-packages\qasync\_windows.py", line 199 in run

Thread 0x0000077c [LogPipeServer] (most recent call first):
  File "D:\a\yasb\yasb\src\core\utils\win32\bindings\kernel32.py", line 291 in ConnectNamedPipe
  File "D:\a\yasb\yasb\src\core\utils\cli_server.py", line 138 in _run_server
  File "C:\hostedtoolcache\windows\Python\3.14.6\x64\Lib\threading.py", line 1024 in run
  File "C:\hostedtoolcache\windows\Python\3.14.6\x64\Lib\threading.py", line 1082 in _bootstrap_inner
  File "C:\hostedtoolcache\windows\Python\3.14.6\x64\Lib\threading.py", line 1044 in _bootstrap

Thread 0x00003a50 [CLIPipeServer] (most recent call first):
  File "D:\a\yasb\yasb\src\core\utils\win32\bindings\kernel32.py", line 291 in ConnectNamedPipe
  File "D:\a\yasb\yasb\src\core\utils\cli_server.py", line 235 in _run_server
  File "C:\hostedtoolcache\windows\Python\3.14.6\x64\Lib\threading.py", line 1024 in run
  File "C:\hostedtoolcache\windows\Python\3.14.6\x64\Lib\threading.py", line 1082 in _bootstrap_inner
  File "C:\hostedtoolcache\windows\Python\3.14.6\x64\Lib\threading.py", line 1044 in _bootstrap

Current thread 0x00000b28 (most recent call first):
  File "C:\hostedtoolcache\windows\Python\3.14.6\x64\Lib\asyncio\events.py", line 94 in _run
  File "D:\a\yasb\yasb\venv\Lib\site-packages\qasync\__init__.py", line 307 in timerEvent
  File "D:\a\yasb\yasb\venv\Lib\site-packages\qasync\__init__.py", line 404 in run_forever
  File "D:\a\yasb\yasb\venv\Lib\site-packages\qasync\__init__.py", line 428 in run_until_complete
  File "main.py", line 100 in main
  File "main.py", line 203 in <module>
  File "D:\a\yasb\yasb\venv\Lib\site-packages\freeze_core\initscripts\console.py", line 43 in run
  File "src/freeze_core/initscripts/__startup__.py", line 147 in run
2026-08-26 18:39:53,381 [INFO] [MainThread] [root/bar_manager.py:119]: Stopping WindowsNotificationEventListener...
2026-08-26 18:39:53,381 [INFO] [Dummy-8] [root/windows_notification.py:97]: Notification service stopped
2026-08-26 18:39:53,383 [INFO] [MainThread] [root/bar_manager.py:119]: Stopping SystemEventListener...
2026-08-26 18:39:53,786 [INFO] [MainThread] [root/log.py:104]: YASB v2.0.6
2026-08-26 18:39:53,787 [INFO] [CLIPipeServer] [cli_server/cli_server.py:216]: CLI server started v1.1.7
2026-08-26 18:39:53,787 [INFO] [MainThread] [cli_server/cli_server.py:106]: Log pipe server started
2026-08-26 18:39:55,145 [INFO] [MainThread] [root/service.py:52]: AudioOutputService starting...
2026-08-26 18:39:55,209 [INFO] [SystrayHook] [systray_hook/systray_hook.py:193]: Injecting into Explorer (PID: 8980)
2026-08-26 18:39:55,272 [INFO] [MainThread] [root/bar_manager.py:103]: Starting WindowsNotificationEventListener...
2026-08-26 18:39:55,273 [INFO] [MainThread] [root/bar_manager.py:103]: Starting SystemEventListener...
2026-08-26 18:39:55,275 [INFO] [MainThread] [root/watcher.py:65]: Watching directory: c:\users\felipe\.config\yasb
2026-08-26 18:39:55,275 [INFO] [MainThread] [root/watcher.py:104]: Created file watcher
2026-08-26 18:39:55,290 [INFO] [Dummy-8] [root/windows_notification.py:161]: Notification service started (WNF_SHEL_NOTIFICATION_TOTAL)
2026-08-26 18:39:55,290 [INFO] [MainThread] [root/update_service.py:434]: Background update checker started
2026-08-26 18:41:09,769 [INFO] [MainThread] [root/bar_manager.py:119]: Stopping WindowsNotificationEventListener...
2026-08-26 18:41:09,769 [INFO] [Dummy-8] [root/windows_notification.py:97]: Notification service stopped
2026-08-26 18:41:09,774 [INFO] [MainThread] [root/bar_manager.py:119]: Stopping SystemEventListener...
2026-08-26 18:44:30,932 [INFO] [MainThread] [root/log.py:104]: YASB v2.0.6
2026-08-26 18:44:30,933 [INFO] [CLIPipeServer] [cli_server/cli_server.py:216]: CLI server started v1.1.7
2026-08-26 18:44:30,933 [INFO] [MainThread] [cli_server/cli_server.py:106]: Log pipe server started
2026-08-26 18:44:33,103 [INFO] [SystrayHook] [systray_hook/systray_hook.py:193]: Injecting into Explorer (PID: 9136)
2026-08-26 18:44:33,227 [INFO] [MainThread] [root/service.py:52]: AudioOutputService starting...
2026-08-26 18:44:33,402 [INFO] [MainThread] [root/bar_manager.py:103]: Starting WindowsNotificationEventListener...
2026-08-26 18:44:33,402 [INFO] [MainThread] [root/bar_manager.py:103]: Starting SystemEventListener...
2026-08-26 18:44:33,405 [INFO] [MainThread] [root/watcher.py:65]: Watching directory: c:\users\felipe\.config\yasb
2026-08-26 18:44:33,405 [INFO] [MainThread] [root/watcher.py:104]: Created file watcher
2026-08-26 18:44:33,423 [INFO] [Dummy-8] [root/windows_notification.py:161]: Notification service started (WNF_SHEL_NOTIFICATION_TOTAL)
2026-08-26 18:44:33,424 [INFO] [MainThread] [root/update_service.py:434]: Background update checker started
Windows fatal exception: code 0x800706f7

Thread 0x00002414 [Thread-6] (most recent call first):
  File "C:\hostedtoolcache\windows\Python\3.14.6\x64\Lib\threading.py", line 369 in wait
  File "C:\hostedtoolcache\windows\Python\3.14.6\x64\Lib\queue.py", line 199 in get
  File "D:\a\yasb\yasb\venv\Lib\site-packages\watchdog\observers\api.py", line 379 in dispatch_events
  File "D:\a\yasb\yasb\venv\Lib\site-packages\watchdog\observers\api.py", line 213 in run
  File "C:\hostedtoolcache\windows\Python\3.14.6\x64\Lib\threading.py", line 1082 in _bootstrap_inner
  File "C:\hostedtoolcache\windows\Python\3.14.6\x64\Lib\threading.py", line 1044 in _bootstrap

Thread 0x00002f08 [Thread-7] (most recent call first):
  File "D:\a\yasb\yasb\venv\Lib\site-packages\watchdog\observers\winapi.py", line 326 in read_directory_changes
  File "D:\a\yasb\yasb\venv\Lib\site-packages\watchdog\observers\winapi.py", line 380 in read_events
  File "D:\a\yasb\yasb\venv\Lib\site-packages\watchdog\observers\read_directory_changes.py", line 67 in _read_events
  File "D:\a\yasb\yasb\venv\Lib\site-packages\watchdog\observers\read_directory_changes.py", line 70 in queue_events
  File "D:\a\yasb\yasb\venv\Lib\site-packages\watchdog\observers\api.py", line 158 in run
  File "C:\hostedtoolcache\windows\Python\3.14.6\x64\Lib\threading.py", line 1082 in _bootstrap_inner
  File "C:\hostedtoolcache\windows\Python\3.14.6\x64\Lib\threading.py", line 1044 in _bootstrap

Thread 0x00002f10 [SystemEventListener] (most recent call first):
  File "D:\a\yasb\yasb\src\core\utils\win32\event_listener.py", line 69 in run

Thread 0x00002ea4 [WindowsNotificationEventListener] (most recent call first):
  File "C:\hostedtoolcache\windows\Python\3.14.6\x64\Lib\asyncio\windows_events.py", line 778 in _poll
  File "C:\hostedtoolcache\windows\Python\3.14.6\x64\Lib\asyncio\windows_events.py", line 446 in select
  File "C:\hostedtoolcache\windows\Python\3.14.6\x64\Lib\asyncio\base_events.py", line 2018 in _run_once
  File "C:\hostedtoolcache\windows\Python\3.14.6\x64\Lib\asyncio\base_events.py", line 677 in run_forever
  File "C:\hostedtoolcache\windows\Python\3.14.6\x64\Lib\asyncio\base_events.py", line 706 in run_until_complete
  File "D:\a\yasb\yasb\src\core\widgets\services\notifications\windows_notification.py", line 84 in run

Thread 0x00001214 [WiFiWorker] (most recent call first):
  File "C:\hostedtoolcache\windows\Python\3.14.6\x64\Lib\threading.py", line 373 in wait
  File "C:\hostedtoolcache\windows\Python\3.14.6\x64\Lib\threading.py", line 670 in wait
  File "D:\a\yasb\yasb\src\core\widgets\services\wifi\wifi_managers.py", line 160 in run

Thread 0x00001d24 [SystrayHook] (most recent call first):
  File "D:\a\yasb\yasb\src\core\widgets\services\systray\systray_hook.py", line 247 in run
  File "D:\a\yasb\yasb\src\core\widgets\yasb\systray.py", line 79 in run

Thread 0x000023e8 [_EventWorker] (most recent call first):
  File "D:\a\yasb\yasb\venv\Lib\site-packages\qasync\_windows.py", line 147 in _poll
  File "D:\a\yasb\yasb\venv\Lib\site-packages\qasync\_windows.py", line 72 in select
  File "D:\a\yasb\yasb\venv\Lib\site-packages\qasync\_windows.py", line 199 in run

Thread 0x00002660 [LogPipeServer] (most recent call first):
  File "D:\a\yasb\yasb\src\core\utils\win32\bindings\kernel32.py", line 291 in ConnectNamedPipe
  File "D:\a\yasb\yasb\src\core\utils\cli_server.py", line 138 in _run_server
  File "C:\hostedtoolcache\windows\Python\3.14.6\x64\Lib\threading.py", line 1024 in run
  File "C:\hostedtoolcache\windows\Python\3.14.6\x64\Lib\threading.py", line 1082 in _bootstrap_inner
  File "C:\hostedtoolcache\windows\Python\3.14.6\x64\Lib\threading.py", line 1044 in _bootstrap

Thread 0x000025a0 [CLIPipeServer] (most recent call first):
  File "D:\a\yasb\yasb\src\core\utils\win32\bindings\kernel32.py", line 291 in ConnectNamedPipe
  File "D:\a\yasb\yasb\src\core\utils\cli_server.py", line 235 in _run_server
  File "C:\hostedtoolcache\windows\Python\3.14.6\x64\Lib\threading.py", line 1024 in run
  File "C:\hostedtoolcache\windows\Python\3.14.6\x64\Lib\threading.py", line 1082 in _bootstrap_inner
  File "C:\hostedtoolcache\windows\Python\3.14.6\x64\Lib\threading.py", line 1044 in _bootstrap

Current thread 0x00001d60 (most recent call first):
  File "D:\a\yasb\yasb\src\core\widgets\yasb\active_window.py", line 337 in _update_window_title
  File "D:\a\yasb\yasb\src\core\widgets\yasb\active_window.py", line 237 in _on_focus_change_event
  File "D:\a\yasb\yasb\src\core\widgets\yasb\active_window.py", line 318 in <lambda>
  File "D:\a\yasb\yasb\venv\Lib\site-packages\qasync\__init__.py", line 404 in run_forever
  File "D:\a\yasb\yasb\venv\Lib\site-packages\qasync\__init__.py", line 428 in run_until_complete
  File "main.py", line 100 in main
  File "main.py", line 203 in <module>
  File "D:\a\yasb\yasb\venv\Lib\site-packages\freeze_core\initscripts\console.py", line 43 in run
  File "src/freeze_core/initscripts/__startup__.py", line 147 in run
Windows fatal exception: code 0x8001010e

Thread 0x00002414 [Thread-6] (most recent call first):
  File "C:\hostedtoolcache\windows\Python\3.14.6\x64\Lib\threading.py", line 369 in wait
  File "C:\hostedtoolcache\windows\Python\3.14.6\x64\Lib\queue.py", line 199 in get
  File "D:\a\yasb\yasb\venv\Lib\site-packages\watchdog\observers\api.py", line 379 in dispatch_events
  File "D:\a\yasb\yasb\venv\Lib\site-packages\watchdog\observers\api.py", line 213 in run
  File "C:\hostedtoolcache\windows\Python\3.14.6\x64\Lib\threading.py", line 1082 in _bootstrap_inner
  File "C:\hostedtoolcache\windows\Python\3.14.6\x64\Lib\threading.py", line 1044 in _bootstrap

Thread 0x00002f08 [Thread-7] (most recent call first):
  File "D:\a\yasb\yasb\venv\Lib\site-packages\watchdog\observers\winapi.py", line 326 in read_directory_changes
  File "D:\a\yasb\yasb\venv\Lib\site-packages\watchdog\observers\winapi.py", line 380 in read_events
  File "D:\a\yasb\yasb\venv\Lib\site-packages\watchdog\observers\read_directory_changes.py", line 67 in _read_events
  File "D:\a\yasb\yasb\venv\Lib\site-packages\watchdog\observers\read_directory_changes.py", line 70 in queue_events
  File "D:\a\yasb\yasb\venv\Lib\site-packages\watchdog\observers\api.py", line 158 in run
  File "C:\hostedtoolcache\windows\Python\3.14.6\x64\Lib\threading.py", line 1082 in _bootstrap_inner
  File "C:\hostedtoolcache\windows\Python\3.14.6\x64\Lib\threading.py", line 1044 in _bootstrap

Thread 0x00002f10 [SystemEventListener] (most recent call first):
  File "D:\a\yasb\yasb\src\core\utils\win32\event_listener.py", line 69 in run

Thread 0x00002ea4 [WindowsNotificationEventListener] (most recent call first):
  File "C:\hostedtoolcache\windows\Python\3.14.6\x64\Lib\asyncio\windows_events.py", line 778 in _poll
  File "C:\hostedtoolcache\windows\Python\3.14.6\x64\Lib\asyncio\windows_events.py", line 446 in select
  File "C:\hostedtoolcache\windows\Python\3.14.6\x64\Lib\asyncio\base_events.py", line 2018 in _run_once
  File "C:\hostedtoolcache\windows\Python\3.14.6\x64\Lib\asyncio\base_events.py", line 677 in run_forever
  File "C:\hostedtoolcache\windows\Python\3.14.6\x64\Lib\asyncio\base_events.py", line 706 in run_until_complete
  File "D:\a\yasb\yasb\src\core\widgets\services\notifications\windows_notification.py", line 84 in run

Thread 0x00001214 [WiFiWorker] (most recent call first):
  File "C:\hostedtoolcache\windows\Python\3.14.6\x64\Lib\threading.py", line 373 in wait
  File "C:\hostedtoolcache\windows\Python\3.14.6\x64\Lib\threading.py", line 670 in wait
  File "D:\a\yasb\yasb\src\core\widgets\services\wifi\wifi_managers.py", line 160 in run

Thread 0x00001d24 [SystrayHook] (most recent call first):
  File "D:\a\yasb\yasb\src\core\widgets\services\systray\systray_hook.py", line 247 in run
  File "D:\a\yasb\yasb\src\core\widgets\yasb\systray.py", line 79 in run

Thread 0x000023e8 [_EventWorker] (most recent call first):
  File "D:\a\yasb\yasb\venv\Lib\site-packages\qasync\_windows.py", line 147 in _poll
  File "D:\a\yasb\yasb\venv\Lib\site-packages\qasync\_windows.py", line 72 in select
  File "D:\a\yasb\yasb\venv\Lib\site-packages\qasync\_windows.py", line 199 in run

Thread 0x00002660 [LogPipeServer] (most recent call first):
  File "D:\a\yasb\yasb\src\core\utils\win32\bindings\kernel32.py", line 291 in ConnectNamedPipe
  File "D:\a\yasb\yasb\src\core\utils\cli_server.py", line 138 in _run_server
  File "C:\hostedtoolcache\windows\Python\3.14.6\x64\Lib\threading.py", line 1024 in run
  File "C:\hostedtoolcache\windows\Python\3.14.6\x64\Lib\threading.py", line 1082 in _bootstrap_inner
  File "C:\hostedtoolcache\windows\Python\3.14.6\x64\Lib\threading.py", line 1044 in _bootstrap

Thread 0x000025a0 [CLIPipeServer] (most recent call first):
  File "D:\a\yasb\yasb\src\core\utils\win32\bindings\kernel32.py", line 291 in ConnectNamedPipe
  File "D:\a\yasb\yasb\src\core\utils\cli_server.py", line 235 in _run_server
  File "C:\hostedtoolcache\windows\Python\3.14.6\x64\Lib\threading.py", line 1024 in run
  File "C:\hostedtoolcache\windows\Python\3.14.6\x64\Lib\threading.py", line 1082 in _bootstrap_inner
  File "C:\hostedtoolcache\windows\Python\3.14.6\x64\Lib\threading.py", line 1044 in _bootstrap

Current thread 0x00001d60 (most recent call first):
  File "D:\a\yasb\yasb\src\core\widgets\services\media\media.py", line 248 in _on_sessions_changed
  File "C:\hostedtoolcache\windows\Python\3.14.6\x64\Lib\asyncio\events.py", line 94 in _run
  File "D:\a\yasb\yasb\venv\Lib\site-packages\qasync\__init__.py", line 307 in timerEvent
  File "D:\a\yasb\yasb\venv\Lib\site-packages\qasync\__init__.py", line 404 in run_forever
  File "D:\a\yasb\yasb\venv\Lib\site-packages\qasync\__init__.py", line 428 in run_until_complete
  File "main.py", line 100 in main
  File "main.py", line 203 in <module>
  File "D:\a\yasb\yasb\venv\Lib\site-packages\freeze_core\initscripts\console.py", line 43 in run
  File "src/freeze_core/initscripts/__startup__.py", line 147 in run
Windows fatal exception: code 0x8001010e

Thread 0x00002414 [Thread-6] (most recent call first):
  File "C:\hostedtoolcache\windows\Python\3.14.6\x64\Lib\threading.py", line 369 in wait
  File "C:\hostedtoolcache\windows\Python\3.14.6\x64\Lib\queue.py", line 199 in get
  File "D:\a\yasb\yasb\venv\Lib\site-packages\watchdog\observers\api.py", line 379 in dispatch_events
  File "D:\a\yasb\yasb\venv\Lib\site-packages\watchdog\observers\api.py", line 213 in run
  File "C:\hostedtoolcache\windows\Python\3.14.6\x64\Lib\threading.py", line 1082 in _bootstrap_inner
  File "C:\hostedtoolcache\windows\Python\3.14.6\x64\Lib\threading.py", line 1044 in _bootstrap

Thread 0x00002f08 [Thread-7] (most recent call first):
  File "D:\a\yasb\yasb\venv\Lib\site-packages\watchdog\observers\winapi.py", line 326 in read_directory_changes
  File "D:\a\yasb\yasb\venv\Lib\site-packages\watchdog\observers\winapi.py", line 380 in read_events
  File "D:\a\yasb\yasb\venv\Lib\site-packages\watchdog\observers\read_directory_changes.py", line 67 in _read_events
  File "D:\a\yasb\yasb\venv\Lib\site-packages\watchdog\observers\read_directory_changes.py", line 70 in queue_events
  File "D:\a\yasb\yasb\venv\Lib\site-packages\watchdog\observers\api.py", line 158 in run
  File "C:\hostedtoolcache\windows\Python\3.14.6\x64\Lib\threading.py", line 1082 in _bootstrap_inner
  File "C:\hostedtoolcache\windows\Python\3.14.6\x64\Lib\threading.py", line 1044 in _bootstrap

Thread 0x00002f10 [SystemEventListener] (most recent call first):
  File "D:\a\yasb\yasb\src\core\utils\win32\event_listener.py", line 69 in run

Thread 0x00002ea4 [WindowsNotificationEventListener] (most recent call first):
  File "C:\hostedtoolcache\windows\Python\3.14.6\x64\Lib\asyncio\windows_events.py", line 778 in _poll
  File "C:\hostedtoolcache\windows\Python\3.14.6\x64\Lib\asyncio\windows_events.py", line 446 in select
  File "C:\hostedtoolcache\windows\Python\3.14.6\x64\Lib\asyncio\base_events.py", line 2018 in _run_once
  File "C:\hostedtoolcache\windows\Python\3.14.6\x64\Lib\asyncio\base_events.py", line 677 in run_forever
  File "C:\hostedtoolcache\windows\Python\3.14.6\x64\Lib\asyncio\base_events.py", line 706 in run_until_complete
  File "D:\a\yasb\yasb\src\core\widgets\services\notifications\windows_notification.py", line 84 in run

Thread 0x00001214 [WiFiWorker] (most recent call first):
  File "C:\hostedtoolcache\windows\Python\3.14.6\x64\Lib\threading.py", line 373 in wait
  File "C:\hostedtoolcache\windows\Python\3.14.6\x64\Lib\threading.py", line 670 in wait
  File "D:\a\yasb\yasb\src\core\widgets\services\wifi\wifi_managers.py", line 160 in run

Thread 0x00001d24 [SystrayHook] (most recent call first):
  File "D:\a\yasb\yasb\src\core\widgets\services\systray\systray_hook.py", line 247 in run
  File "D:\a\yasb\yasb\src\core\widgets\yasb\systray.py", line 79 in run

Thread 0x000023e8 [_EventWorker] (most recent call first):
  File "D:\a\yasb\yasb\venv\Lib\site-packages\qasync\_windows.py", line 147 in _poll
  File "D:\a\yasb\yasb\venv\Lib\site-packages\qasync\_windows.py", line 72 in select
  File "D:\a\yasb\yasb\venv\Lib\site-packages\qasync\_windows.py", line 199 in run

Thread 0x00002660 [LogPipeServer] (most recent call first):
  File "D:\a\yasb\yasb\src\core\utils\win32\bindings\kernel32.py", line 291 in ConnectNamedPipe
  File "D:\a\yasb\yasb\src\core\utils\cli_server.py", line 138 in _run_server
  File "C:\hostedtoolcache\windows\Python\3.14.6\x64\Lib\threading.py", line 1024 in run
  File "C:\hostedtoolcache\windows\Python\3.14.6\x64\Lib\threading.py", line 1082 in _bootstrap_inner
  File "C:\hostedtoolcache\windows\Python\3.14.6\x64\Lib\threading.py", line 1044 in _bootstrap

Thread 0x000025a0 [CLIPipeServer] (most recent call first):
  File "D:\a\yasb\yasb\src\core\utils\win32\bindings\kernel32.py", line 291 in ConnectNamedPipe
  File "D:\a\yasb\yasb\src\core\utils\cli_server.py", line 235 in _run_server
  File "C:\hostedtoolcache\windows\Python\3.14.6\x64\Lib\threading.py", line 1024 in run
  File "C:\hostedtoolcache\windows\Python\3.14.6\x64\Lib\threading.py", line 1082 in _bootstrap_inner
  File "C:\hostedtoolcache\windows\Python\3.14.6\x64\Lib\threading.py", line 1044 in _bootstrap

Current thread 0x00001d60 (most recent call first):
  File "D:\a\yasb\yasb\src\core\widgets\services\media\media.py", line 248 in _on_sessions_changed
  File "C:\hostedtoolcache\windows\Python\3.14.6\x64\Lib\asyncio\events.py", line 94 in _run
  File "D:\a\yasb\yasb\venv\Lib\site-packages\qasync\__init__.py", line 307 in timerEvent
  File "D:\a\yasb\yasb\venv\Lib\site-packages\qasync\__init__.py", line 404 in run_forever
  File "D:\a\yasb\yasb\venv\Lib\site-packages\qasync\__init__.py", line 428 in run_until_complete
  File "main.py", line 100 in main
  File "main.py", line 203 in <module>
  File "D:\a\yasb\yasb\venv\Lib\site-packages\freeze_core\initscripts\console.py", line 43 in run
  File "src/freeze_core/initscripts/__startup__.py", line 147 in run
Windows fatal exception: code 0x8001010e

Thread 0x00002414 [Thread-6] (most recent call first):
  File "C:\hostedtoolcache\windows\Python\3.14.6\x64\Lib\threading.py", line 369 in wait
  File "C:\hostedtoolcache\windows\Python\3.14.6\x64\Lib\queue.py", line 199 in get
  File "D:\a\yasb\yasb\venv\Lib\site-packages\watchdog\observers\api.py", line 379 in dispatch_events
  File "D:\a\yasb\yasb\venv\Lib\site-packages\watchdog\observers\api.py", line 213 in run
  File "C:\hostedtoolcache\windows\Python\3.14.6\x64\Lib\threading.py", line 1082 in _bootstrap_inner
  File "C:\hostedtoolcache\windows\Python\3.14.6\x64\Lib\threading.py", line 1044 in _bootstrap

Thread 0x00002f08 [Thread-7] (most recent call first):
  File "D:\a\yasb\yasb\venv\Lib\site-packages\watchdog\observers\winapi.py", line 326 in read_directory_changes
  File "D:\a\yasb\yasb\venv\Lib\site-packages\watchdog\observers\winapi.py", line 380 in read_events
  File "D:\a\yasb\yasb\venv\Lib\site-packages\watchdog\observers\read_directory_changes.py", line 67 in _read_events
  File "D:\a\yasb\yasb\venv\Lib\site-packages\watchdog\observers\read_directory_changes.py", line 70 in queue_events
  File "D:\a\yasb\yasb\venv\Lib\site-packages\watchdog\observers\api.py", line 158 in run
  File "C:\hostedtoolcache\windows\Python\3.14.6\x64\Lib\threading.py", line 1082 in _bootstrap_inner
  File "C:\hostedtoolcache\windows\Python\3.14.6\x64\Lib\threading.py", line 1044 in _bootstrap

Thread 0x00002f10 [SystemEventListener] (most recent call first):
  File "D:\a\yasb\yasb\src\core\utils\win32\event_listener.py", line 69 in run

Thread 0x00002ea4 [WindowsNotificationEventListener] (most recent call first):
  File "C:\hostedtoolcache\windows\Python\3.14.6\x64\Lib\asyncio\windows_events.py", line 778 in _poll
  File "C:\hostedtoolcache\windows\Python\3.14.6\x64\Lib\asyncio\windows_events.py", line 446 in select
  File "C:\hostedtoolcache\windows\Python\3.14.6\x64\Lib\asyncio\base_events.py", line 2018 in _run_once
  File "C:\hostedtoolcache\windows\Python\3.14.6\x64\Lib\asyncio\base_events.py", line 677 in run_forever
  File "C:\hostedtoolcache\windows\Python\3.14.6\x64\Lib\asyncio\base_events.py", line 706 in run_until_complete
  File "D:\a\yasb\yasb\src\core\widgets\services\notifications\windows_notification.py", line 84 in run

Thread 0x00001214 [WiFiWorker] (most recent call first):
  File "C:\hostedtoolcache\windows\Python\3.14.6\x64\Lib\threading.py", line 373 in wait
  File "C:\hostedtoolcache\windows\Python\3.14.6\x64\Lib\threading.py", line 670 in wait
  File "D:\a\yasb\yasb\src\core\widgets\services\wifi\wifi_managers.py", line 160 in run

Thread 0x00001d24 [SystrayHook] (most recent call first):
  File "D:\a\yasb\yasb\src\core\widgets\services\systray\systray_hook.py", line 247 in run
  File "D:\a\yasb\yasb\src\core\widgets\yasb\systray.py", line 79 in run

Thread 0x000023e8 [_EventWorker] (most recent call first):
  File "D:\a\yasb\yasb\venv\Lib\site-packages\qasync\_windows.py", line 147 in _poll
  File "D:\a\yasb\yasb\venv\Lib\site-packages\qasync\_windows.py", line 72 in select
  File "D:\a\yasb\yasb\venv\Lib\site-packages\qasync\_windows.py", line 199 in run

Thread 0x00002660 [LogPipeServer] (most recent call first):
  File "D:\a\yasb\yasb\src\core\utils\win32\bindings\kernel32.py", line 291 in ConnectNamedPipe
  File "D:\a\yasb\yasb\src\core\utils\cli_server.py", line 138 in _run_server
  File "C:\hostedtoolcache\windows\Python\3.14.6\x64\Lib\threading.py", line 1024 in run
  File "C:\hostedtoolcache\windows\Python\3.14.6\x64\Lib\threading.py", line 1082 in _bootstrap_inner
  File "C:\hostedtoolcache\windows\Python\3.14.6\x64\Lib\threading.py", line 1044 in _bootstrap

Thread 0x000025a0 [CLIPipeServer] (most recent call first):
  File "D:\a\yasb\yasb\src\core\utils\win32\bindings\kernel32.py", line 291 in ConnectNamedPipe
  File "D:\a\yasb\yasb\src\core\utils\cli_server.py", line 235 in _run_server
  File "C:\hostedtoolcache\windows\Python\3.14.6\x64\Lib\threading.py", line 1024 in run
  File "C:\hostedtoolcache\windows\Python\3.14.6\x64\Lib\threading.py", line 1082 in _bootstrap_inner
  File "C:\hostedtoolcache\windows\Python\3.14.6\x64\Lib\threading.py", line 1044 in _bootstrap

Current thread 0x00001d60 (most recent call first):
  File "D:\a\yasb\yasb\src\core\widgets\services\media\media.py", line 248 in _on_sessions_changed
  File "C:\hostedtoolcache\windows\Python\3.14.6\x64\Lib\asyncio\events.py", line 94 in _run
  File "D:\a\yasb\yasb\venv\Lib\site-packages\qasync\__init__.py", line 307 in timerEvent
  File "D:\a\yasb\yasb\venv\Lib\site-packages\qasync\__init__.py", line 404 in run_forever
  File "D:\a\yasb\yasb\venv\Lib\site-packages\qasync\__init__.py", line 428 in run_until_complete
  File "main.py", line 100 in main
  File "main.py", line 203 in <module>
  File "D:\a\yasb\yasb\venv\Lib\site-packages\freeze_core\initscripts\console.py", line 43 in run
  File "src/freeze_core/initscripts/__startup__.py", line 147 in run
2026-08-26 22:31:27,168 [INFO] [MainThread] [root/bar_helper.py:594]: AppBarManager need to re-register 1 bar
2026-08-26 22:31:27,192 [INFO] [MainThread] [root/bar_helper.py:603]: Re-registered AppBar for primary-bar_Odyssey G5_37e0df36 (space reservation + fullscreen)
2026-08-26 22:31:27,776 [INFO] [SystrayHook] [systray_hook/systray_hook.py:193]: Injecting into Explorer (PID: 1596)
2026-08-26 22:34:29,126 [INFO] [MainThread] [root/bar_helper.py:594]: AppBarManager need to re-register 1 bar
2026-08-26 22:34:29,142 [INFO] [MainThread] [root/bar_helper.py:603]: Re-registered AppBar for primary-bar_Odyssey G5_37e0df36 (space reservation + fullscreen)
2026-08-26 22:34:29,886 [INFO] [SystrayHook] [systray_hook/systray_hook.py:193]: Injecting into Explorer (PID: 15796)
2026-08-27 02:16:44,079 [INFO] [MainThread] [root/controller.py:43]: Exiting Application...
2026-08-27 02:16:44,194 [INFO] [MainThread] [cli_server/cli_server.py:114]: Log pipe server stopped
2026-08-27 02:16:44,228 [INFO] [MainThread] [root/bar_manager.py:119]: Stopping WindowsNotificationEventListener...
2026-08-27 02:16:44,233 [INFO] [Dummy-8] [root/windows_notification.py:97]: Notification service stopped
2026-08-27 02:16:44,237 [INFO] [MainThread] [root/bar_manager.py:119]: Stopping SystemEventListener...
2026-08-27 11:31:26,187 [INFO] [MainThread] [root/log.py:104]: YASB v2.0.6
2026-08-27 11:31:26,187 [INFO] [CLIPipeServer] [cli_server/cli_server.py:216]: CLI server started v1.1.7
2026-08-27 11:31:26,188 [INFO] [MainThread] [cli_server/cli_server.py:106]: Log pipe server started
2026-08-27 11:31:28,269 [INFO] [SystrayHook] [systray_hook/systray_hook.py:193]: Injecting into Explorer (PID: 4912)
2026-08-27 11:31:28,384 [INFO] [MainThread] [root/service.py:52]: AudioOutputService starting...
2026-08-27 11:31:28,555 [INFO] [MainThread] [root/bar_manager.py:103]: Starting SystemEventListener...
2026-08-27 11:31:28,555 [INFO] [MainThread] [root/bar_manager.py:103]: Starting WindowsNotificationEventListener...
2026-08-27 11:31:28,558 [INFO] [MainThread] [root/watcher.py:65]: Watching directory: c:\users\felipe\.config\yasb
2026-08-27 11:31:28,558 [INFO] [MainThread] [root/watcher.py:104]: Created file watcher
2026-08-27 11:31:28,577 [INFO] [Dummy-8] [root/windows_notification.py:161]: Notification service started (WNF_SHEL_NOTIFICATION_TOTAL)
2026-08-27 11:31:28,581 [INFO] [MainThread] [root/update_service.py:434]: Background update checker started
2026-08-27 22:27:04,969 [INFO] [MainThread] [root/controller.py:43]: Exiting Application...
2026-08-27 22:27:05,073 [INFO] [MainThread] [cli_server/cli_server.py:114]: Log pipe server stopped
2026-08-27 22:27:05,098 [INFO] [MainThread] [root/bar_manager.py:119]: Stopping SystemEventListener...
2026-08-27 22:27:05,100 [INFO] [MainThread] [root/bar_manager.py:119]: Stopping WindowsNotificationEventListener...
2026-08-27 22:27:05,101 [INFO] [Dummy-8] [root/windows_notification.py:97]: Notification service stopped
2026-08-28 14:21:11,227 [INFO] [MainThread] [root/log.py:104]: YASB v2.0.6
2026-08-28 14:21:11,228 [INFO] [CLIPipeServer] [cli_server/cli_server.py:216]: CLI server started v1.1.7
2026-08-28 14:21:11,229 [INFO] [MainThread] [cli_server/cli_server.py:106]: Log pipe server started
2026-08-28 14:21:13,405 [INFO] [SystrayHook] [systray_hook/systray_hook.py:193]: Injecting into Explorer (PID: 9492)
2026-08-28 14:21:13,545 [INFO] [MainThread] [root/service.py:52]: AudioOutputService starting...
2026-08-28 14:21:13,744 [INFO] [MainThread] [root/bar_manager.py:103]: Starting SystemEventListener...
2026-08-28 14:21:13,744 [INFO] [MainThread] [root/bar_manager.py:103]: Starting WindowsNotificationEventListener...
2026-08-28 14:21:13,747 [INFO] [MainThread] [root/watcher.py:65]: Watching directory: c:\users\felipe\.config\yasb
2026-08-28 14:21:13,747 [INFO] [MainThread] [root/watcher.py:104]: Created file watcher
2026-08-28 14:21:13,772 [INFO] [Dummy-8] [root/windows_notification.py:161]: Notification service started (WNF_SHEL_NOTIFICATION_TOTAL)
2026-08-28 14:21:13,773 [INFO] [MainThread] [root/update_service.py:434]: Background update checker started
2026-08-28 16:02:41,871 [INFO] [MainThread] [root/bar_helper.py:594]: AppBarManager need to re-register 1 bar
2026-08-28 16:02:41,887 [INFO] [MainThread] [root/bar_helper.py:603]: Re-registered AppBar for primary-bar_Odyssey G5_c8340d96 (space reservation + fullscreen)
2026-08-28 16:02:42,425 [INFO] [SystrayHook] [systray_hook/systray_hook.py:193]: Injecting into Explorer (PID: 14308)
2026-08-28 16:02:49,902 [INFO] [MainThread] [root/bar_helper.py:594]: AppBarManager need to re-register 1 bar
2026-08-28 16:02:50,172 [INFO] [MainThread] [root/bar_helper.py:603]: Re-registered AppBar for primary-bar_Odyssey G5_c8340d96 (space reservation + fullscreen)
2026-08-28 16:02:50,892 [INFO] [SystrayHook] [systray_hook/systray_hook.py:193]: Injecting into Explorer (PID: 12108)
2026-08-28 16:03:22,253 [INFO] [MainThread] [root/bar_manager.py:97]: Screens updated. Re-initialising all bars.
2026-08-28 16:03:22,254 [INFO] [MainThread] [root/controller.py:21]: Reloading Application because of screen update.
2026-08-28 16:03:22,361 [INFO] [MainThread] [cli_server/cli_server.py:114]: Log pipe server stopped
2026-08-28 16:03:22,659 [INFO] [MainThread] [root/bar_manager.py:119]: Stopping SystemEventListener...
2026-08-28 16:03:22,667 [INFO] [MainThread] [root/bar_manager.py:119]: Stopping WindowsNotificationEventListener...
2026-08-28 16:03:22,669 [INFO] [Dummy-8] [root/windows_notification.py:97]: Notification service stopped
2026-08-28 16:03:24,203 [INFO] [MainThread] [root/log.py:104]: YASB v2.0.6
2026-08-28 16:03:24,204 [INFO] [CLIPipeServer] [cli_server/cli_server.py:216]: CLI server started v1.1.7
2026-08-28 16:03:24,204 [INFO] [MainThread] [cli_server/cli_server.py:106]: Log pipe server started
2026-08-28 16:03:26,552 [INFO] [SystrayHook] [systray_hook/systray_hook.py:193]: Injecting into Explorer (PID: 12108)
2026-08-28 16:03:26,644 [INFO] [MainThread] [root/service.py:52]: AudioOutputService starting...
2026-08-28 16:03:26,777 [INFO] [MainThread] [root/bar_manager.py:103]: Starting SystemEventListener...
2026-08-28 16:03:26,778 [INFO] [MainThread] [root/bar_manager.py:103]: Starting WindowsNotificationEventListener...
2026-08-28 16:03:26,779 [INFO] [MainThread] [root/watcher.py:65]: Watching directory: c:\users\felipe\.config\yasb
2026-08-28 16:03:26,780 [INFO] [MainThread] [root/watcher.py:104]: Created file watcher
2026-08-28 16:03:26,795 [INFO] [MainThread] [root/update_service.py:434]: Background update checker started
2026-08-28 16:03:26,798 [INFO] [Dummy-8] [root/windows_notification.py:161]: Notification service started (WNF_SHEL_NOTIFICATION_TOTAL)
2026-08-28 16:04:04,395 [INFO] [MainThread] [root/bar_helper.py:594]: AppBarManager need to re-register 1 bar
2026-08-28 16:04:04,416 [INFO] [MainThread] [root/bar_helper.py:603]: Re-registered AppBar for primary-bar_DISPLAY5_58c0da92 (space reservation + fullscreen)
2026-08-28 16:04:05,637 [INFO] [SystrayHook] [systray_hook/systray_hook.py:193]: Injecting into Explorer (PID: 14604)
2026-08-28 16:04:16,056 [INFO] [MainThread] [root/bar_manager.py:119]: Stopping SystemEventListener...
2026-08-28 16:04:16,068 [INFO] [MainThread] [root/bar_manager.py:119]: Stopping WindowsNotificationEventListener...
2026-08-28 16:04:16,068 [INFO] [Dummy-8] [root/windows_notification.py:97]: Notification service stopped
2026-08-28 16:06:11,636 [INFO] [MainThread] [root/log.py:104]: YASB v2.0.6
2026-08-28 16:06:11,636 [INFO] [CLIPipeServer] [cli_server/cli_server.py:216]: CLI server started v1.1.7
2026-08-28 16:06:11,637 [INFO] [MainThread] [cli_server/cli_server.py:106]: Log pipe server started
2026-08-28 16:06:14,016 [INFO] [SystrayHook] [systray_hook/systray_hook.py:193]: Injecting into Explorer (PID: 9116)
2026-08-28 16:06:14,137 [INFO] [MainThread] [root/service.py:52]: AudioOutputService starting...
2026-08-28 16:06:14,352 [INFO] [MainThread] [root/bar_manager.py:103]: Starting WindowsNotificationEventListener...
2026-08-28 16:06:14,353 [INFO] [MainThread] [root/bar_manager.py:103]: Starting SystemEventListener...
2026-08-28 16:06:14,355 [INFO] [MainThread] [root/watcher.py:65]: Watching directory: c:\users\felipe\.config\yasb
2026-08-28 16:06:14,355 [INFO] [MainThread] [root/watcher.py:104]: Created file watcher
2026-08-28 16:06:14,375 [INFO] [Dummy-8] [root/windows_notification.py:161]: Notification service started (WNF_SHEL_NOTIFICATION_TOTAL)
2026-08-28 16:06:14,381 [INFO] [MainThread] [root/update_service.py:434]: Background update checker started
2026-08-28 16:07:08,759 [INFO] [MainThread] [root/bar_manager.py:97]: Screens updated. Re-initialising all bars.
2026-08-28 16:07:08,759 [INFO] [MainThread] [root/controller.py:21]: Reloading Application because of screen update.
2026-08-28 16:07:08,870 [INFO] [MainThread] [cli_server/cli_server.py:114]: Log pipe server stopped
2026-08-28 16:07:08,912 [INFO] [MainThread] [root/bar_manager.py:119]: Stopping WindowsNotificationEventListener...
2026-08-28 16:07:08,913 [INFO] [Dummy-8] [root/windows_notification.py:97]: Notification service stopped
2026-08-28 16:07:08,915 [INFO] [MainThread] [root/bar_manager.py:119]: Stopping SystemEventListener...
2026-08-28 16:07:09,445 [INFO] [MainThread] [root/log.py:104]: YASB v2.0.6
2026-08-28 16:07:09,446 [INFO] [CLIPipeServer] [cli_server/cli_server.py:216]: CLI server started v1.1.7
2026-08-28 16:07:09,446 [INFO] [MainThread] [cli_server/cli_server.py:106]: Log pipe server started
2026-08-28 16:07:10,859 [INFO] [MainThread] [root/service.py:52]: AudioOutputService starting...
2026-08-28 16:07:10,955 [INFO] [SystrayHook] [systray_hook/systray_hook.py:193]: Injecting into Explorer (PID: 9116)
2026-08-28 16:07:11,030 [INFO] [MainThread] [root/bar_manager.py:103]: Starting SystemEventListener...
2026-08-28 16:07:11,031 [INFO] [MainThread] [root/bar_manager.py:103]: Starting WindowsNotificationEventListener...
2026-08-28 16:07:11,033 [INFO] [MainThread] [root/watcher.py:65]: Watching directory: c:\users\felipe\.config\yasb
2026-08-28 16:07:11,034 [INFO] [MainThread] [root/watcher.py:104]: Created file watcher
2026-08-28 16:07:11,049 [INFO] [MainThread] [root/update_service.py:434]: Background update checker started
2026-08-28 16:07:11,051 [INFO] [Dummy-8] [root/windows_notification.py:161]: Notification service started (WNF_SHEL_NOTIFICATION_TOTAL)
2026-08-28 16:07:11,067 [INFO] [MainThread] [root/bar_manager.py:97]: Screens updated. Re-initialising all bars.
2026-08-28 16:07:11,067 [INFO] [MainThread] [root/controller.py:21]: Reloading Application because of screen update.
2026-08-28 16:07:11,168 [INFO] [MainThread] [cli_server/cli_server.py:114]: Log pipe server stopped
Windows fatal exception: code 0x8001010e

Thread 0x00002130 [Thread-6] (most recent call first):
  File "C:\hostedtoolcache\windows\Python\3.14.6\x64\Lib\threading.py", line 369 in wait
  File "C:\hostedtoolcache\windows\Python\3.14.6\x64\Lib\queue.py", line 199 in get
  File "D:\a\yasb\yasb\venv\Lib\site-packages\watchdog\observers\api.py", line 379 in dispatch_events
  File "D:\a\yasb\yasb\venv\Lib\site-packages\watchdog\observers\api.py", line 213 in run
  File "C:\hostedtoolcache\windows\Python\3.14.6\x64\Lib\threading.py", line 1082 in _bootstrap_inner
  File "C:\hostedtoolcache\windows\Python\3.14.6\x64\Lib\threading.py", line 1044 in _bootstrap

Thread 0x000028dc [Thread-7] (most recent call first):
  File "D:\a\yasb\yasb\venv\Lib\site-packages\watchdog\observers\winapi.py", line 326 in read_directory_changes
  File "D:\a\yasb\yasb\venv\Lib\site-packages\watchdog\observers\winapi.py", line 380 in read_events
  File "D:\a\yasb\yasb\venv\Lib\site-packages\watchdog\observers\read_directory_changes.py", line 67 in _read_events
  File "D:\a\yasb\yasb\venv\Lib\site-packages\watchdog\observers\read_directory_changes.py", line 70 in queue_events
  File "D:\a\yasb\yasb\venv\Lib\site-packages\watchdog\observers\api.py", line 158 in run
  File "C:\hostedtoolcache\windows\Python\3.14.6\x64\Lib\threading.py", line 1082 in _bootstrap_inner
  File "C:\hostedtoolcache\windows\Python\3.14.6\x64\Lib\threading.py", line 1044 in _bootstrap

Thread 0x00002880 [WindowsNotificationEventListener] (most recent call first):
  File "C:\hostedtoolcache\windows\Python\3.14.6\x64\Lib\asyncio\windows_events.py", line 778 in _poll
  File "C:\hostedtoolcache\windows\Python\3.14.6\x64\Lib\asyncio\windows_events.py", line 446 in select
  File "C:\hostedtoolcache\windows\Python\3.14.6\x64\Lib\asyncio\base_events.py", line 2018 in _run_once
  File "C:\hostedtoolcache\windows\Python\3.14.6\x64\Lib\asyncio\base_events.py", line 677 in run_forever
  File "C:\hostedtoolcache\windows\Python\3.14.6\x64\Lib\asyncio\base_events.py", line 706 in run_until_complete
  File "D:\a\yasb\yasb\src\core\widgets\services\notifications\windows_notification.py", line 84 in run

Thread 0x000026e8 [SystemEventListener] (most recent call first):
  File "D:\a\yasb\yasb\src\core\utils\win32\event_listener.py", line 69 in run

Thread 0x0000364c [WiFiWorker] (most recent call first):
  File "C:\hostedtoolcache\windows\Python\3.14.6\x64\Lib\threading.py", line 373 in wait
  File "C:\hostedtoolcache\windows\Python\3.14.6\x64\Lib\threading.py", line 670 in wait
  File "D:\a\yasb\yasb\src\core\widgets\services\wifi\wifi_managers.py", line 160 in run

Thread 0x000024b0 [SystrayHook] (most recent call first):
  File "D:\a\yasb\yasb\src\core\widgets\services\systray\systray_hook.py", line 247 in run
  File "D:\a\yasb\yasb\src\core\widgets\yasb\systray.py", line 79 in run

Thread 0x00002c90 [_EventWorker] (most recent call first):
  File "D:\a\yasb\yasb\venv\Lib\site-packages\qasync\_windows.py", line 147 in _poll
  File "D:\a\yasb\yasb\venv\Lib\site-packages\qasync\_windows.py", line 72 in select
  File "D:\a\yasb\yasb\venv\Lib\site-packages\qasync\_windows.py", line 199 in run

Thread 0x00002cb0 [LogPipeServer] (most recent call first):
  File "D:\a\yasb\yasb\src\core\utils\win32\bindings\kernel32.py", line 291 in ConnectNamedPipe
  File "D:\a\yasb\yasb\src\core\utils\cli_server.py", line 138 in _run_server
  File "C:\hostedtoolcache\windows\Python\3.14.6\x64\Lib\threading.py", line 1024 in run
  File "C:\hostedtoolcache\windows\Python\3.14.6\x64\Lib\threading.py", line 1082 in _bootstrap_inner
  File "C:\hostedtoolcache\windows\Python\3.14.6\x64\Lib\threading.py", line 1044 in _bootstrap

Thread 0x00000654 [CLIPipeServer] (most recent call first):
  File "D:\a\yasb\yasb\src\core\utils\win32\bindings\kernel32.py", line 291 in ConnectNamedPipe
  File "D:\a\yasb\yasb\src\core\utils\cli_server.py", line 235 in _run_server
  File "C:\hostedtoolcache\windows\Python\3.14.6\x64\Lib\threading.py", line 1024 in run
  File "C:\hostedtoolcache\windows\Python\3.14.6\x64\Lib\threading.py", line 1082 in _bootstrap_inner
  File "C:\hostedtoolcache\windows\Python\3.14.6\x64\Lib\threading.py", line 1044 in _bootstrap

Current thread 0x00003610 (most recent call first):
  File "C:\hostedtoolcache\windows\Python\3.14.6\x64\Lib\asyncio\events.py", line 94 in _run
  File "D:\a\yasb\yasb\venv\Lib\site-packages\qasync\__init__.py", line 307 in timerEvent
  File "D:\a\yasb\yasb\venv\Lib\site-packages\qasync\__init__.py", line 404 in run_forever
  File "D:\a\yasb\yasb\venv\Lib\site-packages\qasync\__init__.py", line 428 in run_until_complete
  File "main.py", line 100 in main
  File "main.py", line 203 in <module>
  File "D:\a\yasb\yasb\venv\Lib\site-packages\freeze_core\initscripts\console.py", line 43 in run
  File "src/freeze_core/initscripts/__startup__.py", line 147 in run
2026-08-28 16:07:11,269 [INFO] [MainThread] [root/bar_manager.py:119]: Stopping SystemEventListener...
2026-08-28 16:07:11,270 [INFO] [MainThread] [root/bar_manager.py:119]: Stopping WindowsNotificationEventListener...
2026-08-28 16:07:11,270 [INFO] [Dummy-8] [root/windows_notification.py:97]: Notification service stopped
2026-08-28 16:07:11,619 [INFO] [MainThread] [root/log.py:104]: YASB v2.0.6
2026-08-28 16:07:11,620 [INFO] [CLIPipeServer] [cli_server/cli_server.py:216]: CLI server started v1.1.7
2026-08-28 16:07:11,620 [INFO] [MainThread] [cli_server/cli_server.py:106]: Log pipe server started
2026-08-28 16:07:12,875 [INFO] [MainThread] [root/service.py:52]: AudioOutputService starting...
2026-08-28 16:07:12,942 [INFO] [SystrayHook] [systray_hook/systray_hook.py:193]: Injecting into Explorer (PID: 9116)
2026-08-28 16:07:12,989 [INFO] [MainThread] [root/bar_manager.py:103]: Starting SystemEventListener...
2026-08-28 16:07:12,990 [INFO] [MainThread] [root/bar_manager.py:103]: Starting WindowsNotificationEventListener...
2026-08-28 16:07:12,992 [INFO] [MainThread] [root/watcher.py:65]: Watching directory: c:\users\felipe\.config\yasb
2026-08-28 16:07:12,992 [INFO] [MainThread] [root/watcher.py:104]: Created file watcher
2026-08-28 16:07:13,006 [INFO] [MainThread] [root/update_service.py:434]: Background update checker started
2026-08-28 16:07:13,007 [INFO] [Dummy-8] [root/windows_notification.py:161]: Notification service started (WNF_SHEL_NOTIFICATION_TOTAL)
2026-08-28 16:08:28,102 [INFO] [MainThread] [root/bar_manager.py:97]: Screens updated. Re-initialising all bars.
2026-08-28 16:08:28,102 [INFO] [MainThread] [root/controller.py:21]: Reloading Application because of screen update.
2026-08-28 16:08:28,209 [INFO] [MainThread] [cli_server/cli_server.py:114]: Log pipe server stopped
2026-08-28 16:08:28,271 [INFO] [MainThread] [root/bar_manager.py:119]: Stopping SystemEventListener...
2026-08-28 16:08:28,272 [INFO] [MainThread] [root/bar_manager.py:119]: Stopping WindowsNotificationEventListener...
2026-08-28 16:08:28,273 [INFO] [Dummy-8] [root/windows_notification.py:97]: Notification service stopped
2026-08-28 16:08:28,730 [INFO] [MainThread] [root/log.py:104]: YASB v2.0.6
2026-08-28 16:08:28,730 [INFO] [CLIPipeServer] [cli_server/cli_server.py:216]: CLI server started v1.1.7
2026-08-28 16:08:28,731 [INFO] [MainThread] [cli_server/cli_server.py:106]: Log pipe server started
2026-08-28 16:08:30,342 [INFO] [MainThread] [root/service.py:52]: AudioOutputService starting...
2026-08-28 16:08:30,462 [INFO] [MainThread] [root/bar_manager.py:103]: Starting SystemEventListener...
2026-08-28 16:08:30,462 [INFO] [MainThread] [root/bar_manager.py:103]: Starting WindowsNotificationEventListener...
2026-08-28 16:08:30,462 [INFO] [SystrayHook] [systray_hook/systray_hook.py:193]: Injecting into Explorer (PID: 9116)
2026-08-28 16:08:30,465 [INFO] [MainThread] [root/watcher.py:65]: Watching directory: c:\users\felipe\.config\yasb
2026-08-28 16:08:30,465 [INFO] [MainThread] [root/watcher.py:104]: Created file watcher
2026-08-28 16:08:30,483 [INFO] [MainThread] [root/update_service.py:434]: Background update checker started
2026-08-28 16:08:30,491 [INFO] [Dummy-8] [root/windows_notification.py:161]: Notification service started (WNF_SHEL_NOTIFICATION_TOTAL)
2026-08-28 16:08:30,502 [INFO] [MainThread] [root/bar_manager.py:97]: Screens updated. Re-initialising all bars.
2026-08-28 16:08:30,502 [INFO] [MainThread] [root/controller.py:21]: Reloading Application because of screen update.
2026-08-28 16:08:30,603 [INFO] [MainThread] [cli_server/cli_server.py:114]: Log pipe server stopped
Windows fatal exception: code 0x8001010e

Thread 0x00002bd4 [Thread-6] (most recent call first):
  File "C:\hostedtoolcache\windows\Python\3.14.6\x64\Lib\threading.py", line 369 in wait
  File "C:\hostedtoolcache\windows\Python\3.14.6\x64\Lib\queue.py", line 199 in get
  File "D:\a\yasb\yasb\venv\Lib\site-packages\watchdog\observers\api.py", line 379 in dispatch_events
  File "D:\a\yasb\yasb\venv\Lib\site-packages\watchdog\observers\api.py", line 213 in run
  File "C:\hostedtoolcache\windows\Python\3.14.6\x64\Lib\threading.py", line 1082 in _bootstrap_inner
  File "C:\hostedtoolcache\windows\Python\3.14.6\x64\Lib\threading.py", line 1044 in _bootstrap

Thread 0x00002078 [Thread-7] (most recent call first):
  File "D:\a\yasb\yasb\venv\Lib\site-packages\watchdog\observers\winapi.py", line 326 in read_directory_changes
  File "D:\a\yasb\yasb\venv\Lib\site-packages\watchdog\observers\winapi.py", line 380 in read_events
  File "D:\a\yasb\yasb\venv\Lib\site-packages\watchdog\observers\read_directory_changes.py", line 67 in _read_events
  File "D:\a\yasb\yasb\venv\Lib\site-packages\watchdog\observers\read_directory_changes.py", line 70 in queue_events
  File "D:\a\yasb\yasb\venv\Lib\site-packages\watchdog\observers\api.py", line 158 in run
  File "C:\hostedtoolcache\windows\Python\3.14.6\x64\Lib\threading.py", line 1082 in _bootstrap_inner
  File "C:\hostedtoolcache\windows\Python\3.14.6\x64\Lib\threading.py", line 1044 in _bootstrap

Thread 0x00002ba8 [WindowsNotificationEventListener] (most recent call first):
  File "C:\hostedtoolcache\windows\Python\3.14.6\x64\Lib\asyncio\windows_events.py", line 778 in _poll
  File "C:\hostedtoolcache\windows\Python\3.14.6\x64\Lib\asyncio\windows_events.py", line 446 in select
  File "C:\hostedtoolcache\windows\Python\3.14.6\x64\Lib\asyncio\base_events.py", line 2018 in _run_once
  File "C:\hostedtoolcache\windows\Python\3.14.6\x64\Lib\asyncio\base_events.py", line 677 in run_forever
  File "C:\hostedtoolcache\windows\Python\3.14.6\x64\Lib\asyncio\base_events.py", line 706 in run_until_complete
  File "D:\a\yasb\yasb\src\core\widgets\services\notifications\windows_notification.py", line 84 in run

Thread 0x00000e04 [SystemEventListener] (most recent call first):
  File "D:\a\yasb\yasb\src\core\utils\win32\event_listener.py", line 69 in run

Thread 0x000013ec [WiFiWorker] (most recent call first):
  File "C:\hostedtoolcache\windows\Python\3.14.6\x64\Lib\threading.py", line 373 in wait
  File "C:\hostedtoolcache\windows\Python\3.14.6\x64\Lib\threading.py", line 670 in wait
  File "D:\a\yasb\yasb\src\core\widgets\services\wifi\wifi_managers.py", line 160 in run

Thread 0x00001ffc [SystrayHook] (most recent call first):
  File "D:\a\yasb\yasb\src\core\widgets\services\systray\systray_hook.py", line 247 in run
  File "D:\a\yasb\yasb\src\core\widgets\yasb\systray.py", line 79 in run

Thread 0x000026ac [_EventWorker] (most recent call first):
  File "D:\a\yasb\yasb\venv\Lib\site-packages\qasync\_windows.py", line 147 in _poll
  File "D:\a\yasb\yasb\venv\Lib\site-packages\qasync\_windows.py", line 72 in select
  File "D:\a\yasb\yasb\venv\Lib\site-packages\qasync\_windows.py", line 199 in run

Thread 0x000029a0 [LogPipeServer] (most recent call first):
  File "D:\a\yasb\yasb\src\core\utils\win32\bindings\kernel32.py", line 291 in ConnectNamedPipe
  File "D:\a\yasb\yasb\src\core\utils\cli_server.py", line 138 in _run_server
  File "C:\hostedtoolcache\windows\Python\3.14.6\x64\Lib\threading.py", line 1024 in run
  File "C:\hostedtoolcache\windows\Python\3.14.6\x64\Lib\threading.py", line 1082 in _bootstrap_inner
  File "C:\hostedtoolcache\windows\Python\3.14.6\x64\Lib\threading.py", line 1044 in _bootstrap

Thread 0x0000150c [CLIPipeServer] (most recent call first):
  File "D:\a\yasb\yasb\src\core\utils\win32\bindings\kernel32.py", line 291 in ConnectNamedPipe
  File "D:\a\yasb\yasb\src\core\utils\cli_server.py", line 235 in _run_server
  File "C:\hostedtoolcache\windows\Python\3.14.6\x64\Lib\threading.py", line 1024 in run
  File "C:\hostedtoolcache\windows\Python\3.14.6\x64\Lib\threading.py", line 1082 in _bootstrap_inner
  File "C:\hostedtoolcache\windows\Python\3.14.6\x64\Lib\threading.py", line 1044 in _bootstrap

Current thread 0x00001314 (most recent call first):
  File "C:\hostedtoolcache\windows\Python\3.14.6\x64\Lib\asyncio\events.py", line 94 in _run
  File "D:\a\yasb\yasb\venv\Lib\site-packages\qasync\__init__.py", line 307 in timerEvent
  File "D:\a\yasb\yasb\venv\Lib\site-packages\qasync\__init__.py", line 404 in run_forever
  File "D:\a\yasb\yasb\venv\Lib\site-packages\qasync\__init__.py", line 428 in run_until_complete
  File "main.py", line 100 in main
  File "main.py", line 203 in <module>
  File "D:\a\yasb\yasb\venv\Lib\site-packages\freeze_core\initscripts\console.py", line 43 in run
  File "src/freeze_core/initscripts/__startup__.py", line 147 in run
2026-08-28 16:08:30,727 [INFO] [MainThread] [root/bar_manager.py:119]: Stopping SystemEventListener...
2026-08-28 16:08:30,728 [INFO] [MainThread] [root/bar_manager.py:119]: Stopping WindowsNotificationEventListener...
2026-08-28 16:08:30,729 [INFO] [Dummy-8] [root/windows_notification.py:97]: Notification service stopped
2026-08-28 16:08:31,108 [INFO] [MainThread] [root/log.py:104]: YASB v2.0.6
2026-08-28 16:08:31,108 [INFO] [CLIPipeServer] [cli_server/cli_server.py:216]: CLI server started v1.1.7
2026-08-28 16:08:31,109 [INFO] [MainThread] [cli_server/cli_server.py:106]: Log pipe server started
2026-08-28 16:08:32,430 [INFO] [MainThread] [root/service.py:52]: AudioOutputService starting...
2026-08-28 16:08:32,549 [INFO] [MainThread] [root/bar_manager.py:103]: Starting SystemEventListener...
2026-08-28 16:08:32,549 [INFO] [MainThread] [root/bar_manager.py:103]: Starting WindowsNotificationEventListener...
2026-08-28 16:08:32,550 [INFO] [SystrayHook] [systray_hook/systray_hook.py:193]: Injecting into Explorer (PID: 9116)
2026-08-28 16:08:32,552 [INFO] [MainThread] [root/watcher.py:65]: Watching directory: c:\users\felipe\.config\yasb
2026-08-28 16:08:32,552 [INFO] [MainThread] [root/watcher.py:104]: Created file watcher
2026-08-28 16:08:32,562 [INFO] [MainThread] [root/update_service.py:434]: Background update checker started
2026-08-28 16:08:32,568 [INFO] [Dummy-8] [root/windows_notification.py:161]: Notification service started (WNF_SHEL_NOTIFICATION_TOTAL)
2026-08-28 16:10:42,928 [INFO] [MainThread] [root/controller.py:43]: Exiting Application...
2026-08-28 16:10:43,041 [INFO] [MainThread] [cli_server/cli_server.py:114]: Log pipe server stopped
2026-08-28 16:10:43,056 [INFO] [MainThread] [root/bar_manager.py:119]: Stopping SystemEventListener...
2026-08-28 16:10:43,056 [INFO] [MainThread] [root/bar_manager.py:119]: Stopping WindowsNotificationEventListener...
2026-08-28 16:10:43,057 [INFO] [Dummy-8] [root/windows_notification.py:97]: Notification service stopped
2026-08-28 16:19:31,529 [INFO] [MainThread] [root/log.py:104]: YASB v2.0.6
2026-08-28 16:19:31,530 [INFO] [CLIPipeServer] [cli_server/cli_server.py:216]: CLI server started v1.1.7
2026-08-28 16:19:31,530 [INFO] [MainThread] [cli_server/cli_server.py:106]: Log pipe server started
2026-08-28 16:19:33,829 [INFO] [SystrayHook] [systray_hook/systray_hook.py:193]: Injecting into Explorer (PID: 5268)
2026-08-28 16:19:33,954 [INFO] [MainThread] [root/service.py:52]: AudioOutputService starting...
2026-08-28 16:19:34,138 [INFO] [MainThread] [root/bar_manager.py:103]: Starting SystemEventListener...
2026-08-28 16:19:34,138 [INFO] [MainThread] [root/bar_manager.py:103]: Starting WindowsNotificationEventListener...
2026-08-28 16:19:34,141 [INFO] [MainThread] [root/watcher.py:65]: Watching directory: c:\users\felipe\.config\yasb
2026-08-28 16:19:34,141 [INFO] [MainThread] [root/watcher.py:104]: Created file watcher
2026-08-28 16:19:34,165 [INFO] [Dummy-8] [root/windows_notification.py:161]: Notification service started (WNF_SHEL_NOTIFICATION_TOTAL)
2026-08-28 16:19:34,165 [INFO] [MainThread] [root/update_service.py:434]: Background update checker started
2026-08-28 16:19:40,456 [INFO] [MainThread] [root/controller.py:43]: Exiting Application from tray...
2026-08-28 16:19:40,556 [INFO] [MainThread] [cli_server/cli_server.py:114]: Log pipe server stopped
2026-08-28 16:19:40,580 [INFO] [MainThread] [root/bar_manager.py:119]: Stopping SystemEventListener...
2026-08-28 16:19:40,581 [INFO] [MainThread] [root/bar_manager.py:119]: Stopping WindowsNotificationEventListener...
2026-08-28 16:19:40,582 [INFO] [Dummy-8] [root/windows_notification.py:97]: Notification service stopped
2026-08-28 16:30:26,931 [INFO] [MainThread] [root/log.py:104]: YASB v2.0.6
2026-08-28 16:30:26,932 [INFO] [CLIPipeServer] [cli_server/cli_server.py:216]: CLI server started v1.1.7
2026-08-28 16:30:26,932 [INFO] [MainThread] [cli_server/cli_server.py:106]: Log pipe server started
2026-08-28 16:30:28,886 [INFO] [SystrayHook] [systray_hook/systray_hook.py:193]: Injecting into Explorer (PID: 5268)
2026-08-28 16:30:29,008 [INFO] [MainThread] [root/service.py:52]: AudioOutputService starting...
2026-08-28 16:30:29,177 [INFO] [MainThread] [root/bar_manager.py:103]: Starting SystemEventListener...
2026-08-28 16:30:29,177 [INFO] [MainThread] [root/bar_manager.py:103]: Starting WindowsNotificationEventListener...
2026-08-28 16:30:29,179 [INFO] [MainThread] [root/watcher.py:65]: Watching directory: c:\users\felipe\.config\yasb
2026-08-28 16:30:29,180 [INFO] [MainThread] [root/watcher.py:104]: Created file watcher
2026-08-28 16:30:29,198 [INFO] [Dummy-8] [root/windows_notification.py:161]: Notification service started (WNF_SHEL_NOTIFICATION_TOTAL)
2026-08-28 16:30:29,200 [INFO] [MainThread] [root/update_service.py:434]: Background update checker started
2026-08-28 16:30:48,192 [INFO] [MainThread] [root/utils.py:478]: YASB removed from startup
2026-08-28 16:30:49,955 [INFO] [MainThread] [root/controller.py:43]: Exiting Application from context menu...
2026-08-28 16:30:50,064 [INFO] [MainThread] [cli_server/cli_server.py:114]: Log pipe server stopped
2026-08-28 16:30:50,088 [INFO] [MainThread] [root/bar_manager.py:119]: Stopping SystemEventListener...
2026-08-28 16:30:50,089 [INFO] [MainThread] [root/bar_manager.py:119]: Stopping WindowsNotificationEventListener...
2026-08-28 16:30:50,089 [INFO] [Dummy-8] [root/windows_notification.py:97]: Notification service stopped
2026-08-29 00:06:04,758 [INFO] [MainThread] [root/log.py:104]: YASB v2.0.6
2026-08-29 00:06:04,758 [INFO] [CLIPipeServer] [cli_server/cli_server.py:216]: CLI server started v1.1.7
2026-08-29 00:06:04,759 [INFO] [MainThread] [cli_server/cli_server.py:106]: Log pipe server started
2026-08-29 00:06:07,499 [INFO] [SystrayHook] [systray_hook/systray_hook.py:193]: Injecting into Explorer (PID: 5600)
2026-08-29 00:06:07,639 [INFO] [MainThread] [root/service.py:52]: AudioOutputService starting...
2026-08-29 00:06:07,815 [INFO] [MainThread] [root/bar_manager.py:103]: Starting SystemEventListener...
2026-08-29 00:06:07,815 [INFO] [MainThread] [root/bar_manager.py:103]: Starting WindowsNotificationEventListener...
2026-08-29 00:06:07,818 [INFO] [MainThread] [root/watcher.py:65]: Watching directory: c:\users\felipe\.config\yasb
2026-08-29 00:06:07,819 [INFO] [MainThread] [root/watcher.py:104]: Created file watcher
2026-08-29 00:06:07,842 [INFO] [MainThread] [root/update_service.py:434]: Background update checker started
2026-08-29 00:06:07,844 [INFO] [Dummy-8] [root/windows_notification.py:161]: Notification service started (WNF_SHEL_NOTIFICATION_TOTAL)
2026-10-05 17:00:29,942 [INFO] [MainThread] [root/controller.py:21]: Reloading Bar from context menu...
2026-10-05 17:00:30,056 [INFO] [MainThread] [cli_server/cli_server.py:114]: Log pipe server stopped
2026-10-05 17:00:30,094 [INFO] [MainThread] [root/bar_manager.py:119]: Stopping WindowsNotificationEventListener...
2026-10-05 17:00:30,095 [INFO] [Dummy-8] [root/windows_notification.py:97]: Notification service stopped
2026-10-05 17:00:30,569 [INFO] [MainThread] [root/log.py:103]: YASB v2.0.7
2026-10-05 17:00:30,570 [INFO] [CLIPipeServer] [cli_server/cli_server.py:216]: CLI server started v1.1.7
2026-10-05 17:00:30,570 [INFO] [MainThread] [cli_server/cli_server.py:106]: Log pipe server started
2026-10-05 17:00:31,221 [INFO] [SystrayHook] [systray_hook/systray_hook.py:193]: Injecting into Explorer (PID: 2604)
2026-10-05 17:00:31,274 [INFO] [MainThread] [root/service.py:52]: AudioOutputService starting...
2026-10-05 17:00:31,400 [INFO] [MainThread] [root/bar_manager.py:103]: Starting SystemEventListener...
2026-10-05 17:00:31,400 [INFO] [MainThread] [root/bar_manager.py:103]: Starting WindowsNotificationEventListener...
2026-10-05 17:00:31,404 [INFO] [MainThread] [root/watcher.py:65]: Watching directory: c:\users\usuario\.config\yasb
2026-10-05 17:00:31,405 [INFO] [MainThread] [root/watcher.py:104]: Created file watcher
2026-10-05 17:00:31,421 [INFO] [MainThread] [root/update_service.py:434]: Background update checker started
2026-10-05 17:00:31,428 [INFO] [Dummy-8] [root/windows_notification.py:161]: Notification service started (WNF_SHEL_NOTIFICATION_TOTAL)
2026-10-05 17:00:31,460 [INFO] [MainThread] [root/open_meteo.py:135]: No saved location for open_meteo. Awaiting user setup.
2026-10-05 17:01:56,557 [INFO] [MainThread] [root/controller.py:43]: Exiting Application from context menu...
2026-10-05 17:01:56,666 [INFO] [MainThread] [cli_server/cli_server.py:114]: Log pipe server stopped
2026-10-05 17:01:56,716 [INFO] [MainThread] [root/bar_manager.py:119]: Stopping SystemEventListener...
2026-10-05 17:01:56,717 [INFO] [MainThread] [root/bar_manager.py:119]: Stopping WindowsNotificationEventListener...
2026-10-05 17:01:56,718 [INFO] [Dummy-8] [root/windows_notification.py:97]: Notification service stopped
2026-10-05 17:03:19,721 [INFO] [MainThread] [root/log.py:103]: YASB v2.0.7
2026-10-05 17:03:19,722 [INFO] [CLIPipeServer] [cli_server/cli_server.py:216]: CLI server started v1.1.7
2026-10-05 17:03:19,722 [INFO] [MainThread] [cli_server/cli_server.py:106]: Log pipe server started
2026-10-05 17:03:20,253 [INFO] [MainThread] [root/service.py:52]: AudioOutputService starting...
2026-10-05 17:03:20,379 [INFO] [MainThread] [root/bar_manager.py:103]: Starting WindowsNotificationEventListener...
2026-10-05 17:03:20,379 [INFO] [MainThread] [root/bar_manager.py:103]: Starting SystemEventListener...
2026-10-05 17:03:20,381 [INFO] [MainThread] [root/watcher.py:65]: Watching directory: c:\users\usuario\.config\yasb
2026-10-05 17:03:20,389 [INFO] [MainThread] [root/watcher.py:104]: Created file watcher
2026-10-05 17:03:20,404 [INFO] [MainThread] [root/update_service.py:434]: Background update checker started
2026-10-05 17:03:20,408 [INFO] [Dummy-8] [root/windows_notification.py:161]: Notification service started (WNF_SHEL_NOTIFICATION_TOTAL)
2026-10-05 17:03:20,409 [INFO] [SystrayHook] [systray_hook/systray_hook.py:193]: Injecting into Explorer (PID: 2604)
2026-10-05 17:05:19,810 [INFO] [MainThread] [root/controller.py:21]: Reloading Bar from context menu...
2026-10-05 17:05:19,920 [INFO] [MainThread] [cli_server/cli_server.py:114]: Log pipe server stopped
2026-10-05 17:05:19,992 [INFO] [MainThread] [root/bar_manager.py:119]: Stopping WindowsNotificationEventListener...
2026-10-05 17:05:19,993 [INFO] [Dummy-8] [root/windows_notification.py:97]: Notification service stopped
2026-10-05 17:05:19,994 [INFO] [MainThread] [root/bar_manager.py:119]: Stopping SystemEventListener...
2026-10-05 17:05:20,395 [INFO] [MainThread] [root/log.py:103]: YASB v2.0.7
2026-10-05 17:05:20,395 [INFO] [CLIPipeServer] [cli_server/cli_server.py:216]: CLI server started v1.1.7
2026-10-05 17:05:20,395 [INFO] [MainThread] [cli_server/cli_server.py:106]: Log pipe server started
2026-10-05 17:05:21,001 [INFO] [MainThread] [root/service.py:52]: AudioOutputService starting...
2026-10-05 17:05:21,127 [INFO] [MainThread] [root/bar_manager.py:103]: Starting SystemEventListener...
2026-10-05 17:05:21,128 [INFO] [MainThread] [root/bar_manager.py:103]: Starting WindowsNotificationEventListener...
2026-10-05 17:05:21,132 [INFO] [MainThread] [root/watcher.py:65]: Watching directory: c:\users\usuario\.config\yasb
2026-10-05 17:05:21,132 [INFO] [MainThread] [root/watcher.py:104]: Created file watcher
2026-10-05 17:05:21,150 [INFO] [MainThread] [root/update_service.py:434]: Background update checker started
2026-10-05 17:05:21,154 [INFO] [Dummy-8] [root/windows_notification.py:161]: Notification service started (WNF_SHEL_NOTIFICATION_TOTAL)
2026-10-05 17:05:21,160 [INFO] [SystrayHook] [systray_hook/systray_hook.py:193]: Injecting into Explorer (PID: 2604)
2026-10-05 17:06:31,886 [INFO] [MainThread] [root/controller.py:21]: Reloading Bar from context menu...
2026-10-05 17:06:31,992 [INFO] [MainThread] [cli_server/cli_server.py:114]: Log pipe server stopped
2026-10-05 17:06:32,078 [INFO] [MainThread] [root/bar_manager.py:119]: Stopping SystemEventListener...
2026-10-05 17:06:32,082 [INFO] [MainThread] [root/bar_manager.py:119]: Stopping WindowsNotificationEventListener...
2026-10-05 17:06:32,082 [INFO] [Dummy-8] [root/windows_notification.py:97]: Notification service stopped
2026-10-05 17:06:32,471 [INFO] [MainThread] [root/log.py:103]: YASB v2.0.7
2026-10-05 17:06:32,471 [INFO] [CLIPipeServer] [cli_server/cli_server.py:216]: CLI server started v1.1.7
2026-10-05 17:06:32,472 [INFO] [MainThread] [cli_server/cli_server.py:106]: Log pipe server started
2026-10-05 17:06:33,052 [INFO] [MainThread] [root/service.py:52]: AudioOutputService starting...
2026-10-05 17:06:33,202 [INFO] [MainThread] [root/bar_manager.py:103]: Starting WindowsNotificationEventListener...
2026-10-05 17:06:33,202 [INFO] [MainThread] [root/bar_manager.py:103]: Starting SystemEventListener...
2026-10-05 17:06:33,205 [INFO] [MainThread] [root/watcher.py:65]: Watching directory: c:\users\usuario\.config\yasb
2026-10-05 17:06:33,205 [INFO] [MainThread] [root/watcher.py:104]: Created file watcher
2026-10-05 17:06:33,218 [INFO] [MainThread] [root/update_service.py:434]: Background update checker started
2026-10-05 17:06:33,221 [INFO] [Dummy-8] [root/windows_notification.py:161]: Notification service started (WNF_SHEL_NOTIFICATION_TOTAL)
2026-10-05 17:06:33,227 [INFO] [SystrayHook] [systray_hook/systray_hook.py:193]: Injecting into Explorer (PID: 2604)
2026-10-05 17:07:55,802 [INFO] [MainThread] [root/controller.py:21]: Reloading Bar from context menu...
2026-10-05 17:07:55,915 [INFO] [MainThread] [cli_server/cli_server.py:114]: Log pipe server stopped
2026-10-05 17:07:55,996 [INFO] [MainThread] [root/bar_manager.py:119]: Stopping WindowsNotificationEventListener...
2026-10-05 17:07:55,996 [INFO] [Dummy-8] [root/windows_notification.py:97]: Notification service stopped
2026-10-05 17:07:55,999 [INFO] [MainThread] [root/bar_manager.py:119]: Stopping SystemEventListener...
2026-10-05 17:07:56,430 [INFO] [MainThread] [root/log.py:103]: YASB v2.0.7
2026-10-05 17:07:56,430 [INFO] [CLIPipeServer] [cli_server/cli_server.py:216]: CLI server started v1.1.7
2026-10-05 17:07:56,431 [INFO] [MainThread] [cli_server/cli_server.py:106]: Log pipe server started
2026-10-05 17:07:57,011 [INFO] [MainThread] [root/service.py:52]: AudioOutputService starting...
2026-10-05 17:07:57,183 [INFO] [MainThread] [root/bar_manager.py:103]: Starting WindowsNotificationEventListener...
2026-10-05 17:07:57,184 [INFO] [MainThread] [root/bar_manager.py:103]: Starting SystemEventListener...
2026-10-05 17:07:57,189 [INFO] [MainThread] [root/watcher.py:65]: Watching directory: c:\users\usuario\.config\yasb
2026-10-05 17:07:57,189 [INFO] [MainThread] [root/watcher.py:104]: Created file watcher
2026-10-05 17:07:57,202 [INFO] [MainThread] [root/update_service.py:434]: Background update checker started
2026-10-05 17:07:57,206 [INFO] [Dummy-8] [root/windows_notification.py:161]: Notification service started (WNF_SHEL_NOTIFICATION_TOTAL)
2026-10-05 17:07:57,211 [INFO] [SystrayHook] [systray_hook/systray_hook.py:193]: Injecting into Explorer (PID: 2604)
2026-10-05 17:14:09,445 [INFO] [MainThread] [root/controller.py:21]: Reloading Bar from context menu...
2026-10-05 17:14:09,554 [INFO] [MainThread] [cli_server/cli_server.py:114]: Log pipe server stopped
2026-10-05 17:14:09,602 [INFO] [MainThread] [root/bar_manager.py:119]: Stopping WindowsNotificationEventListener...
2026-10-05 17:14:09,603 [INFO] [Dummy-8] [root/windows_notification.py:97]: Notification service stopped
2026-10-05 17:14:09,605 [INFO] [MainThread] [root/bar_manager.py:119]: Stopping SystemEventListener...
2026-10-05 17:14:10,062 [INFO] [MainThread] [root/log.py:103]: YASB v2.0.7
2026-10-05 17:14:10,062 [INFO] [CLIPipeServer] [cli_server/cli_server.py:216]: CLI server started v1.1.7
2026-10-05 17:14:10,062 [INFO] [MainThread] [cli_server/cli_server.py:106]: Log pipe server started
2026-10-05 17:14:10,663 [INFO] [MainThread] [root/service.py:52]: AudioOutputService starting...
2026-10-05 17:14:10,787 [INFO] [MainThread] [root/bar_manager.py:103]: Starting SystemEventListener...
2026-10-05 17:14:10,787 [INFO] [MainThread] [root/bar_manager.py:103]: Starting WindowsNotificationEventListener...
2026-10-05 17:14:10,793 [INFO] [MainThread] [root/watcher.py:65]: Watching directory: c:\users\usuario\.config\yasb
2026-10-05 17:14:10,794 [INFO] [MainThread] [root/watcher.py:104]: Created file watcher
2026-10-05 17:14:10,805 [INFO] [MainThread] [root/update_service.py:434]: Background update checker started
2026-10-05 17:14:10,810 [INFO] [Dummy-8] [root/windows_notification.py:161]: Notification service started (WNF_SHEL_NOTIFICATION_TOTAL)
2026-10-05 17:14:10,815 [INFO] [SystrayHook] [systray_hook/systray_hook.py:193]: Injecting into Explorer (PID: 2604)
2026-10-05 17:18:02,867 [INFO] [MainThread] [root/bar_helper.py:578]: AppBarManager need to re-register 1 bar
2026-10-05 17:18:02,878 [INFO] [MainThread] [root/bar_helper.py:587]: Re-registered AppBar for primary-bar_Odyssey G5_ede06140 (space reservation + fullscreen)
2026-10-05 17:18:04,755 [INFO] [SystrayHook] [systray_hook/systray_hook.py:193]: Injecting into Explorer (PID: 9832)
2026-10-05 17:25:19,391 [INFO] [MainThread] [root/controller.py:21]: Reloading Bar from context menu...
2026-10-05 17:25:19,494 [INFO] [MainThread] [cli_server/cli_server.py:114]: Log pipe server stopped
2026-10-05 17:25:19,571 [INFO] [MainThread] [root/bar_manager.py:119]: Stopping SystemEventListener...
2026-10-05 17:25:19,573 [INFO] [MainThread] [root/bar_manager.py:119]: Stopping WindowsNotificationEventListener...
2026-10-05 17:25:19,573 [INFO] [Dummy-8] [root/windows_notification.py:97]: Notification service stopped
2026-10-05 17:25:20,052 [INFO] [MainThread] [root/log.py:103]: YASB v2.0.7
2026-10-05 17:25:20,052 [INFO] [CLIPipeServer] [cli_server/cli_server.py:216]: CLI server started v1.1.7
2026-10-05 17:25:20,053 [INFO] [MainThread] [cli_server/cli_server.py:106]: Log pipe server started
2026-10-05 17:25:20,675 [INFO] [MainThread] [root/service.py:52]: AudioOutputService starting...
2026-10-05 17:25:20,834 [INFO] [MainThread] [root/bar_manager.py:103]: Starting WindowsNotificationEventListener...
2026-10-05 17:25:20,834 [INFO] [MainThread] [root/bar_manager.py:103]: Starting SystemEventListener...
2026-10-05 17:25:20,839 [INFO] [MainThread] [root/watcher.py:65]: Watching directory: c:\users\usuario\.config\yasb
2026-10-05 17:25:20,840 [INFO] [MainThread] [root/watcher.py:104]: Created file watcher
2026-10-05 17:25:20,850 [INFO] [SystrayHook] [systray_hook/systray_hook.py:193]: Injecting into Explorer (PID: 9832)
2026-10-05 17:25:20,851 [INFO] [MainThread] [root/update_service.py:434]: Background update checker started
2026-10-05 17:25:20,856 [INFO] [Dummy-8] [root/windows_notification.py:161]: Notification service started (WNF_SHEL_NOTIFICATION_TOTAL)
2026-10-05 17:25:44,470 [INFO] [MainThread] [root/controller.py:43]: Exiting Application from context menu...
2026-10-05 17:25:44,575 [INFO] [MainThread] [cli_server/cli_server.py:114]: Log pipe server stopped
2026-10-05 17:25:44,631 [INFO] [MainThread] [root/bar_manager.py:119]: Stopping WindowsNotificationEventListener...
2026-10-05 17:25:44,631 [INFO] [Dummy-8] [root/windows_notification.py:97]: Notification service stopped
2026-10-05 17:25:44,633 [INFO] [MainThread] [root/bar_manager.py:119]: Stopping SystemEventListener...
2026-10-05 17:26:41,271 [INFO] [MainThread] [root/log.py:103]: YASB v2.0.7
2026-10-05 17:26:41,272 [INFO] [CLIPipeServer] [cli_server/cli_server.py:216]: CLI server started v1.1.7
2026-10-05 17:26:41,272 [INFO] [MainThread] [cli_server/cli_server.py:106]: Log pipe server started
2026-10-05 17:26:41,834 [INFO] [MainThread] [root/service.py:52]: AudioOutputService starting...
2026-10-05 17:26:41,957 [INFO] [MainThread] [root/bar_manager.py:103]: Starting SystemEventListener...
2026-10-05 17:26:41,958 [INFO] [MainThread] [root/bar_manager.py:103]: Starting WindowsNotificationEventListener...
2026-10-05 17:26:41,961 [INFO] [MainThread] [root/watcher.py:65]: Watching directory: c:\users\usuario\.config\yasb
2026-10-05 17:26:41,961 [INFO] [MainThread] [root/watcher.py:104]: Created file watcher
2026-10-05 17:26:41,977 [INFO] [MainThread] [root/update_service.py:434]: Background update checker started
2026-10-05 17:26:41,979 [INFO] [SystrayHook] [systray_hook/systray_hook.py:193]: Injecting into Explorer (PID: 9832)
2026-10-05 17:26:41,983 [INFO] [Dummy-8] [root/windows_notification.py:161]: Notification service started (WNF_SHEL_NOTIFICATION_TOTAL)
2026-10-05 17:56:40,159 [INFO] [MainThread] [root/controller.py:21]: Reloading Application because of config change.
2026-10-05 17:56:40,260 [INFO] [MainThread] [cli_server/cli_server.py:114]: Log pipe server stopped
2026-10-05 17:56:40,266 [INFO] [MainThread] [root/bar_manager.py:93]: Successfully loaded updated config and re-initialised all bars.
2026-10-05 17:56:40,309 [INFO] [MainThread] [root/bar_manager.py:119]: Stopping SystemEventListener...
2026-10-05 17:56:40,313 [INFO] [MainThread] [root/bar_manager.py:119]: Stopping WindowsNotificationEventListener...
2026-10-05 17:56:40,313 [INFO] [Dummy-8] [root/windows_notification.py:97]: Notification service stopped
2026-10-05 17:56:40,766 [INFO] [MainThread] [root/log.py:103]: YASB v2.0.7
2026-10-05 17:56:40,766 [INFO] [CLIPipeServer] [cli_server/cli_server.py:216]: CLI server started v1.1.7
2026-10-05 17:56:40,767 [INFO] [MainThread] [cli_server/cli_server.py:106]: Log pipe server started
2026-10-05 17:56:41,322 [INFO] [MainThread] [root/service.py:52]: AudioOutputService starting...
2026-10-05 17:56:41,381 [INFO] [SystrayHook] [systray_hook/systray_hook.py:193]: Injecting into Explorer (PID: 9832)
2026-10-05 17:56:41,407 [INFO] [MainThread] [root/bar_manager.py:103]: Starting SystemEventListener...
2026-10-05 17:56:41,408 [INFO] [MainThread] [root/bar_manager.py:103]: Starting WindowsNotificationEventListener...
2026-10-05 17:56:41,412 [INFO] [MainThread] [root/watcher.py:65]: Watching directory: c:\users\usuario\.config\yasb
2026-10-05 17:56:41,412 [INFO] [MainThread] [root/watcher.py:104]: Created file watcher
2026-10-05 17:56:41,430 [INFO] [MainThread] [root/update_service.py:434]: Background update checker started
2026-10-05 17:56:41,438 [INFO] [Dummy-8] [root/windows_notification.py:161]: Notification service started (WNF_SHEL_NOTIFICATION_TOTAL)
2026-10-05 18:10:01,911 [ERROR] [MainThread] [root/config.py:99]: The config file 'C:\Users\Usuario\.config\yasb\config.yaml' contains validation errors. Please fix:
language:
- Extra inputs are not permitted

2026-10-05 18:10:26,860 [INFO] [MainThread] [root/controller.py:21]: Reloading Bar from context menu...
2026-10-05 18:10:26,965 [INFO] [MainThread] [cli_server/cli_server.py:114]: Log pipe server stopped
2026-10-05 18:10:27,027 [INFO] [MainThread] [root/bar_manager.py:119]: Stopping SystemEventListener...
2026-10-05 18:10:27,030 [INFO] [MainThread] [root/bar_manager.py:119]: Stopping WindowsNotificationEventListener...
2026-10-05 18:10:27,031 [INFO] [Dummy-8] [root/windows_notification.py:97]: Notification service stopped
2026-10-05 18:10:27,523 [INFO] [MainThread] [root/log.py:103]: YASB v2.0.7
2026-10-05 18:10:27,523 [INFO] [CLIPipeServer] [cli_server/cli_server.py:216]: CLI server started v1.1.7
2026-10-05 18:10:27,524 [INFO] [MainThread] [cli_server/cli_server.py:106]: Log pipe server started
2026-10-05 18:10:27,571 [ERROR] [MainThread] [root/config.py:99]: The config file 'C:\Users\Usuario\.config\yasb\config.yaml' contains validation errors. Please fix:
language:
- Extra inputs are not permitted

2026-10-05 18:10:27,573 [ERROR] [MainThread] [root/config.py:158]: User config file could not be loaded. Exiting Application.
2026-10-05 18:10:59,553 [INFO] [MainThread] [root/log.py:103]: YASB v2.0.7
2026-10-05 18:10:59,553 [INFO] [CLIPipeServer] [cli_server/cli_server.py:216]: CLI server started v1.1.7
2026-10-05 18:10:59,554 [INFO] [MainThread] [cli_server/cli_server.py:106]: Log pipe server started
2026-10-05 18:11:00,083 [INFO] [MainThread] [root/service.py:52]: AudioOutputService starting...
2026-10-05 18:11:00,141 [INFO] [SystrayHook] [systray_hook/systray_hook.py:193]: Injecting into Explorer (PID: 9832)
2026-10-05 18:11:00,166 [INFO] [MainThread] [root/bar_manager.py:103]: Starting SystemEventListener...
2026-10-05 18:11:00,166 [INFO] [MainThread] [root/bar_manager.py:103]: Starting WindowsNotificationEventListener...
2026-10-05 18:11:00,170 [INFO] [MainThread] [root/watcher.py:65]: Watching directory: c:\users\usuario\.config\yasb
2026-10-05 18:11:00,170 [INFO] [MainThread] [root/watcher.py:104]: Created file watcher
2026-10-05 18:11:00,187 [INFO] [MainThread] [root/update_service.py:434]: Background update checker started
2026-10-05 18:11:00,206 [INFO] [Dummy-8] [root/windows_notification.py:161]: Notification service started (WNF_SHEL_NOTIFICATION_TOTAL)
2026-10-05 18:15:56,143 [INFO] [MainThread] [root/controller.py:21]: Reloading Application because of config change.
2026-10-05 18:15:56,245 [INFO] [MainThread] [cli_server/cli_server.py:114]: Log pipe server stopped
2026-10-05 18:15:56,252 [INFO] [MainThread] [root/bar_manager.py:93]: Successfully loaded updated config and re-initialised all bars.
2026-10-05 18:15:56,313 [INFO] [MainThread] [root/bar_manager.py:119]: Stopping SystemEventListener...
2026-10-05 18:15:56,315 [INFO] [MainThread] [root/bar_manager.py:119]: Stopping WindowsNotificationEventListener...
2026-10-05 18:15:56,316 [INFO] [Dummy-8] [root/windows_notification.py:97]: Notification service stopped
2026-10-05 18:15:56,796 [INFO] [MainThread] [root/log.py:103]: YASB v2.0.7
2026-10-05 18:15:56,796 [INFO] [CLIPipeServer] [cli_server/cli_server.py:216]: CLI server started v1.1.7
2026-10-05 18:15:56,797 [INFO] [MainThread] [cli_server/cli_server.py:106]: Log pipe server started
2026-10-05 18:15:57,409 [INFO] [MainThread] [root/service.py:52]: AudioOutputService starting...
2026-10-05 18:15:57,465 [INFO] [SystrayHook] [systray_hook/systray_hook.py:193]: Injecting into Explorer (PID: 9832)
2026-10-05 18:15:57,503 [INFO] [MainThread] [root/bar_manager.py:103]: Starting SystemEventListener...
2026-10-05 18:15:57,503 [INFO] [MainThread] [root/bar_manager.py:103]: Starting WindowsNotificationEventListener...
2026-10-05 18:15:57,507 [INFO] [MainThread] [root/watcher.py:65]: Watching directory: c:\users\usuario\.config\yasb
2026-10-05 18:15:57,507 [INFO] [MainThread] [root/watcher.py:104]: Created file watcher
2026-10-05 18:15:57,528 [INFO] [MainThread] [root/update_service.py:434]: Background update checker started
2026-10-05 18:15:57,533 [INFO] [Dummy-8] [root/windows_notification.py:161]: Notification service started (WNF_SHEL_NOTIFICATION_TOTAL)
2026-10-05 18:32:31,684 [ERROR] [MainThread] [root/config.py:99]: The config file 'C:\Users\Usuario\.config\yasb\config.yaml' contains validation errors. Please fix:
language:
- Extra inputs are not permitted

2026-10-05 18:33:17,043 [ERROR] [MainThread] [root/config.py:99]: The config file 'C:\Users\Usuario\.config\yasb\config.yaml' contains validation errors. Please fix:
widgets:
  language:
    str:
    - Input should be a valid string
    dict[str,any]:
    - Input should be a valid dictionary

2026-10-05 18:34:54,909 [INFO] [MainThread] [root/controller.py:21]: Reloading Application because of config change.
2026-10-05 18:34:55,010 [INFO] [MainThread] [cli_server/cli_server.py:114]: Log pipe server stopped
2026-10-05 18:34:55,016 [INFO] [MainThread] [root/bar_manager.py:93]: Successfully loaded updated config and re-initialised all bars.
2026-10-05 18:34:55,075 [INFO] [MainThread] [root/bar_manager.py:119]: Stopping SystemEventListener...
2026-10-05 18:34:55,078 [INFO] [MainThread] [root/bar_manager.py:119]: Stopping WindowsNotificationEventListener...
2026-10-05 18:34:55,079 [INFO] [Dummy-8] [root/windows_notification.py:97]: Notification service stopped
2026-10-05 18:34:55,555 [INFO] [MainThread] [root/log.py:103]: YASB v2.0.7
2026-10-05 18:34:55,555 [INFO] [CLIPipeServer] [cli_server/cli_server.py:216]: CLI server started v1.1.7
2026-10-05 18:34:55,555 [INFO] [MainThread] [cli_server/cli_server.py:106]: Log pipe server started
2026-10-05 18:34:56,118 [INFO] [MainThread] [root/service.py:52]: AudioOutputService starting...
2026-10-05 18:34:56,213 [INFO] [MainThread] [root/bar_manager.py:103]: Starting SystemEventListener...
2026-10-05 18:34:56,214 [INFO] [MainThread] [root/bar_manager.py:103]: Starting WindowsNotificationEventListener...
2026-10-05 18:34:56,215 [INFO] [SystrayHook] [systray_hook/systray_hook.py:193]: Injecting into Explorer (PID: 9832)
2026-10-05 18:34:56,218 [INFO] [MainThread] [root/watcher.py:65]: Watching directory: c:\users\usuario\.config\yasb
2026-10-05 18:34:56,218 [INFO] [MainThread] [root/watcher.py:104]: Created file watcher
2026-10-05 18:34:56,239 [INFO] [MainThread] [root/update_service.py:434]: Background update checker started
2026-10-05 18:34:56,248 [INFO] [Dummy-8] [root/windows_notification.py:161]: Notification service started (WNF_SHEL_NOTIFICATION_TOTAL)
2026-10-05 18:35:04,248 [INFO] [MainThread] [root/controller.py:21]: Reloading Application because of config change.
2026-10-05 18:35:04,351 [INFO] [MainThread] [cli_server/cli_server.py:114]: Log pipe server stopped
2026-10-05 18:35:04,357 [INFO] [MainThread] [root/bar_manager.py:93]: Successfully loaded updated config and re-initialised all bars.
2026-10-05 18:35:04,414 [INFO] [MainThread] [root/bar_manager.py:119]: Stopping SystemEventListener...
2026-10-05 18:35:04,417 [INFO] [MainThread] [root/bar_manager.py:119]: Stopping WindowsNotificationEventListener...
2026-10-05 18:35:04,417 [INFO] [Dummy-8] [root/windows_notification.py:97]: Notification service stopped
2026-10-05 18:35:04,877 [INFO] [MainThread] [root/log.py:103]: YASB v2.0.7
2026-10-05 18:35:04,878 [INFO] [CLIPipeServer] [cli_server/cli_server.py:216]: CLI server started v1.1.7
2026-10-05 18:35:04,878 [INFO] [MainThread] [cli_server/cli_server.py:106]: Log pipe server started
2026-10-05 18:35:05,434 [INFO] [MainThread] [root/service.py:52]: AudioOutputService starting...
2026-10-05 18:35:05,527 [INFO] [MainThread] [root/bar_manager.py:103]: Starting WindowsNotificationEventListener...
2026-10-05 18:35:05,530 [INFO] [SystrayHook] [systray_hook/systray_hook.py:193]: Injecting into Explorer (PID: 9832)
2026-10-05 18:35:05,532 [INFO] [MainThread] [root/bar_manager.py:103]: Starting SystemEventListener...
2026-10-05 18:35:05,536 [INFO] [MainThread] [root/watcher.py:65]: Watching directory: c:\users\usuario\.config\yasb
2026-10-05 18:35:05,537 [INFO] [MainThread] [root/watcher.py:104]: Created file watcher
2026-10-05 18:35:05,557 [INFO] [MainThread] [root/update_service.py:434]: Background update checker started
2026-10-05 18:35:05,562 [INFO] [Dummy-8] [root/windows_notification.py:161]: Notification service started (WNF_SHEL_NOTIFICATION_TOTAL)
2026-10-05 18:35:17,212 [INFO] [MainThread] [root/controller.py:21]: Reloading Application because of config change.
2026-10-05 18:35:17,328 [INFO] [MainThread] [cli_server/cli_server.py:114]: Log pipe server stopped
2026-10-05 18:35:17,334 [INFO] [MainThread] [root/bar_manager.py:93]: Successfully loaded updated config and re-initialised all bars.
2026-10-05 18:35:17,395 [INFO] [MainThread] [root/bar_manager.py:119]: Stopping WindowsNotificationEventListener...
2026-10-05 18:35:17,395 [INFO] [Dummy-8] [root/windows_notification.py:97]: Notification service stopped
2026-10-05 18:35:17,398 [INFO] [MainThread] [root/bar_manager.py:119]: Stopping SystemEventListener...
2026-10-05 18:35:17,823 [INFO] [MainThread] [root/log.py:103]: YASB v2.0.7
2026-10-05 18:35:17,824 [INFO] [CLIPipeServer] [cli_server/cli_server.py:216]: CLI server started v1.1.7
2026-10-05 18:35:17,824 [INFO] [MainThread] [cli_server/cli_server.py:106]: Log pipe server started
2026-10-05 18:35:18,362 [INFO] [MainThread] [root/service.py:52]: AudioOutputService starting...
2026-10-05 18:35:18,455 [INFO] [MainThread] [root/bar_manager.py:103]: Starting WindowsNotificationEventListener...
2026-10-05 18:35:18,457 [INFO] [MainThread] [root/bar_manager.py:103]: Starting SystemEventListener...
2026-10-05 18:35:18,457 [ERROR] [MainThread] [root/widget_builder.py:114]: Failed to validate widget(s) due to invalid options  - language
      update_interval:
      - Input should be greater than or equal to 1
      
2026-10-05 18:35:18,464 [INFO] [SystrayHook] [systray_hook/systray_hook.py:193]: Injecting into Explorer (PID: 9832)
2026-10-05 18:35:18,481 [INFO] [Dummy-6] [root/windows_notification.py:161]: Notification service started (WNF_SHEL_NOTIFICATION_TOTAL)
2026-10-05 18:35:18,498 [INFO] [MainThread] [root/watcher.py:65]: Watching directory: c:\users\usuario\.config\yasb
2026-10-05 18:35:18,498 [INFO] [MainThread] [root/watcher.py:104]: Created file watcher
2026-10-05 18:35:18,518 [INFO] [MainThread] [root/update_service.py:434]: Background update checker started
2026-10-05 18:35:25,948 [INFO] [MainThread] [root/controller.py:21]: Reloading Application because of config change.
2026-10-05 18:35:26,053 [INFO] [MainThread] [cli_server/cli_server.py:114]: Log pipe server stopped
2026-10-05 18:35:26,059 [INFO] [MainThread] [root/bar_manager.py:93]: Successfully loaded updated config and re-initialised all bars.
2026-10-05 18:35:26,118 [INFO] [MainThread] [root/bar_manager.py:119]: Stopping WindowsNotificationEventListener...
2026-10-05 18:35:26,119 [INFO] [Dummy-6] [root/windows_notification.py:97]: Notification service stopped
2026-10-05 18:35:26,121 [INFO] [MainThread] [root/bar_manager.py:119]: Stopping SystemEventListener...
2026-10-05 18:35:26,536 [INFO] [MainThread] [root/log.py:103]: YASB v2.0.7
2026-10-05 18:35:26,536 [INFO] [CLIPipeServer] [cli_server/cli_server.py:216]: CLI server started v1.1.7
2026-10-05 18:35:26,537 [INFO] [MainThread] [cli_server/cli_server.py:106]: Log pipe server started
2026-10-05 18:35:27,103 [INFO] [MainThread] [root/service.py:52]: AudioOutputService starting...
2026-10-05 18:35:27,200 [INFO] [MainThread] [root/bar_manager.py:103]: Starting SystemEventListener...
2026-10-05 18:35:27,201 [INFO] [MainThread] [root/bar_manager.py:103]: Starting WindowsNotificationEventListener...
2026-10-05 18:35:27,205 [INFO] [MainThread] [root/watcher.py:65]: Watching directory: c:\users\usuario\.config\yasb
2026-10-05 18:35:27,206 [INFO] [MainThread] [root/watcher.py:104]: Created file watcher
2026-10-05 18:35:27,206 [INFO] [SystrayHook] [systray_hook/systray_hook.py:193]: Injecting into Explorer (PID: 9832)
2026-10-05 18:35:27,228 [INFO] [MainThread] [root/update_service.py:434]: Background update checker started
2026-10-05 18:35:27,229 [INFO] [Dummy-8] [root/windows_notification.py:161]: Notification service started (WNF_SHEL_NOTIFICATION_TOTAL)
2026-10-05 18:51:01,009 [ERROR] [MainThread] [root/bar_manager.py:80]: Error loading config: while scanning a double-quoted scalar
  in "C:\Users\Usuario\.config\yasb\config.yaml", line 547, column 24
expected escape sequence of 8 hexadecimal numbers, but found 's'
  in "C:\Users\Usuario\.config\yasb\config.yaml", line 547, column 40
2026-10-05 18:51:48,515 [ERROR] [MainThread] [root/bar_manager.py:80]: Error loading config: while scanning a double-quoted scalar
  in "C:\Users\Usuario\.config\yasb\config.yaml", line 548, column 24
expected escape sequence of 8 hexadecimal numbers, but found 's'
  in "C:\Users\Usuario\.config\yasb\config.yaml", line 548, column 40
2026-10-05 18:54:16,872 [INFO] [MainThread] [root/controller.py:21]: Reloading Bar from context menu...
2026-10-05 18:54:16,984 [INFO] [MainThread] [cli_server/cli_server.py:114]: Log pipe server stopped
2026-10-05 18:54:17,051 [INFO] [MainThread] [root/bar_manager.py:119]: Stopping SystemEventListener...
2026-10-05 18:54:17,055 [INFO] [MainThread] [root/bar_manager.py:119]: Stopping WindowsNotificationEventListener...
2026-10-05 18:54:17,056 [INFO] [Dummy-8] [root/windows_notification.py:97]: Notification service stopped
2026-10-05 18:54:17,537 [INFO] [MainThread] [root/log.py:103]: YASB v2.0.7
2026-10-05 18:54:17,537 [INFO] [CLIPipeServer] [cli_server/cli_server.py:216]: CLI server started v1.1.7
2026-10-05 18:54:17,537 [INFO] [MainThread] [cli_server/cli_server.py:106]: Log pipe server started
2026-10-05 18:54:17,601 [ERROR] [MainThread] [root/main.py:180]: Exception during application startup
Traceback (most recent call last):
  File "main.py", line 178, in <module>
  File "main.py", line 75, in main
  File "D:\a\yasb\yasb\venv\Lib\site-packages\qasync\__init__.py", line 438, in run_until_complete
  File "main.py", line 109, in main_async
  File "D:\a\yasb\yasb\src\core\config.py", line 144, in get_config_and_stylesheet
  File "D:\a\yasb\yasb\src\core\config.py", line 82, in get_config
  File "D:\a\yasb\yasb\venv\Lib\site-packages\yaml\__init__.py", line 125, in safe_load
  File "D:\a\yasb\yasb\venv\Lib\site-packages\yaml\__init__.py", line 81, in load
  File "D:\a\yasb\yasb\venv\Lib\site-packages\yaml\constructor.py", line 49, in get_single_data
  File "D:\a\yasb\yasb\venv\Lib\site-packages\yaml\composer.py", line 36, in get_single_node
  File "D:\a\yasb\yasb\venv\Lib\site-packages\yaml\composer.py", line 55, in compose_document
  File "D:\a\yasb\yasb\venv\Lib\site-packages\yaml\composer.py", line 84, in compose_node
  File "D:\a\yasb\yasb\venv\Lib\site-packages\yaml\composer.py", line 133, in compose_mapping_node
  File "D:\a\yasb\yasb\venv\Lib\site-packages\yaml\composer.py", line 84, in compose_node
  File "D:\a\yasb\yasb\venv\Lib\site-packages\yaml\composer.py", line 133, in compose_mapping_node
  File "D:\a\yasb\yasb\venv\Lib\site-packages\yaml\composer.py", line 84, in compose_node
  File "D:\a\yasb\yasb\venv\Lib\site-packages\yaml\composer.py", line 133, in compose_mapping_node
  File "D:\a\yasb\yasb\venv\Lib\site-packages\yaml\composer.py", line 84, in compose_node
  File "D:\a\yasb\yasb\venv\Lib\site-packages\yaml\composer.py", line 133, in compose_mapping_node
  File "D:\a\yasb\yasb\venv\Lib\site-packages\yaml\composer.py", line 84, in compose_node
  File "D:\a\yasb\yasb\venv\Lib\site-packages\yaml\composer.py", line 133, in compose_mapping_node
  File "D:\a\yasb\yasb\venv\Lib\site-packages\yaml\composer.py", line 84, in compose_node
  File "D:\a\yasb\yasb\venv\Lib\site-packages\yaml\composer.py", line 133, in compose_mapping_node
  File "D:\a\yasb\yasb\venv\Lib\site-packages\yaml\composer.py", line 84, in compose_node
  File "D:\a\yasb\yasb\venv\Lib\site-packages\yaml\composer.py", line 133, in compose_mapping_node
  File "D:\a\yasb\yasb\venv\Lib\site-packages\yaml\composer.py", line 84, in compose_node
  File "D:\a\yasb\yasb\venv\Lib\site-packages\yaml\composer.py", line 133, in compose_mapping_node
  File "D:\a\yasb\yasb\venv\Lib\site-packages\yaml\composer.py", line 64, in compose_node
  File "D:\a\yasb\yasb\venv\Lib\site-packages\yaml\parser.py", line 98, in check_event
  File "D:\a\yasb\yasb\venv\Lib\site-packages\yaml\parser.py", line 449, in parse_block_mapping_value
  File "D:\a\yasb\yasb\venv\Lib\site-packages\yaml\scanner.py", line 116, in check_token
  File "D:\a\yasb\yasb\venv\Lib\site-packages\yaml\scanner.py", line 251, in fetch_more_tokens
  File "D:\a\yasb\yasb\venv\Lib\site-packages\yaml\scanner.py", line 655, in fetch_double
  File "D:\a\yasb\yasb\venv\Lib\site-packages\yaml\scanner.py", line 666, in fetch_flow_scalar
  File "D:\a\yasb\yasb\venv\Lib\site-packages\yaml\scanner.py", line 1152, in scan_flow_scalar
  File "D:\a\yasb\yasb\venv\Lib\site-packages\yaml\scanner.py", line 1213, in scan_flow_scalar_non_spaces
yaml.scanner.ScannerError: while scanning a double-quoted scalar
  in "C:\Users\Usuario\.config\yasb\config.yaml", line 548, column 24
expected escape sequence of 8 hexadecimal numbers, but found 's'
  in "C:\Users\Usuario\.config\yasb\config.yaml", line 548, column 40
2026-10-05 18:54:34,242 [INFO] [MainThread] [root/log.py:103]: YASB v2.0.7
2026-10-05 18:54:34,243 [INFO] [CLIPipeServer] [cli_server/cli_server.py:216]: CLI server started v1.1.7
2026-10-05 18:54:34,243 [INFO] [MainThread] [cli_server/cli_server.py:106]: Log pipe server started
2026-10-05 18:54:34,301 [ERROR] [MainThread] [root/main.py:180]: Exception during application startup
Traceback (most recent call last):
  File "main.py", line 178, in <module>
  File "main.py", line 75, in main
  File "D:\a\yasb\yasb\venv\Lib\site-packages\qasync\__init__.py", line 438, in run_until_complete
  File "main.py", line 109, in main_async
  File "D:\a\yasb\yasb\src\core\config.py", line 144, in get_config_and_stylesheet
  File "D:\a\yasb\yasb\src\core\config.py", line 82, in get_config
  File "D:\a\yasb\yasb\venv\Lib\site-packages\yaml\__init__.py", line 125, in safe_load
  File "D:\a\yasb\yasb\venv\Lib\site-packages\yaml\__init__.py", line 81, in load
  File "D:\a\yasb\yasb\venv\Lib\site-packages\yaml\constructor.py", line 49, in get_single_data
  File "D:\a\yasb\yasb\venv\Lib\site-packages\yaml\composer.py", line 36, in get_single_node
  File "D:\a\yasb\yasb\venv\Lib\site-packages\yaml\composer.py", line 55, in compose_document
  File "D:\a\yasb\yasb\venv\Lib\site-packages\yaml\composer.py", line 84, in compose_node
  File "D:\a\yasb\yasb\venv\Lib\site-packages\yaml\composer.py", line 133, in compose_mapping_node
  File "D:\a\yasb\yasb\venv\Lib\site-packages\yaml\composer.py", line 84, in compose_node
  File "D:\a\yasb\yasb\venv\Lib\site-packages\yaml\composer.py", line 133, in compose_mapping_node
  File "D:\a\yasb\yasb\venv\Lib\site-packages\yaml\composer.py", line 84, in compose_node
  File "D:\a\yasb\yasb\venv\Lib\site-packages\yaml\composer.py", line 133, in compose_mapping_node
  File "D:\a\yasb\yasb\venv\Lib\site-packages\yaml\composer.py", line 84, in compose_node
  File "D:\a\yasb\yasb\venv\Lib\site-packages\yaml\composer.py", line 133, in compose_mapping_node
  File "D:\a\yasb\yasb\venv\Lib\site-packages\yaml\composer.py", line 84, in compose_node
  File "D:\a\yasb\yasb\venv\Lib\site-packages\yaml\composer.py", line 133, in compose_mapping_node
  File "D:\a\yasb\yasb\venv\Lib\site-packages\yaml\composer.py", line 84, in compose_node
  File "D:\a\yasb\yasb\venv\Lib\site-packages\yaml\composer.py", line 133, in compose_mapping_node
  File "D:\a\yasb\yasb\venv\Lib\site-packages\yaml\composer.py", line 84, in compose_node
  File "D:\a\yasb\yasb\venv\Lib\site-packages\yaml\composer.py", line 133, in compose_mapping_node
  File "D:\a\yasb\yasb\venv\Lib\site-packages\yaml\composer.py", line 84, in compose_node
  File "D:\a\yasb\yasb\venv\Lib\site-packages\yaml\composer.py", line 133, in compose_mapping_node
  File "D:\a\yasb\yasb\venv\Lib\site-packages\yaml\composer.py", line 64, in compose_node
  File "D:\a\yasb\yasb\venv\Lib\site-packages\yaml\parser.py", line 98, in check_event
  File "D:\a\yasb\yasb\venv\Lib\site-packages\yaml\parser.py", line 449, in parse_block_mapping_value
  File "D:\a\yasb\yasb\venv\Lib\site-packages\yaml\scanner.py", line 116, in check_token
  File "D:\a\yasb\yasb\venv\Lib\site-packages\yaml\scanner.py", line 251, in fetch_more_tokens
  File "D:\a\yasb\yasb\venv\Lib\site-packages\yaml\scanner.py", line 655, in fetch_double
  File "D:\a\yasb\yasb\venv\Lib\site-packages\yaml\scanner.py", line 666, in fetch_flow_scalar
  File "D:\a\yasb\yasb\venv\Lib\site-packages\yaml\scanner.py", line 1152, in scan_flow_scalar
  File "D:\a\yasb\yasb\venv\Lib\site-packages\yaml\scanner.py", line 1213, in scan_flow_scalar_non_spaces
yaml.scanner.ScannerError: while scanning a double-quoted scalar
  in "C:\Users\Usuario\.config\yasb\config.yaml", line 548, column 24
expected escape sequence of 8 hexadecimal numbers, but found 's'
  in "C:\Users\Usuario\.config\yasb\config.yaml", line 548, column 40
2026-10-05 18:55:04,339 [INFO] [MainThread] [root/log.py:103]: YASB v2.0.7
2026-10-05 18:55:04,340 [INFO] [CLIPipeServer] [cli_server/cli_server.py:216]: CLI server started v1.1.7
2026-10-05 18:55:04,340 [INFO] [MainThread] [cli_server/cli_server.py:106]: Log pipe server started
2026-10-05 18:55:04,392 [ERROR] [MainThread] [root/main.py:180]: Exception during application startup
Traceback (most recent call last):
  File "main.py", line 178, in <module>
  File "main.py", line 75, in main
  File "D:\a\yasb\yasb\venv\Lib\site-packages\qasync\__init__.py", line 438, in run_until_complete
  File "main.py", line 109, in main_async
  File "D:\a\yasb\yasb\src\core\config.py", line 144, in get_config_and_stylesheet
  File "D:\a\yasb\yasb\src\core\config.py", line 82, in get_config
  File "D:\a\yasb\yasb\venv\Lib\site-packages\yaml\__init__.py", line 125, in safe_load
  File "D:\a\yasb\yasb\venv\Lib\site-packages\yaml\__init__.py", line 81, in load
  File "D:\a\yasb\yasb\venv\Lib\site-packages\yaml\constructor.py", line 49, in get_single_data
  File "D:\a\yasb\yasb\venv\Lib\site-packages\yaml\composer.py", line 36, in get_single_node
  File "D:\a\yasb\yasb\venv\Lib\site-packages\yaml\composer.py", line 55, in compose_document
  File "D:\a\yasb\yasb\venv\Lib\site-packages\yaml\composer.py", line 84, in compose_node
  File "D:\a\yasb\yasb\venv\Lib\site-packages\yaml\composer.py", line 133, in compose_mapping_node
  File "D:\a\yasb\yasb\venv\Lib\site-packages\yaml\composer.py", line 84, in compose_node
  File "D:\a\yasb\yasb\venv\Lib\site-packages\yaml\composer.py", line 133, in compose_mapping_node
  File "D:\a\yasb\yasb\venv\Lib\site-packages\yaml\composer.py", line 84, in compose_node
  File "D:\a\yasb\yasb\venv\Lib\site-packages\yaml\composer.py", line 133, in compose_mapping_node
  File "D:\a\yasb\yasb\venv\Lib\site-packages\yaml\composer.py", line 84, in compose_node
  File "D:\a\yasb\yasb\venv\Lib\site-packages\yaml\composer.py", line 133, in compose_mapping_node
  File "D:\a\yasb\yasb\venv\Lib\site-packages\yaml\composer.py", line 84, in compose_node
  File "D:\a\yasb\yasb\venv\Lib\site-packages\yaml\composer.py", line 133, in compose_mapping_node
  File "D:\a\yasb\yasb\venv\Lib\site-packages\yaml\composer.py", line 84, in compose_node
  File "D:\a\yasb\yasb\venv\Lib\site-packages\yaml\composer.py", line 133, in compose_mapping_node
  File "D:\a\yasb\yasb\venv\Lib\site-packages\yaml\composer.py", line 84, in compose_node
  File "D:\a\yasb\yasb\venv\Lib\site-packages\yaml\composer.py", line 133, in compose_mapping_node
  File "D:\a\yasb\yasb\venv\Lib\site-packages\yaml\composer.py", line 84, in compose_node
  File "D:\a\yasb\yasb\venv\Lib\site-packages\yaml\composer.py", line 133, in compose_mapping_node
  File "D:\a\yasb\yasb\venv\Lib\site-packages\yaml\composer.py", line 64, in compose_node
  File "D:\a\yasb\yasb\venv\Lib\site-packages\yaml\parser.py", line 98, in check_event
  File "D:\a\yasb\yasb\venv\Lib\site-packages\yaml\parser.py", line 449, in parse_block_mapping_value
  File "D:\a\yasb\yasb\venv\Lib\site-packages\yaml\scanner.py", line 116, in check_token
  File "D:\a\yasb\yasb\venv\Lib\site-packages\yaml\scanner.py", line 251, in fetch_more_tokens
  File "D:\a\yasb\yasb\venv\Lib\site-packages\yaml\scanner.py", line 655, in fetch_double
  File "D:\a\yasb\yasb\venv\Lib\site-packages\yaml\scanner.py", line 666, in fetch_flow_scalar
  File "D:\a\yasb\yasb\venv\Lib\site-packages\yaml\scanner.py", line 1152, in scan_flow_scalar
  File "D:\a\yasb\yasb\venv\Lib\site-packages\yaml\scanner.py", line 1213, in scan_flow_scalar_non_spaces
yaml.scanner.ScannerError: while scanning a double-quoted scalar
  in "C:\Users\Usuario\.config\yasb\config.yaml", line 548, column 24
expected escape sequence of 8 hexadecimal numbers, but found 's'
  in "C:\Users\Usuario\.config\yasb\config.yaml", line 548, column 40
2026-10-05 18:55:30,596 [INFO] [MainThread] [root/log.py:103]: YASB v2.0.7
2026-10-05 18:55:30,596 [INFO] [CLIPipeServer] [cli_server/cli_server.py:216]: CLI server started v1.1.7
2026-10-05 18:55:30,597 [INFO] [MainThread] [cli_server/cli_server.py:106]: Log pipe server started
2026-10-05 18:55:31,165 [INFO] [MainThread] [root/service.py:52]: AudioOutputService starting...
2026-10-05 18:55:31,248 [INFO] [MainThread] [root/bar_manager.py:103]: Starting SystemEventListener...
2026-10-05 18:55:31,248 [INFO] [MainThread] [root/bar_manager.py:103]: Starting WindowsNotificationEventListener...
2026-10-05 18:55:31,251 [INFO] [MainThread] [root/watcher.py:65]: Watching directory: c:\users\usuario\.config\yasb
2026-10-05 18:55:31,252 [INFO] [MainThread] [root/watcher.py:104]: Created file watcher
2026-10-05 18:55:31,269 [INFO] [MainThread] [root/update_service.py:434]: Background update checker started
2026-10-05 18:55:31,269 [INFO] [SystrayHook] [systray_hook/systray_hook.py:193]: Injecting into Explorer (PID: 9832)
2026-10-05 18:55:31,276 [INFO] [Dummy-8] [root/windows_notification.py:161]: Notification service started (WNF_SHEL_NOTIFICATION_TOTAL)
2026-10-05 18:56:44,280 [INFO] [MainThread] [root/controller.py:21]: Reloading Application because of config change.
2026-10-05 18:56:44,382 [INFO] [MainThread] [cli_server/cli_server.py:114]: Log pipe server stopped
2026-10-05 18:56:44,388 [INFO] [MainThread] [root/bar_manager.py:93]: Successfully loaded updated config and re-initialised all bars.
2026-10-05 18:56:44,447 [INFO] [MainThread] [root/bar_manager.py:119]: Stopping SystemEventListener...
2026-10-05 18:56:44,450 [INFO] [MainThread] [root/bar_manager.py:119]: Stopping WindowsNotificationEventListener...
2026-10-05 18:56:44,451 [INFO] [Dummy-8] [root/windows_notification.py:97]: Notification service stopped
2026-10-05 18:56:44,877 [INFO] [MainThread] [root/log.py:103]: YASB v2.0.7
2026-10-05 18:56:44,878 [INFO] [CLIPipeServer] [cli_server/cli_server.py:216]: CLI server started v1.1.7
2026-10-05 18:56:44,878 [INFO] [MainThread] [cli_server/cli_server.py:106]: Log pipe server started
2026-10-05 18:56:45,440 [INFO] [MainThread] [root/service.py:52]: AudioOutputService starting...
2026-10-05 18:56:45,531 [INFO] [MainThread] [root/bar_manager.py:103]: Starting SystemEventListener...
2026-10-05 18:56:45,532 [INFO] [MainThread] [root/bar_manager.py:103]: Starting WindowsNotificationEventListener...
2026-10-05 18:56:45,535 [INFO] [MainThread] [root/watcher.py:65]: Watching directory: c:\users\usuario\.config\yasb
2026-10-05 18:56:45,535 [INFO] [MainThread] [root/watcher.py:104]: Created file watcher
2026-10-05 18:56:45,537 [INFO] [SystrayHook] [systray_hook/systray_hook.py:193]: Injecting into Explorer (PID: 9832)
2026-10-05 18:56:45,559 [INFO] [MainThread] [root/update_service.py:434]: Background update checker started
2026-10-05 18:56:45,568 [INFO] [Dummy-8] [root/windows_notification.py:161]: Notification service started (WNF_SHEL_NOTIFICATION_TOTAL)
2026-10-05 18:57:22,525 [INFO] [MainThread] [root/controller.py:21]: Reloading Application because of config change.
2026-10-05 18:57:22,628 [INFO] [MainThread] [cli_server/cli_server.py:114]: Log pipe server stopped
2026-10-05 18:57:22,635 [INFO] [MainThread] [root/bar_manager.py:93]: Successfully loaded updated config and re-initialised all bars.
2026-10-05 18:57:22,682 [INFO] [MainThread] [root/bar_manager.py:119]: Stopping SystemEventListener...
2026-10-05 18:57:22,684 [INFO] [MainThread] [root/bar_manager.py:119]: Stopping WindowsNotificationEventListener...
2026-10-05 18:57:22,685 [INFO] [Dummy-8] [root/windows_notification.py:97]: Notification service stopped
2026-10-05 18:57:23,126 [INFO] [MainThread] [root/log.py:103]: YASB v2.0.7
2026-10-05 18:57:23,127 [INFO] [CLIPipeServer] [cli_server/cli_server.py:216]: CLI server started v1.1.7
2026-10-05 18:57:23,127 [INFO] [MainThread] [cli_server/cli_server.py:106]: Log pipe server started
2026-10-05 18:57:23,591 [WARNING] [MainThread] [root/widget_builder.py:39]: No widget config could be found for widget 'ime_mode
2026-10-05 18:57:23,686 [INFO] [MainThread] [root/service.py:52]: AudioOutputService starting...
2026-10-05 18:57:23,777 [INFO] [MainThread] [root/bar_manager.py:103]: Starting SystemEventListener...
2026-10-05 18:57:23,778 [INFO] [MainThread] [root/bar_manager.py:103]: Starting WindowsNotificationEventListener...
2026-10-05 18:57:23,778 [ERROR] [MainThread] [root/widget_builder.py:100]: Failed to add undefined widget(s)  - The widget "ime_mode" is undefined.
2026-10-05 18:57:23,778 [INFO] [SystrayHook] [systray_hook/systray_hook.py:193]: Injecting into Explorer (PID: 9832)
2026-10-05 18:57:23,797 [INFO] [Dummy-6] [root/windows_notification.py:161]: Notification service started (WNF_SHEL_NOTIFICATION_TOTAL)
2026-10-05 18:57:23,813 [INFO] [MainThread] [root/watcher.py:65]: Watching directory: c:\users\usuario\.config\yasb
2026-10-05 18:57:23,813 [INFO] [MainThread] [root/watcher.py:104]: Created file watcher
2026-10-05 18:57:23,835 [INFO] [MainThread] [root/update_service.py:434]: Background update checker started
2026-10-05 18:57:32,860 [INFO] [MainThread] [root/controller.py:21]: Reloading Application because of config change.
2026-10-05 18:57:32,966 [INFO] [MainThread] [cli_server/cli_server.py:114]: Log pipe server stopped
2026-10-05 18:57:32,972 [INFO] [MainThread] [root/bar_manager.py:93]: Successfully loaded updated config and re-initialised all bars.
2026-10-05 18:57:33,024 [INFO] [MainThread] [root/bar_manager.py:119]: Stopping SystemEventListener...
2026-10-05 18:57:33,026 [INFO] [MainThread] [root/bar_manager.py:119]: Stopping WindowsNotificationEventListener...
2026-10-05 18:57:33,026 [INFO] [Dummy-6] [root/windows_notification.py:97]: Notification service stopped
2026-10-05 18:57:33,488 [INFO] [MainThread] [root/log.py:103]: YASB v2.0.7
2026-10-05 18:57:33,488 [INFO] [CLIPipeServer] [cli_server/cli_server.py:216]: CLI server started v1.1.7
2026-10-05 18:57:33,488 [INFO] [MainThread] [cli_server/cli_server.py:106]: Log pipe server started
2026-10-05 18:57:34,055 [INFO] [MainThread] [root/service.py:52]: AudioOutputService starting...
2026-10-05 18:57:34,144 [INFO] [MainThread] [root/bar_manager.py:103]: Starting WindowsNotificationEventListener...
2026-10-05 18:57:34,145 [INFO] [MainThread] [root/bar_manager.py:103]: Starting SystemEventListener...
2026-10-05 18:57:34,148 [INFO] [MainThread] [root/watcher.py:65]: Watching directory: c:\users\usuario\.config\yasb
2026-10-05 18:57:34,149 [INFO] [MainThread] [root/watcher.py:104]: Created file watcher
2026-10-05 18:57:34,151 [INFO] [SystrayHook] [systray_hook/systray_hook.py:193]: Injecting into Explorer (PID: 9832)
2026-10-05 18:57:34,170 [INFO] [MainThread] [root/update_service.py:434]: Background update checker started
2026-10-05 18:57:34,174 [INFO] [Dummy-8] [root/windows_notification.py:161]: Notification service started (WNF_SHEL_NOTIFICATION_TOTAL)
2026-10-05 18:58:57,785 [INFO] [MainThread] [root/controller.py:21]: Reloading Application because of config change.
2026-10-05 18:58:57,891 [INFO] [MainThread] [cli_server/cli_server.py:114]: Log pipe server stopped
2026-10-05 18:58:57,898 [INFO] [MainThread] [root/bar_manager.py:93]: Successfully loaded updated config and re-initialised all bars.
2026-10-05 18:58:57,955 [INFO] [MainThread] [root/bar_manager.py:119]: Stopping WindowsNotificationEventListener...
2026-10-05 18:58:57,955 [INFO] [Dummy-8] [root/windows_notification.py:97]: Notification service stopped
2026-10-05 18:58:57,957 [INFO] [MainThread] [root/bar_manager.py:119]: Stopping SystemEventListener...
2026-10-05 18:58:58,396 [INFO] [MainThread] [root/log.py:103]: YASB v2.0.7
2026-10-05 18:58:58,396 [INFO] [CLIPipeServer] [cli_server/cli_server.py:216]: CLI server started v1.1.7
2026-10-05 18:58:58,397 [INFO] [MainThread] [cli_server/cli_server.py:106]: Log pipe server started
2026-10-05 18:58:58,882 [WARNING] [MainThread] [root/widget_builder.py:39]: No widget config could be found for widget 'ime_mode
2026-10-05 18:58:58,977 [INFO] [MainThread] [root/service.py:52]: AudioOutputService starting...
2026-10-05 18:58:59,067 [INFO] [MainThread] [root/bar_manager.py:103]: Starting SystemEventListener...
2026-10-05 18:58:59,068 [INFO] [MainThread] [root/bar_manager.py:103]: Starting WindowsNotificationEventListener...
2026-10-05 18:58:59,068 [INFO] [SystrayHook] [systray_hook/systray_hook.py:193]: Injecting into Explorer (PID: 9832)
2026-10-05 18:58:59,068 [ERROR] [MainThread] [root/widget_builder.py:100]: Failed to add undefined widget(s)  - The widget "ime_mode" is undefined.
2026-10-05 18:58:59,090 [INFO] [Dummy-6] [root/windows_notification.py:161]: Notification service started (WNF_SHEL_NOTIFICATION_TOTAL)
2026-10-05 18:58:59,106 [INFO] [MainThread] [root/watcher.py:65]: Watching directory: c:\users\usuario\.config\yasb
2026-10-05 18:58:59,106 [INFO] [MainThread] [root/watcher.py:104]: Created file watcher
2026-10-05 18:58:59,128 [INFO] [MainThread] [root/update_service.py:434]: Background update checker started
2026-10-05 18:59:12,212 [INFO] [MainThread] [root/controller.py:21]: Reloading Application because of config change.
2026-10-05 18:59:12,326 [INFO] [MainThread] [cli_server/cli_server.py:114]: Log pipe server stopped
2026-10-05 18:59:12,332 [INFO] [MainThread] [root/bar_manager.py:93]: Successfully loaded updated config and re-initialised all bars.
2026-10-05 18:59:12,397 [INFO] [MainThread] [root/bar_manager.py:119]: Stopping SystemEventListener...
2026-10-05 18:59:12,400 [INFO] [MainThread] [root/bar_manager.py:119]: Stopping WindowsNotificationEventListener...
2026-10-05 18:59:12,401 [INFO] [Dummy-6] [root/windows_notification.py:97]: Notification service stopped
2026-10-05 18:59:12,845 [INFO] [MainThread] [root/log.py:103]: YASB v2.0.7
2026-10-05 18:59:12,846 [INFO] [CLIPipeServer] [cli_server/cli_server.py:216]: CLI server started v1.1.7
2026-10-05 18:59:12,846 [INFO] [MainThread] [cli_server/cli_server.py:106]: Log pipe server started
2026-10-05 18:59:13,422 [INFO] [MainThread] [root/service.py:52]: AudioOutputService starting...
2026-10-05 18:59:13,488 [INFO] [SystrayHook] [systray_hook/systray_hook.py:193]: Injecting into Explorer (PID: 9832)
2026-10-05 18:59:13,514 [INFO] [MainThread] [root/bar_manager.py:103]: Starting WindowsNotificationEventListener...
2026-10-05 18:59:13,515 [INFO] [MainThread] [root/bar_manager.py:103]: Starting SystemEventListener...
2026-10-05 18:59:13,519 [INFO] [MainThread] [root/watcher.py:65]: Watching directory: c:\users\usuario\.config\yasb
2026-10-05 18:59:13,519 [INFO] [MainThread] [root/watcher.py:104]: Created file watcher
2026-10-05 18:59:13,547 [INFO] [MainThread] [root/update_service.py:434]: Background update checker started
2026-10-05 18:59:13,553 [INFO] [Dummy-8] [root/windows_notification.py:161]: Notification service started (WNF_SHEL_NOTIFICATION_TOTAL)
2026-10-05 19:01:22,163 [INFO] [MainThread] [root/controller.py:21]: Reloading Application because of config change.
2026-10-05 19:01:22,269 [INFO] [MainThread] [cli_server/cli_server.py:114]: Log pipe server stopped
2026-10-05 19:01:22,276 [INFO] [MainThread] [root/bar_manager.py:93]: Successfully loaded updated config and re-initialised all bars.
2026-10-05 19:01:22,326 [INFO] [MainThread] [root/bar_manager.py:119]: Stopping WindowsNotificationEventListener...
2026-10-05 19:01:22,327 [INFO] [Dummy-8] [root/windows_notification.py:97]: Notification service stopped
2026-10-05 19:01:22,328 [INFO] [MainThread] [root/bar_manager.py:119]: Stopping SystemEventListener...
2026-10-05 19:01:22,781 [INFO] [MainThread] [root/log.py:103]: YASB v2.0.7
2026-10-05 19:01:22,781 [INFO] [CLIPipeServer] [cli_server/cli_server.py:216]: CLI server started v1.1.7
2026-10-05 19:01:22,781 [INFO] [MainThread] [cli_server/cli_server.py:106]: Log pipe server started
2026-10-05 19:01:23,381 [INFO] [MainThread] [root/service.py:52]: AudioOutputService starting...
2026-10-05 19:01:23,447 [INFO] [SystrayHook] [systray_hook/systray_hook.py:193]: Injecting into Explorer (PID: 9832)
2026-10-05 19:01:23,480 [INFO] [MainThread] [root/bar_manager.py:103]: Starting WindowsNotificationEventListener...
2026-10-05 19:01:23,481 [INFO] [MainThread] [root/bar_manager.py:103]: Starting SystemEventListener...
2026-10-05 19:01:23,484 [INFO] [MainThread] [root/watcher.py:65]: Watching directory: c:\users\usuario\.config\yasb
2026-10-05 19:01:23,485 [INFO] [MainThread] [root/watcher.py:104]: Created file watcher
2026-10-05 19:01:23,509 [INFO] [MainThread] [root/update_service.py:434]: Background update checker started
2026-10-05 19:01:23,518 [INFO] [Dummy-8] [root/windows_notification.py:161]: Notification service started (WNF_SHEL_NOTIFICATION_TOTAL)
2026-10-05 19:05:12,114 [INFO] [MainThread] [root/controller.py:21]: Reloading Application because of config change.
2026-10-05 19:05:12,216 [INFO] [MainThread] [cli_server/cli_server.py:114]: Log pipe server stopped
2026-10-05 19:05:12,223 [INFO] [MainThread] [root/bar_manager.py:93]: Successfully loaded updated config and re-initialised all bars.
2026-10-05 19:05:12,289 [INFO] [MainThread] [root/bar_manager.py:119]: Stopping WindowsNotificationEventListener...
2026-10-05 19:05:12,290 [INFO] [Dummy-8] [root/windows_notification.py:97]: Notification service stopped
2026-10-05 19:05:12,292 [INFO] [MainThread] [root/bar_manager.py:119]: Stopping SystemEventListener...
2026-10-05 19:05:12,773 [INFO] [MainThread] [root/log.py:103]: YASB v2.0.7
2026-10-05 19:05:12,774 [INFO] [CLIPipeServer] [cli_server/cli_server.py:216]: CLI server started v1.1.7
2026-10-05 19:05:12,775 [INFO] [MainThread] [cli_server/cli_server.py:106]: Log pipe server started
2026-10-05 19:05:13,381 [INFO] [MainThread] [root/service.py:52]: AudioOutputService starting...
2026-10-05 19:05:13,450 [INFO] [SystrayHook] [systray_hook/systray_hook.py:193]: Injecting into Explorer (PID: 9832)
2026-10-05 19:05:13,490 [INFO] [MainThread] [root/bar_manager.py:103]: Starting SystemEventListener...
2026-10-05 19:05:13,490 [INFO] [MainThread] [root/bar_manager.py:103]: Starting WindowsNotificationEventListener...
2026-10-05 19:05:13,495 [INFO] [MainThread] [root/watcher.py:65]: Watching directory: c:\users\usuario\.config\yasb
2026-10-05 19:05:13,495 [INFO] [MainThread] [root/watcher.py:104]: Created file watcher
2026-10-05 19:05:13,517 [INFO] [MainThread] [root/update_service.py:434]: Background update checker started
2026-10-05 19:05:13,524 [INFO] [Dummy-9] [root/windows_notification.py:161]: Notification service started (WNF_SHEL_NOTIFICATION_TOTAL)
2026-10-05 19:11:20,434 [INFO] [MainThread] [root/bar_helper.py:578]: AppBarManager need to re-register 1 bar
2026-10-05 19:11:20,449 [INFO] [MainThread] [root/bar_helper.py:587]: Re-registered AppBar for primary-bar_Odyssey G5_ae14ba62 (space reservation + fullscreen)
2026-10-05 19:11:22,007 [INFO] [SystrayHook] [systray_hook/systray_hook.py:193]: Injecting into Explorer (PID: 5116)
2026-10-05 19:11:31,156 [INFO] [MainThread] [root/controller.py:21]: Reloading Application because of config change.
2026-10-05 19:11:31,265 [INFO] [MainThread] [cli_server/cli_server.py:114]: Log pipe server stopped
2026-10-05 19:11:31,272 [INFO] [MainThread] [root/bar_manager.py:93]: Successfully loaded updated config and re-initialised all bars.
2026-10-05 19:11:31,320 [INFO] [MainThread] [root/bar_manager.py:119]: Stopping SystemEventListener...
2026-10-05 19:11:31,323 [INFO] [MainThread] [root/bar_manager.py:119]: Stopping WindowsNotificationEventListener...
2026-10-05 19:11:31,323 [INFO] [Dummy-9] [root/windows_notification.py:97]: Notification service stopped
2026-10-05 19:11:31,810 [INFO] [MainThread] [root/log.py:103]: YASB v2.0.7
2026-10-05 19:11:31,810 [INFO] [CLIPipeServer] [cli_server/cli_server.py:216]: CLI server started v1.1.7
2026-10-05 19:11:31,810 [INFO] [MainThread] [cli_server/cli_server.py:106]: Log pipe server started
2026-10-05 19:11:32,379 [INFO] [MainThread] [root/service.py:52]: AudioOutputService starting...
2026-10-05 19:11:32,400 [INFO] [SystrayHook] [systray_hook/systray_hook.py:193]: Injecting into Explorer (PID: 5116)
2026-10-05 19:11:32,466 [INFO] [MainThread] [root/bar_manager.py:103]: Starting SystemEventListener...
2026-10-05 19:11:32,466 [INFO] [MainThread] [root/bar_manager.py:103]: Starting WindowsNotificationEventListener...
2026-10-05 19:11:32,469 [INFO] [MainThread] [root/watcher.py:65]: Watching directory: c:\users\usuario\.config\yasb
2026-10-05 19:11:32,469 [INFO] [MainThread] [root/watcher.py:104]: Created file watcher
2026-10-05 19:11:32,489 [INFO] [MainThread] [root/update_service.py:434]: Background update checker started
2026-10-05 19:11:32,492 [INFO] [Dummy-9] [root/windows_notification.py:161]: Notification service started (WNF_SHEL_NOTIFICATION_TOTAL)
2026-10-05 19:14:55,349 [INFO] [MainThread] [root/controller.py:21]: Reloading Application because of config change.
2026-10-05 19:14:55,451 [INFO] [MainThread] [cli_server/cli_server.py:114]: Log pipe server stopped
2026-10-05 19:14:55,458 [INFO] [MainThread] [root/bar_manager.py:93]: Successfully loaded updated config and re-initialised all bars.
2026-10-05 19:14:55,510 [INFO] [MainThread] [root/bar_manager.py:119]: Stopping SystemEventListener...
2026-10-05 19:14:55,512 [INFO] [MainThread] [root/bar_manager.py:119]: Stopping WindowsNotificationEventListener...
2026-10-05 19:14:55,512 [INFO] [Dummy-9] [root/windows_notification.py:97]: Notification service stopped
2026-10-05 19:14:56,042 [INFO] [MainThread] [root/log.py:103]: YASB v2.0.7
2026-10-05 19:14:56,042 [INFO] [CLIPipeServer] [cli_server/cli_server.py:216]: CLI server started v1.1.7
2026-10-05 19:14:56,043 [INFO] [MainThread] [cli_server/cli_server.py:106]: Log pipe server started
2026-10-05 19:14:56,644 [INFO] [MainThread] [root/service.py:52]: AudioOutputService starting...
2026-10-05 19:14:56,663 [INFO] [SystrayHook] [systray_hook/systray_hook.py:193]: Injecting into Explorer (PID: 5116)
2026-10-05 19:14:56,738 [INFO] [MainThread] [root/bar_manager.py:103]: Starting WindowsNotificationEventListener...
2026-10-05 19:14:56,739 [INFO] [MainThread] [root/bar_manager.py:103]: Starting SystemEventListener...
2026-10-05 19:14:56,742 [INFO] [MainThread] [root/watcher.py:65]: Watching directory: c:\users\usuario\.config\yasb
2026-10-05 19:14:56,742 [INFO] [MainThread] [root/watcher.py:104]: Created file watcher
2026-10-05 19:14:56,763 [INFO] [MainThread] [root/update_service.py:434]: Background update checker started
2026-10-05 19:14:56,767 [INFO] [Dummy-9] [root/windows_notification.py:161]: Notification service started (WNF_SHEL_NOTIFICATION_TOTAL)
2026-10-05 19:17:03,553 [INFO] [MainThread] [root/bar_manager.py:119]: Stopping WindowsNotificationEventListener...
2026-10-05 19:17:03,554 [INFO] [Dummy-9] [root/windows_notification.py:97]: Notification service stopped
2026-10-05 19:17:03,563 [INFO] [MainThread] [root/bar_manager.py:119]: Stopping SystemEventListener...
2026-10-05 19:17:56,094 [INFO] [MainThread] [root/log.py:103]: YASB v2.0.7
2026-10-05 19:17:56,095 [INFO] [CLIPipeServer] [cli_server/cli_server.py:216]: CLI server started v1.1.7
2026-10-05 19:17:56,095 [INFO] [MainThread] [cli_server/cli_server.py:106]: Log pipe server started
2026-10-05 19:17:57,137 [INFO] [MainThread] [root/service.py:52]: AudioOutputService starting...
2026-10-05 19:17:57,153 [INFO] [SystrayHook] [systray_hook/systray_hook.py:193]: Injecting into Explorer (PID: 11364)
2026-10-05 19:17:57,231 [INFO] [MainThread] [root/bar_manager.py:103]: Starting SystemEventListener...
2026-10-05 19:17:57,231 [INFO] [MainThread] [root/bar_manager.py:103]: Starting WindowsNotificationEventListener...
2026-10-05 19:17:57,234 [INFO] [MainThread] [root/watcher.py:65]: Watching directory: c:\users\usuario\.config\yasb
2026-10-05 19:17:57,234 [INFO] [MainThread] [root/watcher.py:104]: Created file watcher
2026-10-05 19:17:57,264 [INFO] [MainThread] [root/update_service.py:434]: Background update checker started
2026-10-05 19:17:57,264 [INFO] [Dummy-9] [root/windows_notification.py:161]: Notification service started (WNF_SHEL_NOTIFICATION_TOTAL)
2026-10-05 19:21:08,868 [INFO] [MainThread] [root/controller.py:21]: Reloading Application because of config change.
2026-10-05 19:21:08,982 [INFO] [MainThread] [cli_server/cli_server.py:114]: Log pipe server stopped
2026-10-05 19:21:08,989 [INFO] [MainThread] [root/bar_manager.py:93]: Successfully loaded updated config and re-initialised all bars.
2026-10-05 19:21:09,033 [INFO] [MainThread] [root/bar_manager.py:119]: Stopping SystemEventListener...
2026-10-05 19:21:09,036 [INFO] [MainThread] [root/bar_manager.py:119]: Stopping WindowsNotificationEventListener...
2026-10-05 19:21:09,036 [INFO] [Dummy-9] [root/windows_notification.py:97]: Notification service stopped
2026-10-05 19:21:09,462 [INFO] [MainThread] [root/log.py:103]: YASB v2.0.7
2026-10-05 19:21:09,462 [INFO] [CLIPipeServer] [cli_server/cli_server.py:216]: CLI server started v1.1.7
2026-10-05 19:21:09,463 [INFO] [MainThread] [cli_server/cli_server.py:106]: Log pipe server started
2026-10-05 19:21:09,972 [WARNING] [MainThread] [root/widget_builder.py:39]: No widget config could be found for widget 'ime_mode
2026-10-05 19:21:10,046 [INFO] [MainThread] [root/service.py:52]: AudioOutputService starting...
2026-10-05 19:21:10,098 [INFO] [SystrayHook] [systray_hook/systray_hook.py:193]: Injecting into Explorer (PID: 11364)
2026-10-05 19:21:10,139 [INFO] [MainThread] [root/bar_manager.py:103]: Starting WindowsNotificationEventListener...
2026-10-05 19:21:10,140 [INFO] [MainThread] [root/bar_manager.py:103]: Starting SystemEventListener...
2026-10-05 19:21:10,140 [ERROR] [MainThread] [root/widget_builder.py:100]: Failed to add undefined widget(s)  - The widget "ime_mode" is undefined.
2026-10-05 19:21:10,161 [INFO] [Dummy-6] [root/windows_notification.py:161]: Notification service started (WNF_SHEL_NOTIFICATION_TOTAL)
2026-10-05 19:21:10,176 [INFO] [MainThread] [root/watcher.py:65]: Watching directory: c:\users\usuario\.config\yasb
2026-10-05 19:21:10,177 [INFO] [MainThread] [root/watcher.py:104]: Created file watcher
2026-10-05 19:21:10,198 [INFO] [MainThread] [root/update_service.py:434]: Background update checker started
2026-10-05 19:21:18,832 [INFO] [MainThread] [root/controller.py:21]: Reloading Application because of config change.
2026-10-05 19:21:18,938 [INFO] [MainThread] [cli_server/cli_server.py:114]: Log pipe server stopped
2026-10-05 19:21:18,945 [INFO] [MainThread] [root/bar_manager.py:93]: Successfully loaded updated config and re-initialised all bars.
2026-10-05 19:21:18,987 [INFO] [MainThread] [root/bar_manager.py:119]: Stopping WindowsNotificationEventListener...
2026-10-05 19:21:18,988 [INFO] [Dummy-6] [root/windows_notification.py:97]: Notification service stopped
2026-10-05 19:21:18,990 [INFO] [MainThread] [root/bar_manager.py:119]: Stopping SystemEventListener...
2026-10-05 19:21:19,410 [INFO] [MainThread] [root/log.py:103]: YASB v2.0.7
2026-10-05 19:21:19,411 [INFO] [CLIPipeServer] [cli_server/cli_server.py:216]: CLI server started v1.1.7
2026-10-05 19:21:19,411 [INFO] [MainThread] [cli_server/cli_server.py:106]: Log pipe server started
2026-10-05 19:21:19,969 [INFO] [MainThread] [root/service.py:52]: AudioOutputService starting...
2026-10-05 19:21:20,022 [INFO] [SystrayHook] [systray_hook/systray_hook.py:193]: Injecting into Explorer (PID: 11364)
2026-10-05 19:21:20,056 [INFO] [MainThread] [root/bar_manager.py:103]: Starting WindowsNotificationEventListener...
2026-10-05 19:21:20,056 [INFO] [MainThread] [root/bar_manager.py:103]: Starting SystemEventListener...
2026-10-05 19:21:20,060 [INFO] [MainThread] [root/watcher.py:65]: Watching directory: c:\users\usuario\.config\yasb
2026-10-05 19:21:20,061 [INFO] [MainThread] [root/watcher.py:104]: Created file watcher
2026-10-05 19:21:20,084 [INFO] [MainThread] [root/update_service.py:434]: Background update checker started
2026-10-05 19:21:20,090 [INFO] [Dummy-8] [root/windows_notification.py:161]: Notification service started (WNF_SHEL_NOTIFICATION_TOTAL)
2026-10-05 19:31:47,384 [INFO] [MainThread] [root/controller.py:21]: Reloading Application because of config change.
2026-10-05 19:31:47,487 [INFO] [MainThread] [cli_server/cli_server.py:114]: Log pipe server stopped
2026-10-05 19:31:47,494 [INFO] [MainThread] [root/bar_manager.py:93]: Successfully loaded updated config and re-initialised all bars.
2026-10-05 19:31:47,552 [INFO] [MainThread] [root/bar_manager.py:119]: Stopping WindowsNotificationEventListener...
2026-10-05 19:31:47,553 [INFO] [Dummy-8] [root/windows_notification.py:97]: Notification service stopped
2026-10-05 19:31:47,555 [INFO] [MainThread] [root/bar_manager.py:119]: Stopping SystemEventListener...
2026-10-05 19:31:48,007 [INFO] [MainThread] [root/log.py:103]: YASB v2.0.7
2026-10-05 19:31:48,007 [INFO] [CLIPipeServer] [cli_server/cli_server.py:216]: CLI server started v1.1.7
2026-10-05 19:31:48,007 [INFO] [MainThread] [cli_server/cli_server.py:106]: Log pipe server started
2026-10-05 19:31:48,492 [WARNING] [MainThread] [root/widget_builder.py:39]: No widget config could be found for widget 'ime_indicator
2026-10-05 19:31:48,565 [INFO] [MainThread] [root/service.py:52]: AudioOutputService starting...
2026-10-05 19:31:48,615 [INFO] [SystrayHook] [systray_hook/systray_hook.py:193]: Injecting into Explorer (PID: 11364)
2026-10-05 19:31:48,685 [INFO] [MainThread] [root/bar_manager.py:103]: Starting SystemEventListener...
2026-10-05 19:31:48,686 [INFO] [MainThread] [root/bar_manager.py:103]: Starting WindowsNotificationEventListener...
2026-10-05 19:31:48,686 [ERROR] [MainThread] [root/widget_builder.py:100]: Failed to add undefined widget(s)  - The widget "ime_indicator" is undefined.
2026-10-05 19:31:48,701 [INFO] [Dummy-6] [root/windows_notification.py:161]: Notification service started (WNF_SHEL_NOTIFICATION_TOTAL)
2026-10-05 19:31:48,715 [INFO] [MainThread] [root/watcher.py:65]: Watching directory: c:\users\usuario\.config\yasb
2026-10-05 19:31:48,715 [INFO] [MainThread] [root/watcher.py:104]: Created file watcher
2026-10-05 19:31:48,737 [INFO] [MainThread] [root/update_service.py:434]: Background update checker started
2026-10-05 19:32:05,728 [INFO] [MainThread] [root/controller.py:21]: Reloading Application because of config change.
2026-10-05 19:32:05,839 [INFO] [MainThread] [cli_server/cli_server.py:114]: Log pipe server stopped
2026-10-05 19:32:05,845 [INFO] [MainThread] [root/bar_manager.py:93]: Successfully loaded updated config and re-initialised all bars.
2026-10-05 19:32:05,902 [INFO] [MainThread] [root/bar_manager.py:119]: Stopping SystemEventListener...
2026-10-05 19:32:05,903 [INFO] [MainThread] [root/bar_manager.py:119]: Stopping WindowsNotificationEventListener...
2026-10-05 19:32:05,904 [INFO] [Dummy-6] [root/windows_notification.py:97]: Notification service stopped
2026-10-05 19:32:06,372 [INFO] [MainThread] [root/log.py:103]: YASB v2.0.7
2026-10-05 19:32:06,372 [INFO] [CLIPipeServer] [cli_server/cli_server.py:216]: CLI server started v1.1.7
2026-10-05 19:32:06,373 [INFO] [MainThread] [cli_server/cli_server.py:106]: Log pipe server started
2026-10-05 19:32:06,956 [INFO] [MainThread] [root/service.py:52]: AudioOutputService starting...
2026-10-05 19:32:07,008 [INFO] [SystrayHook] [systray_hook/systray_hook.py:193]: Injecting into Explorer (PID: 11364)
2026-10-05 19:32:07,043 [INFO] [MainThread] [root/bar_manager.py:103]: Starting SystemEventListener...
2026-10-05 19:32:07,044 [INFO] [MainThread] [root/bar_manager.py:103]: Starting WindowsNotificationEventListener...
2026-10-05 19:32:07,048 [INFO] [MainThread] [root/watcher.py:65]: Watching directory: c:\users\usuario\.config\yasb
2026-10-05 19:32:07,049 [INFO] [MainThread] [root/watcher.py:104]: Created file watcher
2026-10-05 19:32:07,074 [INFO] [MainThread] [root/update_service.py:434]: Background update checker started
2026-10-05 19:32:07,078 [INFO] [Dummy-8] [root/windows_notification.py:161]: Notification service started (WNF_SHEL_NOTIFICATION_TOTAL)
2026-10-05 19:32:14,195 [INFO] [MainThread] [root/controller.py:21]: Reloading Application because of config change.
2026-10-05 19:32:14,300 [INFO] [MainThread] [cli_server/cli_server.py:114]: Log pipe server stopped
2026-10-05 19:32:14,306 [INFO] [MainThread] [root/bar_manager.py:93]: Successfully loaded updated config and re-initialised all bars.
2026-10-05 19:32:14,370 [INFO] [MainThread] [root/bar_manager.py:119]: Stopping SystemEventListener...
2026-10-05 19:32:14,372 [INFO] [MainThread] [root/bar_manager.py:119]: Stopping WindowsNotificationEventListener...
2026-10-05 19:32:14,373 [INFO] [Dummy-8] [root/windows_notification.py:97]: Notification service stopped
2026-10-05 19:32:14,783 [INFO] [MainThread] [root/log.py:103]: YASB v2.0.7
2026-10-05 19:32:14,784 [INFO] [CLIPipeServer] [cli_server/cli_server.py:216]: CLI server started v1.1.7
2026-10-05 19:32:14,784 [INFO] [MainThread] [cli_server/cli_server.py:106]: Log pipe server started
2026-10-05 19:32:15,260 [WARNING] [MainThread] [root/widget_builder.py:39]: No widget config could be found for widget 'ime_indicator
2026-10-05 19:32:15,329 [INFO] [MainThread] [root/service.py:52]: AudioOutputService starting...
2026-10-05 19:32:15,380 [INFO] [SystrayHook] [systray_hook/systray_hook.py:193]: Injecting into Explorer (PID: 11364)
2026-10-05 19:32:15,423 [INFO] [MainThread] [root/bar_manager.py:103]: Starting SystemEventListener...
2026-10-05 19:32:15,424 [INFO] [MainThread] [root/bar_manager.py:103]: Starting WindowsNotificationEventListener...
2026-10-05 19:32:15,425 [ERROR] [MainThread] [root/widget_builder.py:100]: Failed to add undefined widget(s)  - The widget "ime_indicator" is undefined.
2026-10-05 19:32:15,446 [INFO] [Dummy-6] [root/windows_notification.py:161]: Notification service started (WNF_SHEL_NOTIFICATION_TOTAL)
2026-10-05 19:32:15,479 [INFO] [MainThread] [root/watcher.py:65]: Watching directory: c:\users\usuario\.config\yasb
2026-10-05 19:32:15,479 [INFO] [MainThread] [root/watcher.py:104]: Created file watcher
2026-10-05 19:32:15,513 [INFO] [MainThread] [root/update_service.py:434]: Background update checker started
2026-10-05 19:32:30,601 [INFO] [MainThread] [root/controller.py:21]: Reloading Application because of config change.
2026-10-05 19:32:30,703 [INFO] [MainThread] [cli_server/cli_server.py:114]: Log pipe server stopped
2026-10-05 19:32:30,709 [INFO] [MainThread] [root/bar_manager.py:93]: Successfully loaded updated config and re-initialised all bars.
2026-10-05 19:32:30,769 [INFO] [MainThread] [root/bar_manager.py:119]: Stopping SystemEventListener...
2026-10-05 19:32:30,770 [INFO] [MainThread] [root/bar_manager.py:119]: Stopping WindowsNotificationEventListener...
2026-10-05 19:32:30,771 [INFO] [Dummy-6] [root/windows_notification.py:97]: Notification service stopped
2026-10-05 19:32:31,219 [INFO] [MainThread] [root/log.py:103]: YASB v2.0.7
2026-10-05 19:32:31,220 [INFO] [CLIPipeServer] [cli_server/cli_server.py:216]: CLI server started v1.1.7
2026-10-05 19:32:31,220 [INFO] [MainThread] [cli_server/cli_server.py:106]: Log pipe server started
2026-10-05 19:32:31,769 [INFO] [MainThread] [root/service.py:52]: AudioOutputService starting...
2026-10-05 19:32:31,822 [INFO] [SystrayHook] [systray_hook/systray_hook.py:193]: Injecting into Explorer (PID: 11364)
2026-10-05 19:32:31,860 [INFO] [MainThread] [root/bar_manager.py:103]: Starting WindowsNotificationEventListener...
2026-10-05 19:32:31,861 [INFO] [MainThread] [root/bar_manager.py:103]: Starting SystemEventListener...
2026-10-05 19:32:31,865 [INFO] [MainThread] [root/watcher.py:65]: Watching directory: c:\users\usuario\.config\yasb
2026-10-05 19:32:31,865 [INFO] [MainThread] [root/watcher.py:104]: Created file watcher
2026-10-05 19:32:31,888 [INFO] [MainThread] [root/update_service.py:434]: Background update checker started
2026-10-05 19:32:31,893 [INFO] [Dummy-8] [root/windows_notification.py:161]: Notification service started (WNF_SHEL_NOTIFICATION_TOTAL)
2026-10-05 19:34:15,228 [INFO] [MainThread] [root/controller.py:21]: Reloading Application because of config change.
2026-10-05 19:34:15,329 [INFO] [MainThread] [cli_server/cli_server.py:114]: Log pipe server stopped
2026-10-05 19:34:15,335 [INFO] [MainThread] [root/bar_manager.py:93]: Successfully loaded updated config and re-initialised all bars.
2026-10-05 19:34:15,390 [INFO] [MainThread] [root/bar_manager.py:119]: Stopping WindowsNotificationEventListener...
2026-10-05 19:34:15,392 [INFO] [Dummy-8] [root/windows_notification.py:97]: Notification service stopped
2026-10-05 19:34:15,394 [INFO] [MainThread] [root/bar_manager.py:119]: Stopping SystemEventListener...
2026-10-05 19:34:15,834 [INFO] [MainThread] [root/log.py:103]: YASB v2.0.7
2026-10-05 19:34:15,834 [INFO] [CLIPipeServer] [cli_server/cli_server.py:216]: CLI server started v1.1.7
2026-10-05 19:34:15,835 [INFO] [MainThread] [cli_server/cli_server.py:106]: Log pipe server started
2026-10-05 19:34:16,311 [WARNING] [MainThread] [root/widget_builder.py:39]: No widget config could be found for widget 'ime_indicator
2026-10-05 19:34:16,373 [INFO] [MainThread] [root/service.py:52]: AudioOutputService starting...
2026-10-05 19:34:16,428 [INFO] [SystrayHook] [systray_hook/systray_hook.py:193]: Injecting into Explorer (PID: 11364)
2026-10-05 19:34:16,467 [INFO] [MainThread] [root/bar_manager.py:103]: Starting WindowsNotificationEventListener...
2026-10-05 19:34:16,468 [INFO] [MainThread] [root/bar_manager.py:103]: Starting SystemEventListener...
2026-10-05 19:34:16,468 [ERROR] [MainThread] [root/widget_builder.py:100]: Failed to add undefined widget(s)  - The widget "ime_indicator" is undefined.
2026-10-05 19:34:16,489 [INFO] [Dummy-6] [root/windows_notification.py:161]: Notification service started (WNF_SHEL_NOTIFICATION_TOTAL)
2026-10-05 19:34:16,504 [INFO] [MainThread] [root/watcher.py:65]: Watching directory: c:\users\usuario\.config\yasb
2026-10-05 19:34:16,505 [INFO] [MainThread] [root/watcher.py:104]: Created file watcher
2026-10-05 19:34:16,528 [INFO] [MainThread] [root/update_service.py:434]: Background update checker started
2026-10-05 19:34:22,049 [INFO] [MainThread] [root/controller.py:21]: Reloading Application because of config change.
2026-10-05 19:34:22,154 [INFO] [MainThread] [cli_server/cli_server.py:114]: Log pipe server stopped
2026-10-05 19:34:22,161 [INFO] [MainThread] [root/bar_manager.py:93]: Successfully loaded updated config and re-initialised all bars.
2026-10-05 19:34:22,232 [INFO] [MainThread] [root/bar_manager.py:119]: Stopping WindowsNotificationEventListener...
2026-10-05 19:34:22,232 [INFO] [Dummy-6] [root/windows_notification.py:97]: Notification service stopped
2026-10-05 19:34:22,235 [INFO] [MainThread] [root/bar_manager.py:119]: Stopping SystemEventListener...
2026-10-05 19:34:22,721 [INFO] [MainThread] [root/log.py:103]: YASB v2.0.7
2026-10-05 19:34:22,722 [INFO] [CLIPipeServer] [cli_server/cli_server.py:216]: CLI server started v1.1.7
2026-10-05 19:34:22,722 [INFO] [MainThread] [cli_server/cli_server.py:106]: Log pipe server started
2026-10-05 19:34:23,263 [INFO] [MainThread] [root/service.py:52]: AudioOutputService starting...
2026-10-05 19:34:23,316 [INFO] [SystrayHook] [systray_hook/systray_hook.py:193]: Injecting into Explorer (PID: 11364)
2026-10-05 19:34:23,352 [INFO] [MainThread] [root/bar_manager.py:103]: Starting SystemEventListener...
2026-10-05 19:34:23,353 [INFO] [MainThread] [root/bar_manager.py:103]: Starting WindowsNotificationEventListener...
2026-10-05 19:34:23,357 [INFO] [MainThread] [root/watcher.py:65]: Watching directory: c:\users\usuario\.config\yasb
2026-10-05 19:34:23,358 [INFO] [MainThread] [root/watcher.py:104]: Created file watcher
2026-10-05 19:34:23,389 [INFO] [MainThread] [root/update_service.py:434]: Background update checker started
2026-10-05 19:34:23,394 [INFO] [Dummy-8] [root/windows_notification.py:161]: Notification service started (WNF_SHEL_NOTIFICATION_TOTAL)
2026-10-05 19:35:51,015 [INFO] [MainThread] [root/controller.py:21]: Reloading Application because of config change.
2026-10-05 19:35:51,121 [INFO] [MainThread] [cli_server/cli_server.py:114]: Log pipe server stopped
2026-10-05 19:35:51,127 [INFO] [MainThread] [root/bar_manager.py:93]: Successfully loaded updated config and re-initialised all bars.
2026-10-05 19:35:51,186 [INFO] [MainThread] [root/bar_manager.py:119]: Stopping SystemEventListener...
2026-10-05 19:35:51,188 [INFO] [MainThread] [root/bar_manager.py:119]: Stopping WindowsNotificationEventListener...
2026-10-05 19:35:51,189 [INFO] [Dummy-8] [root/windows_notification.py:97]: Notification service stopped
2026-10-05 19:35:51,618 [INFO] [MainThread] [root/log.py:103]: YASB v2.0.7
2026-10-05 19:35:51,619 [INFO] [CLIPipeServer] [cli_server/cli_server.py:216]: CLI server started v1.1.7
2026-10-05 19:35:51,619 [INFO] [MainThread] [cli_server/cli_server.py:106]: Log pipe server started
2026-10-05 19:35:52,094 [WARNING] [MainThread] [root/widget_builder.py:39]: No widget config could be found for widget 'ime_indicator
2026-10-05 19:35:52,164 [INFO] [MainThread] [root/service.py:52]: AudioOutputService starting...
2026-10-05 19:35:52,217 [INFO] [SystrayHook] [systray_hook/systray_hook.py:193]: Injecting into Explorer (PID: 11364)
2026-10-05 19:35:52,256 [INFO] [MainThread] [root/bar_manager.py:103]: Starting SystemEventListener...
2026-10-05 19:35:52,257 [INFO] [MainThread] [root/bar_manager.py:103]: Starting WindowsNotificationEventListener...
2026-10-05 19:35:52,257 [ERROR] [MainThread] [root/widget_builder.py:100]: Failed to add undefined widget(s)  - The widget "ime_indicator" is undefined.
2026-10-05 19:35:52,273 [INFO] [Dummy-6] [root/windows_notification.py:161]: Notification service started (WNF_SHEL_NOTIFICATION_TOTAL)
2026-10-05 19:35:52,288 [INFO] [MainThread] [root/watcher.py:65]: Watching directory: c:\users\usuario\.config\yasb
2026-10-05 19:35:52,288 [INFO] [MainThread] [root/watcher.py:104]: Created file watcher
2026-10-05 19:35:52,305 [INFO] [MainThread] [root/update_service.py:434]: Background update checker started
2026-10-05 19:36:03,312 [INFO] [MainThread] [root/controller.py:21]: Reloading Application because of config change.
2026-10-05 19:36:03,428 [INFO] [MainThread] [cli_server/cli_server.py:114]: Log pipe server stopped
2026-10-05 19:36:03,435 [INFO] [MainThread] [root/bar_manager.py:93]: Successfully loaded updated config and re-initialised all bars.
2026-10-05 19:36:03,492 [INFO] [MainThread] [root/bar_manager.py:119]: Stopping SystemEventListener...
2026-10-05 19:36:03,495 [INFO] [MainThread] [root/bar_manager.py:119]: Stopping WindowsNotificationEventListener...
2026-10-05 19:36:03,496 [INFO] [Dummy-6] [root/windows_notification.py:97]: Notification service stopped
2026-10-05 19:36:03,938 [INFO] [MainThread] [root/log.py:103]: YASB v2.0.7
2026-10-05 19:36:03,939 [INFO] [CLIPipeServer] [cli_server/cli_server.py:216]: CLI server started v1.1.7
2026-10-05 19:36:03,939 [INFO] [MainThread] [cli_server/cli_server.py:106]: Log pipe server started
2026-10-05 19:36:04,483 [INFO] [MainThread] [root/service.py:52]: AudioOutputService starting...
2026-10-05 19:36:04,535 [INFO] [SystrayHook] [systray_hook/systray_hook.py:193]: Injecting into Explorer (PID: 11364)
2026-10-05 19:36:04,573 [INFO] [MainThread] [root/bar_manager.py:103]: Starting WindowsNotificationEventListener...
2026-10-05 19:36:04,574 [INFO] [MainThread] [root/bar_manager.py:103]: Starting SystemEventListener...
2026-10-05 19:36:04,579 [INFO] [MainThread] [root/watcher.py:65]: Watching directory: c:\users\usuario\.config\yasb
2026-10-05 19:36:04,579 [INFO] [MainThread] [root/watcher.py:104]: Created file watcher
2026-10-05 19:36:04,601 [INFO] [MainThread] [root/update_service.py:434]: Background update checker started
2026-10-05 19:36:04,606 [INFO] [Dummy-8] [root/windows_notification.py:161]: Notification service started (WNF_SHEL_NOTIFICATION_TOTAL)
2026-10-05 19:38:43,031 [INFO] [MainThread] [root/controller.py:21]: Reloading Application because of config change.
2026-10-05 19:38:43,138 [INFO] [MainThread] [cli_server/cli_server.py:114]: Log pipe server stopped
2026-10-05 19:38:43,145 [INFO] [MainThread] [root/bar_manager.py:93]: Successfully loaded updated config and re-initialised all bars.
2026-10-05 19:38:43,197 [INFO] [MainThread] [root/bar_manager.py:119]: Stopping WindowsNotificationEventListener...
2026-10-05 19:38:43,198 [INFO] [Dummy-8] [root/windows_notification.py:97]: Notification service stopped
2026-10-05 19:38:43,201 [INFO] [MainThread] [root/bar_manager.py:119]: Stopping SystemEventListener...
2026-10-05 19:38:43,629 [INFO] [MainThread] [root/log.py:103]: YASB v2.0.7
2026-10-05 19:38:43,629 [INFO] [CLIPipeServer] [cli_server/cli_server.py:216]: CLI server started v1.1.7
2026-10-05 19:38:43,630 [INFO] [MainThread] [cli_server/cli_server.py:106]: Log pipe server started
2026-10-05 19:38:44,170 [INFO] [MainThread] [root/service.py:52]: AudioOutputService starting...
2026-10-05 19:38:44,224 [INFO] [SystrayHook] [systray_hook/systray_hook.py:193]: Injecting into Explorer (PID: 11364)
2026-10-05 19:38:44,262 [INFO] [MainThread] [root/bar_manager.py:103]: Starting SystemEventListener...
2026-10-05 19:38:44,264 [INFO] [MainThread] [root/bar_manager.py:103]: Starting WindowsNotificationEventListener...
2026-10-05 19:38:44,268 [INFO] [MainThread] [root/watcher.py:65]: Watching directory: c:\users\usuario\.config\yasb
2026-10-05 19:38:44,269 [INFO] [MainThread] [root/watcher.py:104]: Created file watcher
2026-10-05 19:38:44,293 [INFO] [MainThread] [root/update_service.py:434]: Background update checker started
2026-10-05 19:38:44,296 [INFO] [Dummy-8] [root/windows_notification.py:161]: Notification service started (WNF_SHEL_NOTIFICATION_TOTAL)
2026-10-05 19:39:22,095 [INFO] [MainThread] [root/controller.py:21]: Reloading Application because of config change.
2026-10-05 19:39:22,199 [INFO] [MainThread] [cli_server/cli_server.py:114]: Log pipe server stopped
2026-10-05 19:39:22,206 [INFO] [MainThread] [root/bar_manager.py:93]: Successfully loaded updated config and re-initialised all bars.
2026-10-05 19:39:22,273 [INFO] [MainThread] [root/bar_manager.py:119]: Stopping SystemEventListener...
2026-10-05 19:39:22,275 [INFO] [MainThread] [root/bar_manager.py:119]: Stopping WindowsNotificationEventListener...
2026-10-05 19:39:22,276 [INFO] [Dummy-8] [root/windows_notification.py:97]: Notification service stopped
2026-10-05 19:39:22,707 [INFO] [MainThread] [root/log.py:103]: YASB v2.0.7
2026-10-05 19:39:22,708 [INFO] [CLIPipeServer] [cli_server/cli_server.py:216]: CLI server started v1.1.7
2026-10-05 19:39:22,708 [INFO] [MainThread] [cli_server/cli_server.py:106]: Log pipe server started
2026-10-05 19:39:23,185 [WARNING] [MainThread] [root/widget_builder.py:39]: No widget config could be found for widget 'ime_indicator
2026-10-05 19:39:23,250 [INFO] [MainThread] [root/service.py:52]: AudioOutputService starting...
2026-10-05 19:39:23,303 [INFO] [SystrayHook] [systray_hook/systray_hook.py:193]: Injecting into Explorer (PID: 11364)
2026-10-05 19:39:23,339 [INFO] [MainThread] [root/bar_manager.py:103]: Starting WindowsNotificationEventListener...
2026-10-05 19:39:23,340 [INFO] [MainThread] [root/bar_manager.py:103]: Starting SystemEventListener...
2026-10-05 19:39:23,340 [ERROR] [MainThread] [root/widget_builder.py:100]: Failed to add undefined widget(s)  - The widget "ime_indicator" is undefined.
2026-10-05 19:39:23,359 [INFO] [Dummy-6] [root/windows_notification.py:161]: Notification service started (WNF_SHEL_NOTIFICATION_TOTAL)
2026-10-05 19:39:23,372 [INFO] [MainThread] [root/watcher.py:65]: Watching directory: c:\users\usuario\.config\yasb
2026-10-05 19:39:23,372 [INFO] [MainThread] [root/watcher.py:104]: Created file watcher
2026-10-05 19:39:23,391 [INFO] [MainThread] [root/update_service.py:434]: Background update checker started
2026-10-05 19:40:06,268 [INFO] [MainThread] [root/controller.py:21]: Reloading Application because of config change.
2026-10-05 19:40:06,382 [INFO] [MainThread] [cli_server/cli_server.py:114]: Log pipe server stopped
2026-10-05 19:40:06,389 [INFO] [MainThread] [root/bar_manager.py:93]: Successfully loaded updated config and re-initialised all bars.
2026-10-05 19:40:06,447 [INFO] [MainThread] [root/bar_manager.py:119]: Stopping WindowsNotificationEventListener...
2026-10-05 19:40:06,448 [INFO] [Dummy-6] [root/windows_notification.py:97]: Notification service stopped
2026-10-05 19:40:06,449 [INFO] [MainThread] [root/bar_manager.py:119]: Stopping SystemEventListener...
2026-10-05 19:40:06,905 [INFO] [MainThread] [root/log.py:103]: YASB v2.0.7
2026-10-05 19:40:06,905 [INFO] [CLIPipeServer] [cli_server/cli_server.py:216]: CLI server started v1.1.7
2026-10-05 19:40:06,905 [INFO] [MainThread] [cli_server/cli_server.py:106]: Log pipe server started
2026-10-05 19:40:07,451 [INFO] [MainThread] [root/service.py:52]: AudioOutputService starting...
2026-10-05 19:40:07,504 [INFO] [SystrayHook] [systray_hook/systray_hook.py:193]: Injecting into Explorer (PID: 11364)
2026-10-05 19:40:07,541 [INFO] [MainThread] [root/bar_manager.py:103]: Starting WindowsNotificationEventListener...
2026-10-05 19:40:07,542 [INFO] [MainThread] [root/bar_manager.py:103]: Starting SystemEventListener...
2026-10-05 19:40:07,546 [INFO] [MainThread] [root/watcher.py:65]: Watching directory: c:\users\usuario\.config\yasb
2026-10-05 19:40:07,546 [INFO] [MainThread] [root/watcher.py:104]: Created file watcher
2026-10-05 19:40:07,573 [INFO] [MainThread] [root/update_service.py:434]: Background update checker started
2026-10-05 19:40:07,575 [INFO] [Dummy-8] [root/windows_notification.py:161]: Notification service started (WNF_SHEL_NOTIFICATION_TOTAL)
2026-10-05 19:42:33,222 [INFO] [MainThread] [root/controller.py:21]: Reloading Application because of config change.
2026-10-05 19:42:33,328 [INFO] [MainThread] [cli_server/cli_server.py:114]: Log pipe server stopped
2026-10-05 19:42:33,335 [INFO] [MainThread] [root/bar_manager.py:93]: Successfully loaded updated config and re-initialised all bars.
2026-10-05 19:42:33,393 [INFO] [MainThread] [root/bar_manager.py:119]: Stopping WindowsNotificationEventListener...
2026-10-05 19:42:33,393 [INFO] [Dummy-8] [root/windows_notification.py:97]: Notification service stopped
2026-10-05 19:42:33,396 [INFO] [MainThread] [root/bar_manager.py:119]: Stopping SystemEventListener...
2026-10-05 19:42:33,822 [INFO] [MainThread] [root/log.py:103]: YASB v2.0.7
2026-10-05 19:42:33,823 [INFO] [CLIPipeServer] [cli_server/cli_server.py:216]: CLI server started v1.1.7
2026-10-05 19:42:33,823 [INFO] [MainThread] [cli_server/cli_server.py:106]: Log pipe server started
2026-10-05 19:42:34,365 [INFO] [MainThread] [root/service.py:52]: AudioOutputService starting...
2026-10-05 19:42:34,418 [INFO] [SystrayHook] [systray_hook/systray_hook.py:193]: Injecting into Explorer (PID: 11364)
2026-10-05 19:42:34,460 [INFO] [MainThread] [root/bar_manager.py:103]: Starting SystemEventListener...
2026-10-05 19:42:34,461 [INFO] [MainThread] [root/bar_manager.py:103]: Starting WindowsNotificationEventListener...
2026-10-05 19:42:34,465 [INFO] [MainThread] [root/watcher.py:65]: Watching directory: c:\users\usuario\.config\yasb
2026-10-05 19:42:34,465 [INFO] [MainThread] [root/watcher.py:104]: Created file watcher
2026-10-05 19:42:34,488 [INFO] [MainThread] [root/update_service.py:434]: Background update checker started
2026-10-05 19:42:34,504 [INFO] [Dummy-8] [root/windows_notification.py:161]: Notification service started (WNF_SHEL_NOTIFICATION_TOTAL)
2026-10-05 19:42:47,025 [INFO] [MainThread] [root/controller.py:21]: Reloading Application because of config change.
2026-10-05 19:42:47,130 [INFO] [MainThread] [cli_server/cli_server.py:114]: Log pipe server stopped
2026-10-05 19:42:47,137 [INFO] [MainThread] [root/bar_manager.py:93]: Successfully loaded updated config and re-initialised all bars.
2026-10-05 19:42:47,194 [INFO] [MainThread] [root/bar_manager.py:119]: Stopping SystemEventListener...
2026-10-05 19:42:47,196 [INFO] [MainThread] [root/bar_manager.py:119]: Stopping WindowsNotificationEventListener...
2026-10-05 19:42:47,197 [INFO] [Dummy-8] [root/windows_notification.py:97]: Notification service stopped
2026-10-05 19:42:47,637 [INFO] [MainThread] [root/log.py:103]: YASB v2.0.7
2026-10-05 19:42:47,638 [INFO] [CLIPipeServer] [cli_server/cli_server.py:216]: CLI server started v1.1.7
2026-10-05 19:42:47,638 [INFO] [MainThread] [cli_server/cli_server.py:106]: Log pipe server started
2026-10-05 19:42:48,185 [INFO] [MainThread] [root/service.py:52]: AudioOutputService starting...
2026-10-05 19:42:48,235 [INFO] [SystrayHook] [systray_hook/systray_hook.py:193]: Injecting into Explorer (PID: 11364)
2026-10-05 19:42:48,272 [INFO] [MainThread] [root/bar_manager.py:103]: Starting SystemEventListener...
2026-10-05 19:42:48,273 [INFO] [MainThread] [root/bar_manager.py:103]: Starting WindowsNotificationEventListener...
2026-10-05 19:42:48,273 [ERROR] [MainThread] [root/widget_builder.py:114]: Failed to validate widget(s) due to invalid options  - ime_indicator
      class_name:
      - Field required
      tooltip:
      - Input should be a valid boolean, unable to interpret input
      
2026-10-05 19:42:48,292 [INFO] [Dummy-6] [root/windows_notification.py:161]: Notification service started (WNF_SHEL_NOTIFICATION_TOTAL)
2026-10-05 19:42:48,307 [INFO] [MainThread] [root/watcher.py:65]: Watching directory: c:\users\usuario\.config\yasb
2026-10-05 19:42:48,307 [INFO] [MainThread] [root/watcher.py:104]: Created file watcher
2026-10-05 19:42:48,327 [INFO] [MainThread] [root/update_service.py:434]: Background update checker started
2026-10-05 19:43:12,598 [ERROR] [MainThread] [root/config.py:99]: The config file 'C:\Users\Usuario\.config\yasb\config.yaml' contains validation errors. Please fix:
bars:
  primary-bar:
    widgets:
      right:
        1:
        - Input should be a valid string

2026-10-05 19:43:22,837 [INFO] [MainThread] [root/controller.py:21]: Reloading Application because of config change.
2026-10-05 19:43:22,944 [INFO] [MainThread] [cli_server/cli_server.py:114]: Log pipe server stopped
2026-10-05 19:43:22,953 [INFO] [MainThread] [root/bar_manager.py:93]: Successfully loaded updated config and re-initialised all bars.
2026-10-05 19:43:23,021 [INFO] [MainThread] [root/bar_manager.py:119]: Stopping SystemEventListener...
2026-10-05 19:43:23,022 [INFO] [MainThread] [root/bar_manager.py:119]: Stopping WindowsNotificationEventListener...
2026-10-05 19:43:23,023 [INFO] [Dummy-6] [root/windows_notification.py:97]: Notification service stopped
2026-10-05 19:43:23,439 [INFO] [MainThread] [root/log.py:103]: YASB v2.0.7
2026-10-05 19:43:23,440 [INFO] [CLIPipeServer] [cli_server/cli_server.py:216]: CLI server started v1.1.7
2026-10-05 19:43:23,440 [INFO] [MainThread] [cli_server/cli_server.py:106]: Log pipe server started
2026-10-05 19:43:23,983 [INFO] [MainThread] [root/service.py:52]: AudioOutputService starting...
2026-10-05 19:43:24,038 [INFO] [SystrayHook] [systray_hook/systray_hook.py:193]: Injecting into Explorer (PID: 11364)
2026-10-05 19:43:24,075 [INFO] [MainThread] [root/bar_manager.py:103]: Starting SystemEventListener...
2026-10-05 19:43:24,076 [INFO] [MainThread] [root/bar_manager.py:103]: Starting WindowsNotificationEventListener...
2026-10-05 19:43:24,079 [INFO] [MainThread] [root/watcher.py:65]: Watching directory: c:\users\usuario\.config\yasb
2026-10-05 19:43:24,080 [INFO] [MainThread] [root/watcher.py:104]: Created file watcher
2026-10-05 19:43:24,105 [INFO] [MainThread] [root/update_service.py:434]: Background update checker started
2026-10-05 19:43:24,107 [INFO] [Dummy-8] [root/windows_notification.py:161]: Notification service started (WNF_SHEL_NOTIFICATION_TOTAL)
2026-10-05 19:46:44,321 [INFO] [MainThread] [root/controller.py:21]: Reloading Application because of config change.
2026-10-05 19:46:44,430 [INFO] [MainThread] [cli_server/cli_server.py:114]: Log pipe server stopped
2026-10-05 19:46:44,437 [INFO] [MainThread] [root/bar_manager.py:93]: Successfully loaded updated config and re-initialised all bars.
2026-10-05 19:46:44,494 [INFO] [MainThread] [root/bar_manager.py:119]: Stopping SystemEventListener...
2026-10-05 19:46:44,497 [INFO] [MainThread] [root/bar_manager.py:119]: Stopping WindowsNotificationEventListener...
2026-10-05 19:46:44,497 [INFO] [Dummy-8] [root/windows_notification.py:97]: Notification service stopped
2026-10-05 19:46:44,917 [INFO] [MainThread] [root/log.py:103]: YASB v2.0.7
2026-10-05 19:46:44,917 [INFO] [CLIPipeServer] [cli_server/cli_server.py:216]: CLI server started v1.1.7
2026-10-05 19:46:44,917 [INFO] [MainThread] [cli_server/cli_server.py:106]: Log pipe server started
2026-10-05 19:46:45,483 [INFO] [MainThread] [root/service.py:52]: AudioOutputService starting...
2026-10-05 19:46:45,539 [INFO] [SystrayHook] [systray_hook/systray_hook.py:193]: Injecting into Explorer (PID: 11364)
2026-10-05 19:46:45,590 [INFO] [MainThread] [root/bar_manager.py:103]: Starting SystemEventListener...
2026-10-05 19:46:45,591 [INFO] [MainThread] [root/bar_manager.py:103]: Starting WindowsNotificationEventListener...
2026-10-05 19:46:45,595 [INFO] [MainThread] [root/watcher.py:65]: Watching directory: c:\users\usuario\.config\yasb
2026-10-05 19:46:45,595 [INFO] [MainThread] [root/watcher.py:104]: Created file watcher
2026-10-05 19:46:45,622 [INFO] [MainThread] [root/update_service.py:434]: Background update checker started
2026-10-05 19:46:45,625 [INFO] [Dummy-9] [root/windows_notification.py:161]: Notification service started (WNF_SHEL_NOTIFICATION_TOTAL)
2026-10-05 19:48:37,910 [ERROR] [MainThread] [root/bar_manager.py:80]: Error loading config: while scanning a double-quoted scalar
  in "C:\Users\Usuario\.config\yasb\config.yaml", line 159, column 18
expected escape sequence of 8 hexadecimal numbers, but found 's'
  in "C:\Users\Usuario\.config\yasb\config.yaml", line 159, column 30
2026-10-05 20:02:28,542 [ERROR] [MainThread] [root/bar_manager.py:80]: Error loading config: while scanning a double-quoted scalar
  in "C:\Users\Usuario\.config\yasb\config.yaml", line 158, column 18
expected escape sequence of 8 hexadecimal numbers, but found 's'
  in "C:\Users\Usuario\.config\yasb\config.yaml", line 158, column 30
2026-10-05 20:02:49,712 [INFO] [MainThread] [root/controller.py:21]: Reloading Application because of config change.
2026-10-05 20:02:49,821 [INFO] [MainThread] [cli_server/cli_server.py:114]: Log pipe server stopped
2026-10-05 20:02:49,828 [INFO] [MainThread] [root/bar_manager.py:93]: Successfully loaded updated config and re-initialised all bars.
2026-10-05 20:02:49,884 [INFO] [MainThread] [root/bar_manager.py:119]: Stopping SystemEventListener...
2026-10-05 20:02:49,886 [INFO] [MainThread] [root/bar_manager.py:119]: Stopping WindowsNotificationEventListener...
2026-10-05 20:02:49,887 [INFO] [Dummy-9] [root/windows_notification.py:97]: Notification service stopped
2026-10-05 20:02:50,340 [INFO] [MainThread] [root/log.py:103]: YASB v2.0.7
2026-10-05 20:02:50,340 [INFO] [CLIPipeServer] [cli_server/cli_server.py:216]: CLI server started v1.1.7
2026-10-05 20:02:50,341 [INFO] [MainThread] [cli_server/cli_server.py:106]: Log pipe server started
2026-10-05 20:02:50,890 [INFO] [MainThread] [root/service.py:52]: AudioOutputService starting...
2026-10-05 20:02:50,958 [INFO] [SystrayHook] [systray_hook/systray_hook.py:193]: Injecting into Explorer (PID: 11364)
2026-10-05 20:02:50,989 [INFO] [MainThread] [root/bar_manager.py:103]: Starting SystemEventListener...
2026-10-05 20:02:50,989 [INFO] [MainThread] [root/bar_manager.py:103]: Starting WindowsNotificationEventListener...
2026-10-05 20:02:50,994 [INFO] [MainThread] [root/watcher.py:65]: Watching directory: c:\users\usuario\.config\yasb
2026-10-05 20:02:50,994 [INFO] [MainThread] [root/watcher.py:104]: Created file watcher
2026-10-05 20:02:51,021 [INFO] [MainThread] [root/update_service.py:434]: Background update checker started
2026-10-05 20:02:51,029 [INFO] [Dummy-8] [root/windows_notification.py:161]: Notification service started (WNF_SHEL_NOTIFICATION_TOTAL)
2026-10-05 20:07:59,095 [INFO] [MainThread] [root/bar_helper.py:578]: AppBarManager need to re-register 1 bar
2026-10-05 20:07:59,109 [INFO] [MainThread] [root/bar_helper.py:587]: Re-registered AppBar for primary-bar_Odyssey G5_d925b10b (space reservation + fullscreen)
2026-10-05 20:08:00,750 [INFO] [SystrayHook] [systray_hook/systray_hook.py:193]: Injecting into Explorer (PID: 2332)
2026-10-05 20:21:27,273 [INFO] [MainThread] [root/bar.py:162]: Screen geometry changed. Updating position for bar primary-bar on screen Odyssey G5
2026-10-05 20:21:52,060 [INFO] [MainThread] [root/bar.py:162]: Screen geometry changed. Updating position for bar primary-bar on screen Odyssey G5
2026-10-05 20:21:55,100 [INFO] [MainThread] [root/bar.py:162]: Screen geometry changed. Updating position for bar primary-bar on screen Odyssey G5
2026-10-05 22:16:20,457 [INFO] [MainThread] [root/controller.py:21]: Reloading Bar from context menu...
2026-10-05 22:16:20,596 [INFO] [MainThread] [cli_server/cli_server.py:114]: Log pipe server stopped
2026-10-05 22:16:20,682 [INFO] [MainThread] [root/bar_manager.py:119]: Stopping SystemEventListener...
2026-10-05 22:16:20,685 [INFO] [MainThread] [root/bar_manager.py:119]: Stopping WindowsNotificationEventListener...
2026-10-05 22:16:20,688 [INFO] [Dummy-8] [root/windows_notification.py:97]: Notification service stopped
2026-10-05 22:16:21,134 [INFO] [MainThread] [root/log.py:103]: YASB v2.0.7
2026-10-05 22:16:21,134 [INFO] [CLIPipeServer] [cli_server/cli_server.py:216]: CLI server started v1.1.7
2026-10-05 22:16:21,134 [INFO] [MainThread] [cli_server/cli_server.py:106]: Log pipe server started
2026-10-05 22:16:21,941 [INFO] [MainThread] [root/service.py:52]: AudioOutputService starting...
2026-10-05 22:16:21,995 [INFO] [SystrayHook] [systray_hook/systray_hook.py:193]: Injecting into Explorer (PID: 2332)
2026-10-05 22:16:22,024 [INFO] [MainThread] [root/bar_manager.py:103]: Starting WindowsNotificationEventListener...
2026-10-05 22:16:22,025 [INFO] [MainThread] [root/bar_manager.py:103]: Starting SystemEventListener...
2026-10-05 22:16:22,028 [INFO] [MainThread] [root/watcher.py:65]: Watching directory: c:\users\usuario\.config\yasb
2026-10-05 22:16:22,028 [INFO] [MainThread] [root/watcher.py:104]: Created file watcher
2026-10-05 22:16:22,053 [INFO] [MainThread] [root/update_service.py:434]: Background update checker started
2026-10-05 22:16:22,072 [INFO] [Dummy-8] [root/windows_notification.py:161]: Notification service started (WNF_SHEL_NOTIFICATION_TOTAL)
2026-10-05 22:19:39,573 [INFO] [MainThread] [root/bar_helper.py:578]: AppBarManager need to re-register 1 bar
2026-10-05 22:19:39,584 [INFO] [MainThread] [root/bar_helper.py:587]: Re-registered AppBar for primary-bar_Odyssey G5_bf059835 (space reservation + fullscreen)
2026-10-05 22:19:41,346 [INFO] [SystrayHook] [systray_hook/systray_hook.py:193]: Injecting into Explorer (PID: 13044)
2026-10-05 22:43:49,344 [INFO] [MainThread] [root/bar_helper.py:578]: AppBarManager need to re-register 1 bar
2026-10-05 22:43:49,355 [INFO] [MainThread] [root/bar_helper.py:587]: Re-registered AppBar for primary-bar_Odyssey G5_bf059835 (space reservation + fullscreen)
2026-10-05 22:43:51,014 [INFO] [SystrayHook] [systray_hook/systray_hook.py:193]: Injecting into Explorer (PID: 12440)
2026-10-05 23:00:46,357 [INFO] [MainThread] [root/bar_helper.py:578]: AppBarManager need to re-register 1 bar
2026-10-05 23:00:46,369 [INFO] [MainThread] [root/bar_helper.py:587]: Re-registered AppBar for primary-bar_Odyssey G5_bf059835 (space reservation + fullscreen)
2026-10-05 23:00:47,962 [INFO] [SystrayHook] [systray_hook/systray_hook.py:193]: Injecting into Explorer (PID: 3356)
2026-10-05 23:13:00,157 [ERROR] [MainThread] [root/config.py:113]: The file 'C:\Users\Usuario\.config\yasb\config.yaml' contains Parser Error(s). Please fix:
while parsing a block mapping
  in "C:\Users\Usuario\.config\yasb\config.yaml", line 486, column 7
expected <block end>, but found '<block mapping start>'
  in "C:\Users\Usuario\.config\yasb\config.yaml", line 565, column 8
2026-10-05 23:13:48,206 [ERROR] [MainThread] [root/config.py:113]: The file 'C:\Users\Usuario\.config\yasb\config.yaml' contains Parser Error(s). Please fix:
while parsing a block mapping
  in "C:\Users\Usuario\.config\yasb\config.yaml", line 485, column 7
expected <block end>, but found '<block mapping start>'
  in "C:\Users\Usuario\.config\yasb\config.yaml", line 564, column 8
2026-10-05 23:13:54,835 [ERROR] [MainThread] [root/config.py:113]: The file 'C:\Users\Usuario\.config\yasb\config.yaml' contains Parser Error(s). Please fix:
while parsing a block mapping
  in "C:\Users\Usuario\.config\yasb\config.yaml", line 486, column 7
expected <block end>, but found '<block mapping start>'
  in "C:\Users\Usuario\.config\yasb\config.yaml", line 565, column 8
2026-10-05 23:13:57,605 [ERROR] [MainThread] [root/config.py:113]: The file 'C:\Users\Usuario\.config\yasb\config.yaml' contains Parser Error(s). Please fix:
while parsing a block mapping
  in "C:\Users\Usuario\.config\yasb\config.yaml", line 485, column 7
expected <block end>, but found '<block mapping start>'
  in "C:\Users\Usuario\.config\yasb\config.yaml", line 564, column 8
2026-10-05 23:17:28,003 [INFO] [MainThread] [root/controller.py:21]: Reloading Application because of config change.
2026-10-05 23:17:28,104 [INFO] [MainThread] [cli_server/cli_server.py:114]: Log pipe server stopped
2026-10-05 23:17:28,112 [INFO] [MainThread] [root/bar_manager.py:93]: Successfully loaded updated config and re-initialised all bars.
2026-10-05 23:17:28,157 [INFO] [MainThread] [root/bar_manager.py:119]: Stopping WindowsNotificationEventListener...
2026-10-05 23:17:28,158 [INFO] [Dummy-8] [root/windows_notification.py:97]: Notification service stopped
2026-10-05 23:17:28,159 [INFO] [MainThread] [root/bar_manager.py:119]: Stopping SystemEventListener...
2026-10-05 23:17:28,655 [INFO] [MainThread] [root/log.py:103]: YASB v2.0.7
2026-10-05 23:17:28,655 [INFO] [CLIPipeServer] [cli_server/cli_server.py:216]: CLI server started v1.1.7
2026-10-05 23:17:28,655 [INFO] [MainThread] [cli_server/cli_server.py:106]: Log pipe server started
2026-10-05 23:17:29,334 [INFO] [MainThread] [root/service.py:52]: AudioOutputService starting...
2026-10-05 23:17:29,368 [INFO] [SystrayHook] [systray_hook/systray_hook.py:193]: Injecting into Explorer (PID: 3356)
2026-10-05 23:17:29,426 [INFO] [MainThread] [root/bar_manager.py:103]: Starting WindowsNotificationEventListener...
2026-10-05 23:17:29,427 [INFO] [MainThread] [root/bar_manager.py:103]: Starting SystemEventListener...
2026-10-05 23:17:29,427 [ERROR] [MainThread] [root/widget_builder.py:114]: Failed to validate widget(s) due to invalid options  - launchpad
      language_menu:
      - Extra inputs are not permitted
      
2026-10-05 23:17:29,448 [INFO] [Dummy-6] [root/windows_notification.py:161]: Notification service started (WNF_SHEL_NOTIFICATION_TOTAL)
2026-10-05 23:17:29,470 [INFO] [MainThread] [root/watcher.py:65]: Watching directory: c:\users\usuario\.config\yasb
2026-10-05 23:17:29,470 [INFO] [MainThread] [root/watcher.py:104]: Created file watcher
2026-10-05 23:17:29,489 [INFO] [MainThread] [root/update_service.py:434]: Background update checker started
2026-10-05 23:18:19,427 [INFO] [MainThread] [root/controller.py:21]: Reloading Application because of config change.
2026-10-05 23:18:19,531 [INFO] [MainThread] [cli_server/cli_server.py:114]: Log pipe server stopped
2026-10-05 23:18:19,539 [INFO] [MainThread] [root/bar_manager.py:93]: Successfully loaded updated config and re-initialised all bars.
2026-10-05 23:18:19,589 [INFO] [MainThread] [root/bar_manager.py:119]: Stopping WindowsNotificationEventListener...
2026-10-05 23:18:19,589 [INFO] [Dummy-6] [root/windows_notification.py:97]: Notification service stopped
2026-10-05 23:18:19,590 [INFO] [MainThread] [root/bar_manager.py:119]: Stopping SystemEventListener...
2026-10-05 23:18:20,054 [INFO] [MainThread] [root/log.py:103]: YASB v2.0.7
2026-10-05 23:18:20,055 [INFO] [CLIPipeServer] [cli_server/cli_server.py:216]: CLI server started v1.1.7
2026-10-05 23:18:20,055 [INFO] [MainThread] [cli_server/cli_server.py:106]: Log pipe server started
2026-10-05 23:18:20,670 [INFO] [MainThread] [root/service.py:52]: AudioOutputService starting...
2026-10-05 23:18:20,697 [INFO] [SystrayHook] [systray_hook/systray_hook.py:193]: Injecting into Explorer (PID: 3356)
2026-10-05 23:18:20,768 [INFO] [MainThread] [root/bar_manager.py:103]: Starting SystemEventListener...
2026-10-05 23:18:20,768 [INFO] [MainThread] [root/bar_manager.py:103]: Starting WindowsNotificationEventListener...
2026-10-05 23:18:20,772 [INFO] [MainThread] [root/watcher.py:65]: Watching directory: c:\users\usuario\.config\yasb
2026-10-05 23:18:20,772 [INFO] [MainThread] [root/watcher.py:104]: Created file watcher
2026-10-05 23:18:20,792 [INFO] [MainThread] [root/update_service.py:434]: Background update checker started
2026-10-05 23:18:20,799 [INFO] [Dummy-8] [root/windows_notification.py:161]: Notification service started (WNF_SHEL_NOTIFICATION_TOTAL)
2026-10-05 23:23:06,867 [INFO] [MainThread] [root/controller.py:21]: Reloading Application because of config change.
2026-10-05 23:23:06,968 [INFO] [MainThread] [cli_server/cli_server.py:114]: Log pipe server stopped
2026-10-05 23:23:06,976 [INFO] [MainThread] [root/bar_manager.py:93]: Successfully loaded updated config and re-initialised all bars.
2026-10-05 23:23:07,028 [INFO] [MainThread] [root/bar_manager.py:119]: Stopping SystemEventListener...
2026-10-05 23:23:07,030 [INFO] [MainThread] [root/bar_manager.py:119]: Stopping WindowsNotificationEventListener...
2026-10-05 23:23:07,031 [INFO] [Dummy-8] [root/windows_notification.py:97]: Notification service stopped
2026-10-05 23:23:07,490 [INFO] [MainThread] [root/log.py:103]: YASB v2.0.7
2026-10-05 23:23:07,490 [INFO] [CLIPipeServer] [cli_server/cli_server.py:216]: CLI server started v1.1.7
2026-10-05 23:23:07,491 [INFO] [MainThread] [cli_server/cli_server.py:106]: Log pipe server started
2026-10-05 23:23:08,067 [INFO] [MainThread] [root/service.py:52]: AudioOutputService starting...
2026-10-05 23:23:08,113 [INFO] [SystrayHook] [systray_hook/systray_hook.py:193]: Injecting into Explorer (PID: 3356)
2026-10-05 23:23:08,156 [INFO] [MainThread] [root/bar_manager.py:103]: Starting SystemEventListener...
2026-10-05 23:23:08,156 [INFO] [MainThread] [root/bar_manager.py:103]: Starting WindowsNotificationEventListener...
2026-10-05 23:23:08,160 [INFO] [MainThread] [root/watcher.py:65]: Watching directory: c:\users\usuario\.config\yasb
2026-10-05 23:23:08,160 [INFO] [MainThread] [root/watcher.py:104]: Created file watcher
2026-10-05 23:23:08,183 [INFO] [MainThread] [root/update_service.py:434]: Background update checker started
2026-10-05 23:23:08,186 [INFO] [Dummy-8] [root/windows_notification.py:161]: Notification service started (WNF_SHEL_NOTIFICATION_TOTAL)
2026-10-05 23:38:01,093 [INFO] [MainThread] [root/bar_helper.py:578]: AppBarManager need to re-register 1 bar
2026-10-05 23:38:01,104 [INFO] [MainThread] [root/bar_helper.py:587]: Re-registered AppBar for primary-bar_Odyssey G5_5d915c0d (space reservation + fullscreen)
2026-10-05 23:38:02,888 [INFO] [SystrayHook] [systray_hook/systray_hook.py:193]: Injecting into Explorer (PID: 6168)
2026-10-05 23:40:07,348 [INFO] [MainThread] [root/bar_manager.py:119]: Stopping SystemEventListener...
2026-10-05 23:40:07,361 [INFO] [MainThread] [root/bar_manager.py:119]: Stopping WindowsNotificationEventListener...
2026-10-05 23:40:07,361 [INFO] [Dummy-8] [root/windows_notification.py:97]: Notification service stopped
2026-10-05 23:49:02,881 [INFO] [MainThread] [root/log.py:103]: YASB v2.0.7
2026-10-05 23:49:02,883 [INFO] [CLIPipeServer] [cli_server/cli_server.py:216]: CLI server started v1.1.7
2026-10-05 23:49:02,883 [INFO] [MainThread] [cli_server/cli_server.py:106]: Log pipe server started
2026-10-05 23:49:03,972 [INFO] [SystrayHook] [systray_hook/systray_hook.py:193]: Injecting into Explorer (PID: 8312)
2026-10-05 23:49:04,058 [INFO] [MainThread] [root/service.py:52]: AudioOutputService starting...
2026-10-05 23:49:04,161 [INFO] [MainThread] [root/bar_manager.py:103]: Starting SystemEventListener...
2026-10-05 23:49:04,162 [INFO] [MainThread] [root/bar_manager.py:103]: Starting WindowsNotificationEventListener...
2026-10-05 23:49:04,166 [INFO] [MainThread] [root/watcher.py:65]: Watching directory: c:\users\usuario\.config\yasb
2026-10-05 23:49:04,166 [INFO] [MainThread] [root/watcher.py:104]: Created file watcher
2026-10-05 23:49:04,221 [INFO] [MainThread] [root/update_service.py:434]: Background update checker started
2026-10-05 23:49:04,222 [INFO] [Dummy-8] [root/windows_notification.py:161]: Notification service started (WNF_SHEL_NOTIFICATION_TOTAL)
2026-10-05 23:55:41,615 [INFO] [MainThread] [root/bar_helper.py:578]: AppBarManager need to re-register 1 bar
2026-10-05 23:55:41,626 [INFO] [MainThread] [root/bar_helper.py:587]: Re-registered AppBar for primary-bar_Odyssey G5_724d9822 (space reservation + fullscreen)
2026-10-05 23:55:42,991 [INFO] [SystrayHook] [systray_hook/systray_hook.py:193]: Injecting into Explorer (PID: 15172)
2026-10-06 00:07:15,246 [INFO] [MainThread] [root/controller.py:21]: Reloading Bar from context menu...
2026-10-06 00:07:15,361 [INFO] [MainThread] [cli_server/cli_server.py:114]: Log pipe server stopped
2026-10-06 00:07:15,445 [INFO] [MainThread] [root/bar_manager.py:119]: Stopping SystemEventListener...
2026-10-06 00:07:15,447 [INFO] [MainThread] [root/bar_manager.py:119]: Stopping WindowsNotificationEventListener...
2026-10-06 00:07:15,447 [INFO] [Dummy-8] [root/windows_notification.py:97]: Notification service stopped
2026-10-06 00:07:15,874 [INFO] [MainThread] [root/log.py:103]: YASB v2.0.7
2026-10-06 00:07:15,875 [INFO] [CLIPipeServer] [cli_server/cli_server.py:216]: CLI server started v1.1.7
2026-10-06 00:07:15,875 [INFO] [MainThread] [cli_server/cli_server.py:106]: Log pipe server started
2026-10-06 00:07:16,469 [INFO] [MainThread] [root/service.py:52]: AudioOutputService starting...
2026-10-06 00:07:16,537 [INFO] [SystrayHook] [systray_hook/systray_hook.py:193]: Injecting into Explorer (PID: 15172)
2026-10-06 00:07:16,560 [INFO] [MainThread] [root/bar_manager.py:103]: Starting WindowsNotificationEventListener...
2026-10-06 00:07:16,560 [INFO] [MainThread] [root/bar_manager.py:103]: Starting SystemEventListener...
2026-10-06 00:07:16,563 [INFO] [MainThread] [root/watcher.py:65]: Watching directory: c:\users\usuario\.config\yasb
2026-10-06 00:07:16,563 [INFO] [MainThread] [root/watcher.py:104]: Created file watcher
2026-10-06 00:07:16,579 [INFO] [MainThread] [root/update_service.py:434]: Background update checker started
2026-10-06 00:07:16,585 [INFO] [Dummy-8] [root/windows_notification.py:161]: Notification service started (WNF_SHEL_NOTIFICATION_TOTAL)
2026-10-06 00:20:50,685 [INFO] [MainThread] [root/bar_helper.py:578]: AppBarManager need to re-register 1 bar
2026-10-06 00:20:50,691 [INFO] [MainThread] [root/bar_helper.py:587]: Re-registered AppBar for primary-bar_Odyssey G5_80d88f2f (space reservation + fullscreen)
2026-10-06 00:20:52,158 [INFO] [SystrayHook] [systray_hook/systray_hook.py:193]: Injecting into Explorer (PID: 14480)
2026-10-06 00:47:14,303 [INFO] [MainThread] [root/bar_helper.py:578]: AppBarManager need to re-register 1 bar
2026-10-06 00:47:14,309 [INFO] [MainThread] [root/bar_helper.py:587]: Re-registered AppBar for primary-bar_Odyssey G5_80d88f2f (space reservation + fullscreen)
2026-10-06 00:47:15,753 [INFO] [SystrayHook] [systray_hook/systray_hook.py:193]: Injecting into Explorer (PID: 6692)
2026-10-06 00:58:54,322 [INFO] [MainThread] [root/controller.py:21]: Reloading Application because of config change.
2026-10-06 00:58:54,425 [INFO] [MainThread] [cli_server/cli_server.py:114]: Log pipe server stopped
2026-10-06 00:58:54,432 [INFO] [MainThread] [root/bar_manager.py:93]: Successfully loaded updated config and re-initialised all bars.
2026-10-06 00:58:54,477 [INFO] [MainThread] [root/bar_manager.py:119]: Stopping WindowsNotificationEventListener...
2026-10-06 00:58:54,478 [INFO] [Dummy-8] [root/windows_notification.py:97]: Notification service stopped
2026-10-06 00:58:54,479 [INFO] [MainThread] [root/bar_manager.py:119]: Stopping SystemEventListener...
2026-10-06 00:58:54,928 [INFO] [MainThread] [root/log.py:103]: YASB v2.0.7
2026-10-06 00:58:54,928 [INFO] [CLIPipeServer] [cli_server/cli_server.py:216]: CLI server started v1.1.7
2026-10-06 00:58:54,928 [INFO] [MainThread] [cli_server/cli_server.py:106]: Log pipe server started
2026-10-06 00:58:55,576 [INFO] [MainThread] [root/service.py:52]: AudioOutputService starting...
2026-10-06 00:58:55,640 [INFO] [SystrayHook] [systray_hook/systray_hook.py:193]: Injecting into Explorer (PID: 6692)
2026-10-06 00:58:55,669 [INFO] [MainThread] [root/bar_manager.py:103]: Starting SystemEventListener...
2026-10-06 00:58:55,673 [INFO] [MainThread] [root/watcher.py:65]: Watching directory: c:\users\usuario\.config\yasb
2026-10-06 00:58:55,673 [INFO] [MainThread] [root/watcher.py:104]: Created file watcher
2026-10-06 00:58:55,696 [INFO] [MainThread] [root/update_service.py:434]: Background update checker started
2026-10-06 01:06:25,989 [INFO] [MainThread] [root/bar_helper.py:578]: AppBarManager need to re-register 1 bar
2026-10-06 01:06:26,001 [INFO] [MainThread] [root/bar_helper.py:587]: Re-registered AppBar for primary-bar_Odyssey G5_c304ffff (space reservation + fullscreen)
2026-10-06 01:06:27,450 [INFO] [SystrayHook] [systray_hook/systray_hook.py:193]: Injecting into Explorer (PID: 11108)
2026-10-06 01:11:37,147 [INFO] [MainThread] [root/bar_helper.py:578]: AppBarManager need to re-register 1 bar
2026-10-06 01:11:37,160 [INFO] [MainThread] [root/bar_helper.py:587]: Re-registered AppBar for primary-bar_Odyssey G5_c304ffff (space reservation + fullscreen)
2026-10-06 01:11:38,616 [INFO] [SystrayHook] [systray_hook/systray_hook.py:193]: Injecting into Explorer (PID: 17292)
2026-10-06 01:15:08,918 [INFO] [MainThread] [root/bar_helper.py:578]: AppBarManager need to re-register 1 bar
2026-10-06 01:15:08,929 [INFO] [MainThread] [root/bar_helper.py:587]: Re-registered AppBar for primary-bar_Odyssey G5_c304ffff (space reservation + fullscreen)
2026-10-06 01:15:10,625 [INFO] [SystrayHook] [systray_hook/systray_hook.py:193]: Injecting into Explorer (PID: 8024)
2026-10-06 01:17:23,498 [INFO] [MainThread] [root/bar_helper.py:578]: AppBarManager need to re-register 1 bar
2026-10-06 01:17:23,510 [INFO] [MainThread] [root/bar_helper.py:587]: Re-registered AppBar for primary-bar_Odyssey G5_c304ffff (space reservation + fullscreen)
2026-10-06 01:17:25,014 [INFO] [SystrayHook] [systray_hook/systray_hook.py:193]: Injecting into Explorer (PID: 2208)
2026-10-06 01:17:39,983 [INFO] [MainThread] [root/bar_helper.py:578]: AppBarManager need to re-register 1 bar
2026-10-06 01:17:39,994 [INFO] [MainThread] [root/bar_helper.py:587]: Re-registered AppBar for primary-bar_Odyssey G5_c304ffff (space reservation + fullscreen)
2026-10-06 01:17:41,559 [INFO] [SystrayHook] [systray_hook/systray_hook.py:193]: Injecting into Explorer (PID: 5376)
2026-10-06 01:22:49,499 [INFO] [MainThread] [root/bar_manager.py:119]: Stopping SystemEventListener...
2026-10-06 10:52:25,804 [INFO] [MainThread] [root/log.py:103]: YASB v2.0.7
2026-10-06 10:52:25,806 [INFO] [CLIPipeServer] [cli_server/cli_server.py:216]: CLI server started v1.1.7
2026-10-06 10:52:25,806 [INFO] [MainThread] [cli_server/cli_server.py:106]: Log pipe server started
2026-10-06 10:52:26,855 [INFO] [SystrayHook] [systray_hook/systray_hook.py:193]: Injecting into Explorer (PID: 7056)
2026-10-06 10:52:26,978 [INFO] [MainThread] [root/service.py:52]: AudioOutputService starting...
2026-10-06 10:52:27,076 [INFO] [MainThread] [root/bar_manager.py:103]: Starting SystemEventListener...
2026-10-06 10:52:27,080 [INFO] [MainThread] [root/watcher.py:65]: Watching directory: c:\users\usuario\.config\yasb
2026-10-06 10:52:27,080 [INFO] [MainThread] [root/watcher.py:104]: Created file watcher
2026-10-06 10:52:27,106 [INFO] [MainThread] [root/update_service.py:434]: Background update checker started
2026-10-06 11:01:29,429 [INFO] [MainThread] [root/bar_helper.py:578]: AppBarManager need to re-register 1 bar
2026-10-06 11:01:29,439 [INFO] [MainThread] [root/bar_helper.py:587]: Re-registered AppBar for primary-bar_Odyssey G5_7861ce48 (space reservation + fullscreen)
2026-10-06 11:01:31,042 [INFO] [SystrayHook] [systray_hook/systray_hook.py:193]: Injecting into Explorer (PID: 6684)
2026-10-06 11:02:01,739 [INFO] [SystrayHook] [systray_hook/systray_hook.py:193]: Injecting into Explorer (PID: 15232)
2026-10-06 11:02:02,037 [INFO] [MainThread] [root/bar_helper.py:578]: AppBarManager need to re-register 1 bar
2026-10-06 11:02:02,042 [INFO] [MainThread] [root/bar_helper.py:587]: Re-registered AppBar for primary-bar_Odyssey G5_7861ce48 (space reservation + fullscreen)
2026-10-06 11:37:57,829 [INFO] [MainThread] [root/bar_helper.py:578]: AppBarManager need to re-register 1 bar
2026-10-06 11:37:57,968 [INFO] [MainThread] [root/bar_helper.py:587]: Re-registered AppBar for primary-bar_Odyssey G5_7861ce48 (space reservation + fullscreen)
2026-10-06 11:37:59,265 [INFO] [SystrayHook] [systray_hook/systray_hook.py:193]: Injecting into Explorer (PID: 11672)
2026-10-06 11:45:12,080 [WARNING] [MainThread] [deprecation/deprecation.py:161]: [DEPRECATED] BarBlurEffect: 'acrylic' - No longer supported and can be removed from the config.
2026-10-06 11:45:12,081 [INFO] [MainThread] [root/controller.py:21]: Reloading Application because of config change.
2026-10-06 11:45:12,182 [INFO] [MainThread] [cli_server/cli_server.py:114]: Log pipe server stopped
2026-10-06 11:45:12,188 [INFO] [MainThread] [root/bar_manager.py:93]: Successfully loaded updated config and re-initialised all bars.
2026-10-06 11:45:12,252 [INFO] [MainThread] [root/bar_manager.py:119]: Stopping SystemEventListener...
2026-10-06 11:45:12,687 [INFO] [MainThread] [root/log.py:103]: YASB v2.0.7
2026-10-06 11:45:12,688 [INFO] [CLIPipeServer] [cli_server/cli_server.py:216]: CLI server started v1.1.7
2026-10-06 11:45:12,688 [INFO] [MainThread] [cli_server/cli_server.py:106]: Log pipe server started
2026-10-06 11:45:12,739 [WARNING] [MainThread] [deprecation/deprecation.py:161]: [DEPRECATED] BarBlurEffect: 'acrylic' - No longer supported and can be removed from the config.
2026-10-06 11:45:13,292 [INFO] [MainThread] [root/service.py:52]: AudioOutputService starting...
2026-10-06 11:45:13,326 [INFO] [SystrayHook] [systray_hook/systray_hook.py:193]: Injecting into Explorer (PID: 11672)
2026-10-06 11:45:13,385 [INFO] [MainThread] [root/bar_manager.py:103]: Starting SystemEventListener...
2026-10-06 11:45:13,390 [INFO] [MainThread] [root/watcher.py:65]: Watching directory: c:\users\usuario\.config\yasb
2026-10-06 11:45:13,390 [INFO] [MainThread] [root/watcher.py:104]: Created file watcher
2026-10-06 11:45:13,414 [INFO] [MainThread] [root/update_service.py:434]: Background update checker started
2026-10-06 11:47:24,153 [INFO] [MainThread] [root/controller.py:21]: Reloading Bar from context menu...
2026-10-06 11:47:24,263 [INFO] [MainThread] [cli_server/cli_server.py:114]: Log pipe server stopped
2026-10-06 11:47:24,311 [INFO] [MainThread] [root/bar_manager.py:119]: Stopping SystemEventListener...
2026-10-06 11:47:24,716 [INFO] [MainThread] [root/log.py:103]: YASB v2.0.7
2026-10-06 11:47:24,716 [INFO] [CLIPipeServer] [cli_server/cli_server.py:216]: CLI server started v1.1.7
2026-10-06 11:47:24,717 [INFO] [MainThread] [cli_server/cli_server.py:106]: Log pipe server started
2026-10-06 11:47:24,760 [WARNING] [MainThread] [deprecation/deprecation.py:161]: [DEPRECATED] BarBlurEffect: 'acrylic' - No longer supported and can be removed from the config.
2026-10-06 11:47:25,316 [INFO] [MainThread] [root/service.py:52]: AudioOutputService starting...
2026-10-06 11:47:25,344 [INFO] [SystrayHook] [systray_hook/systray_hook.py:193]: Injecting into Explorer (PID: 11672)
2026-10-06 11:47:25,400 [INFO] [MainThread] [root/bar_manager.py:103]: Starting SystemEventListener...
2026-10-06 11:47:25,404 [INFO] [MainThread] [root/watcher.py:65]: Watching directory: c:\users\usuario\.config\yasb
2026-10-06 11:47:25,404 [INFO] [MainThread] [root/watcher.py:104]: Created file watcher
2026-10-06 11:47:25,420 [INFO] [MainThread] [root/update_service.py:434]: Background update checker started
2026-10-06 12:09:06,361 [INFO] [MainThread] [root/log.py:103]: YASB v2.0.7
2026-10-06 12:09:06,361 [INFO] [CLIPipeServer] [cli_server/cli_server.py:216]: CLI server started v1.1.7
2026-10-06 12:09:06,362 [INFO] [MainThread] [cli_server/cli_server.py:106]: Log pipe server started
2026-10-06 12:09:06,406 [WARNING] [MainThread] [deprecation/deprecation.py:161]: [DEPRECATED] BarBlurEffect: 'acrylic' - No longer supported and can be removed from the config.
2026-10-06 12:09:06,944 [INFO] [MainThread] [root/service.py:52]: AudioOutputService starting...
2026-10-06 12:09:07,000 [INFO] [SystrayHook] [systray_hook/systray_hook.py:193]: Injecting into Explorer (PID: 5792)
2026-10-06 12:09:07,036 [INFO] [MainThread] [root/bar_manager.py:103]: Starting SystemEventListener...
2026-10-06 12:09:07,040 [INFO] [MainThread] [root/watcher.py:65]: Watching directory: c:\users\usuario\.config\yasb
2026-10-06 12:09:07,040 [INFO] [MainThread] [root/watcher.py:104]: Created file watcher
2026-10-06 12:09:07,059 [INFO] [MainThread] [root/update_service.py:434]: Background update checker started
2026-10-06 12:12:00,013 [WARNING] [MainThread] [deprecation/deprecation.py:161]: [DEPRECATED] BarBlurEffect: 'acrylic' - No longer supported and can be removed from the config.
2026-10-06 12:12:00,014 [INFO] [MainThread] [root/controller.py:21]: Reloading Application because of config change.
2026-10-06 12:12:00,118 [INFO] [MainThread] [cli_server/cli_server.py:114]: Log pipe server stopped
2026-10-06 12:12:00,125 [INFO] [MainThread] [root/bar_manager.py:93]: Successfully loaded updated config and re-initialised all bars.
2026-10-06 12:12:00,166 [INFO] [MainThread] [root/bar_manager.py:119]: Stopping SystemEventListener...
2026-10-06 12:12:00,593 [INFO] [MainThread] [root/log.py:103]: YASB v2.0.7
2026-10-06 12:12:00,593 [INFO] [CLIPipeServer] [cli_server/cli_server.py:216]: CLI server started v1.1.7
2026-10-06 12:12:00,594 [INFO] [MainThread] [cli_server/cli_server.py:106]: Log pipe server started
2026-10-06 12:12:00,638 [WARNING] [MainThread] [deprecation/deprecation.py:161]: [DEPRECATED] BarBlurEffect: 'acrylic' - No longer supported and can be removed from the config.
2026-10-06 12:12:01,185 [INFO] [MainThread] [root/service.py:52]: AudioOutputService starting...
2026-10-06 12:12:01,241 [INFO] [SystrayHook] [systray_hook/systray_hook.py:193]: Injecting into Explorer (PID: 5792)
2026-10-06 12:12:01,268 [INFO] [MainThread] [root/bar_manager.py:103]: Starting SystemEventListener...
2026-10-06 12:12:01,270 [INFO] [MainThread] [root/watcher.py:65]: Watching directory: c:\users\usuario\.config\yasb
2026-10-06 12:12:01,271 [INFO] [MainThread] [root/watcher.py:104]: Created file watcher
2026-10-06 12:12:01,289 [INFO] [MainThread] [root/update_service.py:434]: Background update checker started
2026-10-06 12:12:37,403 [WARNING] [MainThread] [deprecation/deprecation.py:161]: [DEPRECATED] BarBlurEffect: 'acrylic' - No longer supported and can be removed from the config.
2026-10-06 12:12:37,403 [INFO] [MainThread] [root/controller.py:21]: Reloading Application because of config change.
2026-10-06 12:12:37,506 [INFO] [MainThread] [cli_server/cli_server.py:114]: Log pipe server stopped
2026-10-06 12:12:37,513 [INFO] [MainThread] [root/bar_manager.py:93]: Successfully loaded updated config and re-initialised all bars.
2026-10-06 12:12:37,553 [INFO] [MainThread] [root/bar_manager.py:119]: Stopping SystemEventListener...
2026-10-06 12:12:37,966 [INFO] [MainThread] [root/log.py:103]: YASB v2.0.7
2026-10-06 12:12:37,966 [INFO] [CLIPipeServer] [cli_server/cli_server.py:216]: CLI server started v1.1.7
2026-10-06 12:12:37,966 [INFO] [MainThread] [cli_server/cli_server.py:106]: Log pipe server started
2026-10-06 12:12:38,011 [WARNING] [MainThread] [deprecation/deprecation.py:161]: [DEPRECATED] BarBlurEffect: 'acrylic' - No longer supported and can be removed from the config.
2026-10-06 12:12:38,526 [INFO] [MainThread] [root/service.py:52]: AudioOutputService starting...
2026-10-06 12:12:38,582 [INFO] [SystrayHook] [systray_hook/systray_hook.py:193]: Injecting into Explorer (PID: 5792)
2026-10-06 12:12:38,612 [INFO] [MainThread] [root/bar_manager.py:103]: Starting SystemEventListener...
2026-10-06 12:12:38,615 [INFO] [MainThread] [root/watcher.py:65]: Watching directory: c:\users\usuario\.config\yasb
2026-10-06 12:12:38,615 [INFO] [MainThread] [root/watcher.py:104]: Created file watcher
2026-10-06 12:12:38,633 [INFO] [MainThread] [root/update_service.py:434]: Background update checker started
2026-10-06 12:14:46,885 [WARNING] [MainThread] [deprecation/deprecation.py:161]: [DEPRECATED] BarBlurEffect: 'acrylic' - No longer supported and can be removed from the config.
2026-10-06 12:14:46,886 [INFO] [MainThread] [root/controller.py:21]: Reloading Application because of config change.
2026-10-06 12:14:46,992 [INFO] [MainThread] [cli_server/cli_server.py:114]: Log pipe server stopped
2026-10-06 12:14:46,998 [INFO] [MainThread] [root/bar_manager.py:93]: Successfully loaded updated config and re-initialised all bars.
2026-10-06 12:14:47,044 [INFO] [MainThread] [root/bar_manager.py:119]: Stopping SystemEventListener...
2026-10-06 12:14:47,466 [INFO] [MainThread] [root/log.py:103]: YASB v2.0.7
2026-10-06 12:14:47,467 [INFO] [CLIPipeServer] [cli_server/cli_server.py:216]: CLI server started v1.1.7
2026-10-06 12:14:47,467 [INFO] [MainThread] [cli_server/cli_server.py:106]: Log pipe server started
2026-10-06 12:14:47,512 [WARNING] [MainThread] [deprecation/deprecation.py:161]: [DEPRECATED] BarBlurEffect: 'acrylic' - No longer supported and can be removed from the config.
2026-10-06 12:14:48,030 [INFO] [MainThread] [root/service.py:52]: AudioOutputService starting...
2026-10-06 12:14:48,087 [INFO] [SystrayHook] [systray_hook/systray_hook.py:193]: Injecting into Explorer (PID: 5792)
2026-10-06 12:14:48,120 [INFO] [MainThread] [root/bar_manager.py:103]: Starting SystemEventListener...
2026-10-06 12:14:48,124 [INFO] [MainThread] [root/watcher.py:65]: Watching directory: c:\users\usuario\.config\yasb
2026-10-06 12:14:48,125 [INFO] [MainThread] [root/watcher.py:104]: Created file watcher
2026-10-06 12:14:48,145 [INFO] [MainThread] [root/update_service.py:434]: Background update checker started
2026-10-06 12:16:02,536 [WARNING] [MainThread] [deprecation/deprecation.py:161]: [DEPRECATED] BarBlurEffect: 'acrylic' - No longer supported and can be removed from the config.
2026-10-06 12:16:02,537 [INFO] [MainThread] [root/controller.py:21]: Reloading Application because of config change.
2026-10-06 12:16:02,639 [INFO] [MainThread] [cli_server/cli_server.py:114]: Log pipe server stopped
2026-10-06 12:16:02,645 [INFO] [MainThread] [root/bar_manager.py:93]: Successfully loaded updated config and re-initialised all bars.
2026-10-06 12:16:02,688 [INFO] [MainThread] [root/bar_manager.py:119]: Stopping SystemEventListener...
2026-10-06 12:16:03,132 [INFO] [MainThread] [root/log.py:103]: YASB v2.0.7
2026-10-06 12:16:03,132 [INFO] [CLIPipeServer] [cli_server/cli_server.py:216]: CLI server started v1.1.7
2026-10-06 12:16:03,132 [INFO] [MainThread] [cli_server/cli_server.py:106]: Log pipe server started
2026-10-06 12:16:03,177 [WARNING] [MainThread] [deprecation/deprecation.py:161]: [DEPRECATED] BarBlurEffect: 'acrylic' - No longer supported and can be removed from the config.
2026-10-06 12:16:03,761 [INFO] [MainThread] [root/service.py:52]: AudioOutputService starting...
2026-10-06 12:16:03,854 [INFO] [MainThread] [root/bar_manager.py:103]: Starting SystemEventListener...
2026-10-06 12:16:03,857 [INFO] [MainThread] [root/watcher.py:65]: Watching directory: c:\users\usuario\.config\yasb
2026-10-06 12:16:03,857 [INFO] [MainThread] [root/watcher.py:104]: Created file watcher
2026-10-06 12:16:03,858 [INFO] [SystrayHook] [systray_hook/systray_hook.py:193]: Injecting into Explorer (PID: 5792)
2026-10-06 12:16:03,873 [INFO] [MainThread] [root/update_service.py:434]: Background update checker started
2026-10-06 12:17:42,653 [ERROR] [MainThread] [root/config.py:113]: The file 'C:\Users\Usuario\.config\yasb\config.yaml' contains Parser Error(s). Please fix:
while parsing a block mapping
  in "C:\Users\Usuario\.config\yasb\config.yaml", line 5, column 1
expected <block end>, but found '<block mapping start>'
  in "C:\Users\Usuario\.config\yasb\config.yaml", line 439, column 2
2026-10-06 12:17:49,038 [INFO] [MainThread] [root/controller.py:21]: Reloading Bar from context menu...
2026-10-06 12:17:49,143 [INFO] [MainThread] [cli_server/cli_server.py:114]: Log pipe server stopped
2026-10-06 12:17:49,225 [INFO] [MainThread] [root/bar_manager.py:119]: Stopping SystemEventListener...
2026-10-06 12:17:49,677 [INFO] [MainThread] [root/log.py:103]: YASB v2.0.7
2026-10-06 12:17:49,677 [INFO] [CLIPipeServer] [cli_server/cli_server.py:216]: CLI server started v1.1.7
2026-10-06 12:17:49,678 [INFO] [MainThread] [cli_server/cli_server.py:106]: Log pipe server started
2026-10-06 12:17:49,715 [ERROR] [MainThread] [root/config.py:113]: The file 'C:\Users\Usuario\.config\yasb\config.yaml' contains Parser Error(s). Please fix:
while parsing a block mapping
  in "C:\Users\Usuario\.config\yasb\config.yaml", line 5, column 1
expected <block end>, but found '<block mapping start>'
  in "C:\Users\Usuario\.config\yasb\config.yaml", line 439, column 2
2026-10-06 12:17:49,718 [ERROR] [MainThread] [root/config.py:158]: User config file could not be loaded. Exiting Application.
2026-10-06 12:18:00,538 [INFO] [MainThread] [root/log.py:103]: YASB v2.0.7
2026-10-06 12:18:00,538 [INFO] [CLIPipeServer] [cli_server/cli_server.py:216]: CLI server started v1.1.7
2026-10-06 12:18:00,538 [INFO] [MainThread] [cli_server/cli_server.py:106]: Log pipe server started
2026-10-06 12:18:00,582 [WARNING] [MainThread] [deprecation/deprecation.py:161]: [DEPRECATED] BarBlurEffect: 'acrylic' - No longer supported and can be removed from the config.
2026-10-06 12:18:01,122 [INFO] [MainThread] [root/service.py:52]: AudioOutputService starting...
2026-10-06 12:18:01,210 [INFO] [MainThread] [root/bar_manager.py:103]: Starting SystemEventListener...
2026-10-06 12:18:01,213 [INFO] [MainThread] [root/watcher.py:65]: Watching directory: c:\users\usuario\.config\yasb
2026-10-06 12:18:01,214 [INFO] [MainThread] [root/watcher.py:104]: Created file watcher
2026-10-06 12:18:01,231 [INFO] [MainThread] [root/update_service.py:434]: Background update checker started
2026-10-06 12:18:01,233 [INFO] [SystrayHook] [systray_hook/systray_hook.py:193]: Injecting into Explorer (PID: 5792)
2026-10-06 12:18:48,148 [WARNING] [MainThread] [deprecation/deprecation.py:161]: [DEPRECATED] BarBlurEffect: 'acrylic' - No longer supported and can be removed from the config.
2026-10-06 12:18:48,149 [INFO] [MainThread] [root/controller.py:21]: Reloading Application because of config change.
2026-10-06 12:18:48,251 [INFO] [MainThread] [cli_server/cli_server.py:114]: Log pipe server stopped
2026-10-06 12:18:48,258 [INFO] [MainThread] [root/bar_manager.py:93]: Successfully loaded updated config and re-initialised all bars.
2026-10-06 12:18:48,305 [INFO] [MainThread] [root/bar_manager.py:119]: Stopping SystemEventListener...
2026-10-06 12:18:48,751 [INFO] [MainThread] [root/log.py:103]: YASB v2.0.7
2026-10-06 12:18:48,752 [INFO] [CLIPipeServer] [cli_server/cli_server.py:216]: CLI server started v1.1.7
2026-10-06 12:18:48,752 [INFO] [MainThread] [cli_server/cli_server.py:106]: Log pipe server started
2026-10-06 12:18:48,797 [WARNING] [MainThread] [deprecation/deprecation.py:161]: [DEPRECATED] BarBlurEffect: 'acrylic' - No longer supported and can be removed from the config.
2026-10-06 12:18:49,381 [INFO] [MainThread] [root/service.py:52]: AudioOutputService starting...
2026-10-06 12:18:49,472 [INFO] [MainThread] [root/bar_manager.py:103]: Starting SystemEventListener...
2026-10-06 12:18:49,477 [INFO] [MainThread] [root/watcher.py:65]: Watching directory: c:\users\usuario\.config\yasb
2026-10-06 12:18:49,477 [INFO] [MainThread] [root/watcher.py:104]: Created file watcher
2026-10-06 12:18:49,478 [INFO] [SystrayHook] [systray_hook/systray_hook.py:193]: Injecting into Explorer (PID: 5792)
2026-10-06 12:18:49,493 [INFO] [MainThread] [root/update_service.py:434]: Background update checker started
2026-10-06 12:18:56,685 [WARNING] [MainThread] [deprecation/deprecation.py:161]: [DEPRECATED] BarBlurEffect: 'acrylic' - No longer supported and can be removed from the config.
2026-10-06 12:18:56,686 [INFO] [MainThread] [root/controller.py:21]: Reloading Application because of config change.
2026-10-06 12:18:56,786 [INFO] [MainThread] [cli_server/cli_server.py:114]: Log pipe server stopped
2026-10-06 12:18:56,792 [INFO] [MainThread] [root/bar_manager.py:93]: Successfully loaded updated config and re-initialised all bars.
2026-10-06 12:18:56,835 [INFO] [MainThread] [root/bar_manager.py:119]: Stopping SystemEventListener...
2026-10-06 12:18:57,280 [INFO] [MainThread] [root/log.py:103]: YASB v2.0.7
2026-10-06 12:18:57,281 [INFO] [CLIPipeServer] [cli_server/cli_server.py:216]: CLI server started v1.1.7
2026-10-06 12:18:57,281 [INFO] [MainThread] [cli_server/cli_server.py:106]: Log pipe server started
2026-10-06 12:18:57,327 [WARNING] [MainThread] [deprecation/deprecation.py:161]: [DEPRECATED] BarBlurEffect: 'acrylic' - No longer supported and can be removed from the config.
2026-10-06 12:18:57,908 [INFO] [MainThread] [root/service.py:52]: AudioOutputService starting...
2026-10-06 12:18:58,003 [INFO] [MainThread] [root/bar_manager.py:103]: Starting SystemEventListener...
2026-10-06 12:18:58,007 [INFO] [MainThread] [root/watcher.py:65]: Watching directory: c:\users\usuario\.config\yasb
2026-10-06 12:18:58,007 [INFO] [MainThread] [root/watcher.py:104]: Created file watcher
2026-10-06 12:18:58,007 [INFO] [SystrayHook] [systray_hook/systray_hook.py:193]: Injecting into Explorer (PID: 5792)
2026-10-06 12:18:58,023 [INFO] [MainThread] [root/update_service.py:434]: Background update checker started
2026-10-06 12:19:26,707 [WARNING] [MainThread] [deprecation/deprecation.py:161]: [DEPRECATED] BarBlurEffect: 'acrylic' - No longer supported and can be removed from the config.
2026-10-06 12:19:26,707 [INFO] [MainThread] [root/controller.py:21]: Reloading Application because of config change.
2026-10-06 12:19:26,821 [INFO] [MainThread] [cli_server/cli_server.py:114]: Log pipe server stopped
2026-10-06 12:19:26,828 [INFO] [MainThread] [root/bar_manager.py:93]: Successfully loaded updated config and re-initialised all bars.
2026-10-06 12:19:26,872 [INFO] [MainThread] [root/bar_manager.py:119]: Stopping SystemEventListener...
2026-10-06 12:19:27,315 [INFO] [MainThread] [root/log.py:103]: YASB v2.0.7
2026-10-06 12:19:27,316 [INFO] [CLIPipeServer] [cli_server/cli_server.py:216]: CLI server started v1.1.7
2026-10-06 12:19:27,316 [INFO] [MainThread] [cli_server/cli_server.py:106]: Log pipe server started
2026-10-06 12:19:27,362 [WARNING] [MainThread] [deprecation/deprecation.py:161]: [DEPRECATED] BarBlurEffect: 'acrylic' - No longer supported and can be removed from the config.
2026-10-06 12:19:27,966 [INFO] [MainThread] [root/service.py:52]: AudioOutputService starting...
2026-10-06 12:19:28,035 [INFO] [SystrayHook] [systray_hook/systray_hook.py:193]: Injecting into Explorer (PID: 5792)
2026-10-06 12:19:28,062 [INFO] [MainThread] [root/bar_manager.py:103]: Starting SystemEventListener...
2026-10-06 12:19:28,066 [INFO] [MainThread] [root/watcher.py:65]: Watching directory: c:\users\usuario\.config\yasb
2026-10-06 12:19:28,066 [INFO] [MainThread] [root/watcher.py:104]: Created file watcher
2026-10-06 12:19:28,081 [INFO] [MainThread] [root/update_service.py:434]: Background update checker started
2026-10-06 12:20:04,609 [WARNING] [MainThread] [deprecation/deprecation.py:161]: [DEPRECATED] BarBlurEffect: 'acrylic' - No longer supported and can be removed from the config.
2026-10-06 12:20:04,610 [INFO] [MainThread] [root/controller.py:21]: Reloading Application because of config change.
2026-10-06 12:20:04,713 [INFO] [MainThread] [cli_server/cli_server.py:114]: Log pipe server stopped
2026-10-06 12:20:04,720 [INFO] [MainThread] [root/bar_manager.py:93]: Successfully loaded updated config and re-initialised all bars.
2026-10-06 12:20:04,765 [INFO] [MainThread] [root/bar_manager.py:119]: Stopping SystemEventListener...
2026-10-06 12:20:05,230 [INFO] [MainThread] [root/log.py:103]: YASB v2.0.7
2026-10-06 12:20:05,230 [INFO] [CLIPipeServer] [cli_server/cli_server.py:216]: CLI server started v1.1.7
2026-10-06 12:20:05,231 [INFO] [MainThread] [cli_server/cli_server.py:106]: Log pipe server started
2026-10-06 12:20:05,280 [WARNING] [MainThread] [deprecation/deprecation.py:161]: [DEPRECATED] BarBlurEffect: 'acrylic' - No longer supported and can be removed from the config.
2026-10-06 12:20:05,910 [INFO] [MainThread] [root/service.py:52]: AudioOutputService starting...
2026-10-06 12:20:05,995 [INFO] [SystrayHook] [systray_hook/systray_hook.py:193]: Injecting into Explorer (PID: 5792)
2026-10-06 12:20:06,021 [INFO] [MainThread] [root/bar_manager.py:103]: Starting SystemEventListener...
2026-10-06 12:20:06,025 [INFO] [MainThread] [root/watcher.py:65]: Watching directory: c:\users\usuario\.config\yasb
2026-10-06 12:20:06,025 [INFO] [MainThread] [root/watcher.py:104]: Created file watcher
2026-10-06 12:20:06,042 [INFO] [MainThread] [root/update_service.py:434]: Background update checker started
2026-10-06 12:21:17,731 [WARNING] [MainThread] [deprecation/deprecation.py:161]: [DEPRECATED] BarBlurEffect: 'acrylic' - No longer supported and can be removed from the config.
2026-10-06 12:21:17,732 [INFO] [MainThread] [root/controller.py:21]: Reloading Application because of config change.
2026-10-06 12:21:17,845 [INFO] [MainThread] [cli_server/cli_server.py:114]: Log pipe server stopped
2026-10-06 12:21:17,851 [INFO] [MainThread] [root/bar_manager.py:93]: Successfully loaded updated config and re-initialised all bars.
2026-10-06 12:21:17,896 [INFO] [MainThread] [root/bar_manager.py:119]: Stopping SystemEventListener...
2026-10-06 12:21:18,332 [INFO] [MainThread] [root/log.py:103]: YASB v2.0.7
2026-10-06 12:21:18,333 [INFO] [CLIPipeServer] [cli_server/cli_server.py:216]: CLI server started v1.1.7
2026-10-06 12:21:18,333 [INFO] [MainThread] [cli_server/cli_server.py:106]: Log pipe server started
2026-10-06 12:21:18,378 [WARNING] [MainThread] [deprecation/deprecation.py:161]: [DEPRECATED] BarBlurEffect: 'acrylic' - No longer supported and can be removed from the config.
2026-10-06 12:21:18,959 [INFO] [MainThread] [root/service.py:52]: AudioOutputService starting...
2026-10-06 12:21:19,047 [INFO] [SystrayHook] [systray_hook/systray_hook.py:193]: Injecting into Explorer (PID: 5792)
2026-10-06 12:21:19,054 [INFO] [MainThread] [root/bar_manager.py:103]: Starting SystemEventListener...
2026-10-06 12:21:19,059 [INFO] [MainThread] [root/watcher.py:65]: Watching directory: c:\users\usuario\.config\yasb
2026-10-06 12:21:19,059 [INFO] [MainThread] [root/watcher.py:104]: Created file watcher
2026-10-06 12:21:19,072 [INFO] [MainThread] [root/update_service.py:434]: Background update checker started
2026-10-06 12:21:31,805 [WARNING] [MainThread] [deprecation/deprecation.py:161]: [DEPRECATED] BarBlurEffect: 'acrylic' - No longer supported and can be removed from the config.
2026-10-06 12:21:31,806 [INFO] [MainThread] [root/controller.py:21]: Reloading Application because of config change.
2026-10-06 12:21:31,911 [INFO] [MainThread] [cli_server/cli_server.py:114]: Log pipe server stopped
2026-10-06 12:21:31,918 [INFO] [MainThread] [root/bar_manager.py:93]: Successfully loaded updated config and re-initialised all bars.
2026-10-06 12:21:31,962 [INFO] [MainThread] [root/bar_manager.py:119]: Stopping SystemEventListener...
2026-10-06 12:21:32,411 [INFO] [MainThread] [root/log.py:103]: YASB v2.0.7
2026-10-06 12:21:32,411 [INFO] [CLIPipeServer] [cli_server/cli_server.py:216]: CLI server started v1.1.7
2026-10-06 12:21:32,411 [INFO] [MainThread] [cli_server/cli_server.py:106]: Log pipe server started
2026-10-06 12:21:32,456 [WARNING] [MainThread] [deprecation/deprecation.py:161]: [DEPRECATED] BarBlurEffect: 'acrylic' - No longer supported and can be removed from the config.
2026-10-06 12:21:33,042 [INFO] [MainThread] [root/service.py:52]: AudioOutputService starting...
2026-10-06 12:21:33,137 [INFO] [MainThread] [root/bar_manager.py:103]: Starting SystemEventListener...
2026-10-06 12:21:33,141 [INFO] [MainThread] [root/watcher.py:65]: Watching directory: c:\users\usuario\.config\yasb
2026-10-06 12:21:33,142 [INFO] [MainThread] [root/watcher.py:104]: Created file watcher
2026-10-06 12:21:33,142 [INFO] [SystrayHook] [systray_hook/systray_hook.py:193]: Injecting into Explorer (PID: 5792)
2026-10-06 12:21:33,155 [INFO] [MainThread] [root/update_service.py:434]: Background update checker started
2026-10-06 12:22:13,980 [WARNING] [MainThread] [deprecation/deprecation.py:161]: [DEPRECATED] BarBlurEffect: 'acrylic' - No longer supported and can be removed from the config.
2026-10-06 12:22:13,980 [INFO] [MainThread] [root/controller.py:21]: Reloading Application because of config change.
2026-10-06 12:22:14,083 [INFO] [MainThread] [cli_server/cli_server.py:114]: Log pipe server stopped
2026-10-06 12:22:14,090 [INFO] [MainThread] [root/bar_manager.py:93]: Successfully loaded updated config and re-initialised all bars.
2026-10-06 12:22:14,135 [INFO] [MainThread] [root/bar_manager.py:119]: Stopping SystemEventListener...
2026-10-06 12:22:14,594 [INFO] [MainThread] [root/log.py:103]: YASB v2.0.7
2026-10-06 12:22:14,595 [INFO] [CLIPipeServer] [cli_server/cli_server.py:216]: CLI server started v1.1.7
2026-10-06 12:22:14,595 [INFO] [MainThread] [cli_server/cli_server.py:106]: Log pipe server started
2026-10-06 12:22:14,641 [WARNING] [MainThread] [deprecation/deprecation.py:161]: [DEPRECATED] BarBlurEffect: 'acrylic' - No longer supported and can be removed from the config.
2026-10-06 12:22:15,229 [INFO] [MainThread] [root/service.py:52]: AudioOutputService starting...
2026-10-06 12:22:15,323 [INFO] [MainThread] [root/bar_manager.py:103]: Starting SystemEventListener...
2026-10-06 12:22:15,327 [INFO] [MainThread] [root/watcher.py:65]: Watching directory: c:\users\usuario\.config\yasb
2026-10-06 12:22:15,327 [INFO] [MainThread] [root/watcher.py:104]: Created file watcher
2026-10-06 12:22:15,329 [INFO] [SystrayHook] [systray_hook/systray_hook.py:193]: Injecting into Explorer (PID: 5792)
2026-10-06 12:22:15,342 [INFO] [MainThread] [root/update_service.py:434]: Background update checker started
2026-10-06 12:23:05,367 [WARNING] [MainThread] [deprecation/deprecation.py:161]: [DEPRECATED] BarBlurEffect: 'acrylic' - No longer supported and can be removed from the config.
2026-10-06 12:23:05,368 [INFO] [MainThread] [root/controller.py:21]: Reloading Application because of config change.
2026-10-06 12:23:05,471 [INFO] [MainThread] [cli_server/cli_server.py:114]: Log pipe server stopped
2026-10-06 12:23:05,477 [INFO] [MainThread] [root/bar_manager.py:93]: Successfully loaded updated config and re-initialised all bars.
2026-10-06 12:23:05,525 [INFO] [MainThread] [root/bar_manager.py:119]: Stopping SystemEventListener...
2026-10-06 12:23:05,943 [INFO] [MainThread] [root/log.py:103]: YASB v2.0.7
2026-10-06 12:23:05,943 [INFO] [CLIPipeServer] [cli_server/cli_server.py:216]: CLI server started v1.1.7
2026-10-06 12:23:05,943 [INFO] [MainThread] [cli_server/cli_server.py:106]: Log pipe server started
2026-10-06 12:23:05,988 [WARNING] [MainThread] [deprecation/deprecation.py:161]: [DEPRECATED] BarBlurEffect: 'acrylic' - No longer supported and can be removed from the config.
2026-10-06 12:23:06,578 [INFO] [MainThread] [root/service.py:52]: AudioOutputService starting...
2026-10-06 12:23:06,671 [INFO] [MainThread] [root/bar_manager.py:103]: Starting SystemEventListener...
2026-10-06 12:23:06,675 [INFO] [MainThread] [root/watcher.py:65]: Watching directory: c:\users\usuario\.config\yasb
2026-10-06 12:23:06,675 [INFO] [MainThread] [root/watcher.py:104]: Created file watcher
2026-10-06 12:23:06,688 [INFO] [MainThread] [root/update_service.py:434]: Background update checker started
2026-10-06 12:23:06,690 [INFO] [SystrayHook] [systray_hook/systray_hook.py:193]: Injecting into Explorer (PID: 5792)
2026-10-06 12:26:07,997 [WARNING] [MainThread] [deprecation/deprecation.py:161]: [DEPRECATED] BarBlurEffect: 'acrylic' - No longer supported and can be removed from the config.
2026-10-06 12:26:07,997 [INFO] [MainThread] [root/controller.py:21]: Reloading Application because of config change.
2026-10-06 12:26:08,106 [INFO] [MainThread] [cli_server/cli_server.py:114]: Log pipe server stopped
2026-10-06 12:26:08,113 [INFO] [MainThread] [root/bar_manager.py:93]: Successfully loaded updated config and re-initialised all bars.
2026-10-06 12:26:08,160 [INFO] [MainThread] [root/bar_manager.py:119]: Stopping SystemEventListener...
2026-10-06 12:26:08,586 [INFO] [MainThread] [root/log.py:103]: YASB v2.0.7
2026-10-06 12:26:08,587 [INFO] [CLIPipeServer] [cli_server/cli_server.py:216]: CLI server started v1.1.7
2026-10-06 12:26:08,587 [INFO] [MainThread] [cli_server/cli_server.py:106]: Log pipe server started
2026-10-06 12:26:08,632 [WARNING] [MainThread] [deprecation/deprecation.py:161]: [DEPRECATED] BarBlurEffect: 'acrylic' - No longer supported and can be removed from the config.
2026-10-06 12:26:09,218 [INFO] [MainThread] [root/service.py:52]: AudioOutputService starting...
2026-10-06 12:26:09,318 [INFO] [MainThread] [root/bar_manager.py:103]: Starting SystemEventListener...
2026-10-06 12:26:09,319 [INFO] [SystrayHook] [systray_hook/systray_hook.py:193]: Injecting into Explorer (PID: 5792)
2026-10-06 12:26:09,322 [INFO] [MainThread] [root/watcher.py:65]: Watching directory: c:\users\usuario\.config\yasb
2026-10-06 12:26:09,323 [INFO] [MainThread] [root/watcher.py:104]: Created file watcher
2026-10-06 12:26:09,338 [INFO] [MainThread] [root/update_service.py:434]: Background update checker started
2026-10-06 12:27:34,056 [WARNING] [MainThread] [deprecation/deprecation.py:161]: [DEPRECATED] BarBlurEffect: 'acrylic' - No longer supported and can be removed from the config.
2026-10-06 12:27:34,056 [INFO] [MainThread] [root/controller.py:21]: Reloading Application because of config change.
2026-10-06 12:27:34,164 [INFO] [MainThread] [cli_server/cli_server.py:114]: Log pipe server stopped
2026-10-06 12:27:34,171 [INFO] [MainThread] [root/bar_manager.py:93]: Successfully loaded updated config and re-initialised all bars.
2026-10-06 12:27:34,218 [INFO] [MainThread] [root/bar_manager.py:119]: Stopping SystemEventListener...
2026-10-06 12:27:34,641 [INFO] [MainThread] [root/log.py:103]: YASB v2.0.7
2026-10-06 12:27:34,642 [INFO] [CLIPipeServer] [cli_server/cli_server.py:216]: CLI server started v1.1.7
2026-10-06 12:27:34,642 [INFO] [MainThread] [cli_server/cli_server.py:106]: Log pipe server started
2026-10-06 12:27:34,687 [WARNING] [MainThread] [deprecation/deprecation.py:161]: [DEPRECATED] BarBlurEffect: 'acrylic' - No longer supported and can be removed from the config.
2026-10-06 12:27:35,277 [INFO] [MainThread] [root/service.py:52]: AudioOutputService starting...
2026-10-06 12:27:35,373 [INFO] [MainThread] [root/bar_manager.py:103]: Starting SystemEventListener...
2026-10-06 12:27:35,374 [INFO] [SystrayHook] [systray_hook/systray_hook.py:193]: Injecting into Explorer (PID: 5792)
2026-10-06 12:27:35,378 [INFO] [MainThread] [root/watcher.py:65]: Watching directory: c:\users\usuario\.config\yasb
2026-10-06 12:27:35,378 [INFO] [MainThread] [root/watcher.py:104]: Created file watcher
2026-10-06 12:27:35,394 [INFO] [MainThread] [root/update_service.py:434]: Background update checker started
2026-10-06 12:28:17,259 [WARNING] [MainThread] [deprecation/deprecation.py:161]: [DEPRECATED] BarBlurEffect: 'acrylic' - No longer supported and can be removed from the config.
2026-10-06 12:28:17,260 [INFO] [MainThread] [root/controller.py:21]: Reloading Application because of config change.
2026-10-06 12:28:17,364 [INFO] [MainThread] [cli_server/cli_server.py:114]: Log pipe server stopped
2026-10-06 12:28:17,371 [INFO] [MainThread] [root/bar_manager.py:93]: Successfully loaded updated config and re-initialised all bars.
2026-10-06 12:28:17,418 [INFO] [MainThread] [root/bar_manager.py:119]: Stopping SystemEventListener...
2026-10-06 12:28:17,901 [INFO] [MainThread] [root/log.py:103]: YASB v2.0.7
2026-10-06 12:28:17,902 [INFO] [CLIPipeServer] [cli_server/cli_server.py:216]: CLI server started v1.1.7
2026-10-06 12:28:17,902 [INFO] [MainThread] [cli_server/cli_server.py:106]: Log pipe server started
2026-10-06 12:28:17,948 [WARNING] [MainThread] [deprecation/deprecation.py:161]: [DEPRECATED] BarBlurEffect: 'acrylic' - No longer supported and can be removed from the config.
2026-10-06 12:28:18,526 [INFO] [MainThread] [root/service.py:52]: AudioOutputService starting...
2026-10-06 12:28:18,624 [INFO] [MainThread] [root/bar_manager.py:103]: Starting SystemEventListener...
2026-10-06 12:28:18,628 [INFO] [MainThread] [root/watcher.py:65]: Watching directory: c:\users\usuario\.config\yasb
2026-10-06 12:28:18,628 [INFO] [MainThread] [root/watcher.py:104]: Created file watcher
2026-10-06 12:28:18,629 [INFO] [SystrayHook] [systray_hook/systray_hook.py:193]: Injecting into Explorer (PID: 5792)
2026-10-06 12:28:18,642 [INFO] [MainThread] [root/update_service.py:434]: Background update checker started
2026-10-06 12:35:51,174 [INFO] [MainThread] [root/controller.py:21]: Reloading Bar from context menu...
2026-10-06 12:35:51,286 [INFO] [MainThread] [cli_server/cli_server.py:114]: Log pipe server stopped
2026-10-06 12:35:51,371 [INFO] [MainThread] [root/bar_manager.py:119]: Stopping SystemEventListener...
2026-10-06 12:35:51,811 [INFO] [MainThread] [root/log.py:103]: YASB v2.0.7
2026-10-06 12:35:51,812 [INFO] [CLIPipeServer] [cli_server/cli_server.py:216]: CLI server started v1.1.7
2026-10-06 12:35:51,812 [INFO] [MainThread] [cli_server/cli_server.py:106]: Log pipe server started
2026-10-06 12:35:51,859 [WARNING] [MainThread] [deprecation/deprecation.py:161]: [DEPRECATED] BarBlurEffect: 'acrylic' - No longer supported and can be removed from the config.
2026-10-06 12:35:52,450 [INFO] [MainThread] [root/service.py:52]: AudioOutputService starting...
2026-10-06 12:35:52,548 [INFO] [MainThread] [root/bar_manager.py:103]: Starting SystemEventListener...
2026-10-06 12:35:52,552 [INFO] [MainThread] [root/watcher.py:65]: Watching directory: c:\users\usuario\.config\yasb
2026-10-06 12:35:52,552 [INFO] [MainThread] [root/watcher.py:104]: Created file watcher
2026-10-06 12:35:52,565 [INFO] [SystrayHook] [systray_hook/systray_hook.py:193]: Injecting into Explorer (PID: 5792)
2026-10-06 12:35:52,567 [INFO] [MainThread] [root/update_service.py:434]: Background update checker started
2026-10-06 12:37:05,231 [WARNING] [MainThread] [deprecation/deprecation.py:161]: [DEPRECATED] BarBlurEffect: 'acrylic' - No longer supported and can be removed from the config.
2026-10-06 12:37:05,231 [INFO] [MainThread] [root/controller.py:21]: Reloading Application because of config change.
2026-10-06 12:37:05,338 [INFO] [MainThread] [cli_server/cli_server.py:114]: Log pipe server stopped
2026-10-06 12:37:05,345 [INFO] [MainThread] [root/bar_manager.py:93]: Successfully loaded updated config and re-initialised all bars.
2026-10-06 12:37:05,388 [INFO] [MainThread] [root/bar_manager.py:119]: Stopping SystemEventListener...
2026-10-06 12:37:05,834 [INFO] [MainThread] [root/log.py:103]: YASB v2.0.7
2026-10-06 12:37:05,835 [INFO] [CLIPipeServer] [cli_server/cli_server.py:216]: CLI server started v1.1.7
2026-10-06 12:37:05,835 [INFO] [MainThread] [cli_server/cli_server.py:106]: Log pipe server started
2026-10-06 12:37:05,881 [WARNING] [MainThread] [deprecation/deprecation.py:161]: [DEPRECATED] BarBlurEffect: 'acrylic' - No longer supported and can be removed from the config.
2026-10-06 12:37:06,384 [INFO] [yasb-audio-visualizer] [root/loopback.py:728]: Audio visualizer: loopback capture open (48000 Hz, 2 ch, 32-bit float)
2026-10-06 12:37:06,504 [INFO] [MainThread] [root/service.py:52]: AudioOutputService starting...
2026-10-06 12:37:06,597 [INFO] [MainThread] [root/bar_manager.py:103]: Starting SystemEventListener...
2026-10-06 12:37:06,600 [INFO] [MainThread] [root/watcher.py:65]: Watching directory: c:\users\usuario\.config\yasb
2026-10-06 12:37:06,600 [INFO] [MainThread] [root/watcher.py:104]: Created file watcher
2026-10-06 12:37:06,614 [INFO] [MainThread] [root/update_service.py:434]: Background update checker started
2026-10-06 12:37:06,617 [INFO] [SystrayHook] [systray_hook/systray_hook.py:193]: Injecting into Explorer (PID: 5792)
2026-10-06 12:38:02,072 [WARNING] [MainThread] [deprecation/deprecation.py:161]: [DEPRECATED] BarBlurEffect: 'acrylic' - No longer supported and can be removed from the config.
2026-10-06 12:38:02,073 [INFO] [MainThread] [root/controller.py:21]: Reloading Application because of config change.
2026-10-06 12:38:02,184 [INFO] [MainThread] [cli_server/cli_server.py:114]: Log pipe server stopped
2026-10-06 12:38:02,191 [INFO] [MainThread] [root/bar_manager.py:93]: Successfully loaded updated config and re-initialised all bars.
2026-10-06 12:38:02,241 [INFO] [MainThread] [root/bar_manager.py:119]: Stopping SystemEventListener...
2026-10-06 12:38:02,674 [INFO] [MainThread] [root/log.py:103]: YASB v2.0.7
2026-10-06 12:38:02,674 [INFO] [CLIPipeServer] [cli_server/cli_server.py:216]: CLI server started v1.1.7
2026-10-06 12:38:02,675 [INFO] [MainThread] [cli_server/cli_server.py:106]: Log pipe server started
2026-10-06 12:38:02,722 [WARNING] [MainThread] [deprecation/deprecation.py:161]: [DEPRECATED] BarBlurEffect: 'acrylic' - No longer supported and can be removed from the config.
2026-10-06 12:38:03,222 [INFO] [yasb-audio-visualizer] [root/loopback.py:728]: Audio visualizer: loopback capture open (48000 Hz, 2 ch, 32-bit float)
2026-10-06 12:38:03,363 [INFO] [MainThread] [root/service.py:52]: AudioOutputService starting...
2026-10-06 12:38:03,461 [INFO] [MainThread] [root/bar_manager.py:103]: Starting SystemEventListener...
2026-10-06 12:38:03,465 [INFO] [MainThread] [root/watcher.py:65]: Watching directory: c:\users\usuario\.config\yasb
2026-10-06 12:38:03,465 [INFO] [MainThread] [root/watcher.py:104]: Created file watcher
2026-10-06 12:38:03,465 [INFO] [SystrayHook] [systray_hook/systray_hook.py:193]: Injecting into Explorer (PID: 5792)
2026-10-06 12:38:03,480 [INFO] [MainThread] [root/update_service.py:434]: Background update checker started
2026-10-06 12:43:22,393 [WARNING] [MainThread] [deprecation/deprecation.py:161]: [DEPRECATED] BarBlurEffect: 'acrylic' - No longer supported and can be removed from the config.
2026-10-06 12:43:22,393 [INFO] [MainThread] [root/controller.py:21]: Reloading Application because of config change.
2026-10-06 12:43:22,504 [INFO] [MainThread] [cli_server/cli_server.py:114]: Log pipe server stopped
2026-10-06 12:43:22,510 [INFO] [MainThread] [root/bar_manager.py:93]: Successfully loaded updated config and re-initialised all bars.
2026-10-06 12:43:22,559 [INFO] [MainThread] [root/bar_manager.py:119]: Stopping SystemEventListener...
2026-10-06 12:43:22,988 [INFO] [MainThread] [root/log.py:103]: YASB v2.0.7
2026-10-06 12:43:22,989 [INFO] [CLIPipeServer] [cli_server/cli_server.py:216]: CLI server started v1.1.7
2026-10-06 12:43:22,989 [INFO] [MainThread] [cli_server/cli_server.py:106]: Log pipe server started
2026-10-06 12:43:23,036 [WARNING] [MainThread] [deprecation/deprecation.py:161]: [DEPRECATED] BarBlurEffect: 'acrylic' - No longer supported and can be removed from the config.
2026-10-06 12:43:23,552 [INFO] [yasb-audio-visualizer] [root/loopback.py:728]: Audio visualizer: loopback capture open (48000 Hz, 2 ch, 32-bit float)
2026-10-06 12:43:23,672 [INFO] [MainThread] [root/service.py:52]: AudioOutputService starting...
2026-10-06 12:43:23,769 [INFO] [MainThread] [root/bar_manager.py:103]: Starting SystemEventListener...
2026-10-06 12:43:23,773 [INFO] [MainThread] [root/watcher.py:65]: Watching directory: c:\users\usuario\.config\yasb
2026-10-06 12:43:23,773 [INFO] [MainThread] [root/watcher.py:104]: Created file watcher
2026-10-06 12:43:23,790 [INFO] [MainThread] [root/update_service.py:434]: Background update checker started
2026-10-06 12:43:23,800 [INFO] [SystrayHook] [systray_hook/systray_hook.py:193]: Injecting into Explorer (PID: 5792)
2026-10-06 12:57:13,523 [WARNING] [MainThread] [deprecation/deprecation.py:161]: [DEPRECATED] BarBlurEffect: 'acrylic' - No longer supported and can be removed from the config.
2026-10-06 12:57:13,524 [INFO] [MainThread] [root/controller.py:21]: Reloading Application because of config change.
2026-10-06 12:57:13,635 [INFO] [MainThread] [cli_server/cli_server.py:114]: Log pipe server stopped
2026-10-06 12:57:13,641 [INFO] [MainThread] [root/bar_manager.py:93]: Successfully loaded updated config and re-initialised all bars.
2026-10-06 12:57:13,702 [INFO] [MainThread] [root/bar_manager.py:119]: Stopping SystemEventListener...
2026-10-06 12:57:14,145 [INFO] [MainThread] [root/log.py:103]: YASB v2.0.7
2026-10-06 12:57:14,145 [INFO] [CLIPipeServer] [cli_server/cli_server.py:216]: CLI server started v1.1.7
2026-10-06 12:57:14,145 [INFO] [MainThread] [cli_server/cli_server.py:106]: Log pipe server started
2026-10-06 12:57:14,192 [WARNING] [MainThread] [deprecation/deprecation.py:161]: [DEPRECATED] BarBlurEffect: 'acrylic' - No longer supported and can be removed from the config.
2026-10-06 12:57:14,702 [INFO] [yasb-audio-visualizer] [root/loopback.py:728]: Audio visualizer: loopback capture open (48000 Hz, 2 ch, 32-bit float)
2026-10-06 12:57:14,825 [INFO] [MainThread] [root/service.py:52]: AudioOutputService starting...
2026-10-06 12:57:14,928 [INFO] [MainThread] [root/bar_manager.py:103]: Starting SystemEventListener...
2026-10-06 12:57:14,933 [INFO] [MainThread] [root/watcher.py:65]: Watching directory: c:\users\usuario\.config\yasb
2026-10-06 12:57:14,933 [INFO] [MainThread] [root/watcher.py:104]: Created file watcher
2026-10-06 12:57:14,953 [INFO] [MainThread] [root/update_service.py:434]: Background update checker started
2026-10-06 12:57:14,982 [INFO] [SystrayHook] [systray_hook/systray_hook.py:193]: Injecting into Explorer (PID: 5792)
2026-10-06 12:57:23,355 [WARNING] [MainThread] [deprecation/deprecation.py:161]: [DEPRECATED] BarBlurEffect: 'acrylic' - No longer supported and can be removed from the config.
2026-10-06 12:57:23,356 [INFO] [MainThread] [root/controller.py:21]: Reloading Application because of config change.
2026-10-06 12:57:23,462 [INFO] [MainThread] [cli_server/cli_server.py:114]: Log pipe server stopped
2026-10-06 12:57:23,468 [INFO] [MainThread] [root/bar_manager.py:93]: Successfully loaded updated config and re-initialised all bars.
2026-10-06 12:57:23,524 [INFO] [MainThread] [root/bar_manager.py:119]: Stopping SystemEventListener...
2026-10-06 12:57:23,949 [INFO] [MainThread] [root/log.py:103]: YASB v2.0.7
2026-10-06 12:57:23,950 [INFO] [CLIPipeServer] [cli_server/cli_server.py:216]: CLI server started v1.1.7
2026-10-06 12:57:23,950 [INFO] [MainThread] [cli_server/cli_server.py:106]: Log pipe server started
2026-10-06 12:57:23,996 [WARNING] [MainThread] [deprecation/deprecation.py:161]: [DEPRECATED] BarBlurEffect: 'acrylic' - No longer supported and can be removed from the config.
2026-10-06 12:57:24,484 [INFO] [yasb-audio-visualizer] [root/loopback.py:728]: Audio visualizer: loopback capture open (48000 Hz, 2 ch, 32-bit float)
2026-10-06 12:57:24,607 [INFO] [MainThread] [root/service.py:52]: AudioOutputService starting...
2026-10-06 12:57:24,710 [INFO] [MainThread] [root/bar_manager.py:103]: Starting SystemEventListener...
2026-10-06 12:57:24,716 [INFO] [MainThread] [root/watcher.py:65]: Watching directory: c:\users\usuario\.config\yasb
2026-10-06 12:57:24,716 [INFO] [MainThread] [root/watcher.py:104]: Created file watcher
2026-10-06 12:57:24,741 [INFO] [MainThread] [root/update_service.py:434]: Background update checker started
2026-10-06 12:57:24,755 [INFO] [SystrayHook] [systray_hook/systray_hook.py:193]: Injecting into Explorer (PID: 5792)
2026-10-06 12:58:08,250 [WARNING] [MainThread] [deprecation/deprecation.py:161]: [DEPRECATED] BarBlurEffect: 'acrylic' - No longer supported and can be removed from the config.
2026-10-06 12:58:08,250 [INFO] [MainThread] [root/controller.py:21]: Reloading Application because of config change.
2026-10-06 12:58:08,360 [INFO] [MainThread] [cli_server/cli_server.py:114]: Log pipe server stopped
2026-10-06 12:58:08,367 [INFO] [MainThread] [root/bar_manager.py:93]: Successfully loaded updated config and re-initialised all bars.
2026-10-06 12:58:08,428 [INFO] [MainThread] [root/bar_manager.py:119]: Stopping SystemEventListener...
2026-10-06 12:58:08,886 [INFO] [MainThread] [root/log.py:103]: YASB v2.0.7
2026-10-06 12:58:08,887 [INFO] [CLIPipeServer] [cli_server/cli_server.py:216]: CLI server started v1.1.7
2026-10-06 12:58:08,887 [INFO] [MainThread] [cli_server/cli_server.py:106]: Log pipe server started
2026-10-06 12:58:08,937 [WARNING] [MainThread] [deprecation/deprecation.py:161]: [DEPRECATED] BarBlurEffect: 'acrylic' - No longer supported and can be removed from the config.
2026-10-06 12:58:09,448 [INFO] [yasb-audio-visualizer] [root/loopback.py:728]: Audio visualizer: loopback capture open (48000 Hz, 2 ch, 32-bit float)
2026-10-06 12:58:09,569 [INFO] [MainThread] [root/service.py:52]: AudioOutputService starting...
2026-10-06 12:58:09,670 [INFO] [MainThread] [root/bar_manager.py:103]: Starting SystemEventListener...
2026-10-06 12:58:09,675 [INFO] [MainThread] [root/watcher.py:65]: Watching directory: c:\users\usuario\.config\yasb
2026-10-06 12:58:09,676 [INFO] [MainThread] [root/watcher.py:104]: Created file watcher
2026-10-06 12:58:09,691 [INFO] [MainThread] [root/update_service.py:434]: Background update checker started
2026-10-06 12:58:09,702 [INFO] [SystrayHook] [systray_hook/systray_hook.py:193]: Injecting into Explorer (PID: 5792)
2026-10-06 12:59:03,247 [WARNING] [MainThread] [deprecation/deprecation.py:161]: [DEPRECATED] BarBlurEffect: 'acrylic' - No longer supported and can be removed from the config.
2026-10-06 12:59:03,247 [INFO] [MainThread] [root/controller.py:21]: Reloading Application because of config change.
2026-10-06 12:59:03,349 [INFO] [MainThread] [cli_server/cli_server.py:114]: Log pipe server stopped
2026-10-06 12:59:03,356 [INFO] [MainThread] [root/bar_manager.py:93]: Successfully loaded updated config and re-initialised all bars.
2026-10-06 12:59:03,424 [INFO] [MainThread] [root/bar_manager.py:119]: Stopping SystemEventListener...
2026-10-06 12:59:03,864 [INFO] [MainThread] [root/log.py:103]: YASB v2.0.7
2026-10-06 12:59:03,865 [INFO] [CLIPipeServer] [cli_server/cli_server.py:216]: CLI server started v1.1.7
2026-10-06 12:59:03,865 [INFO] [MainThread] [cli_server/cli_server.py:106]: Log pipe server started
2026-10-06 12:59:03,918 [WARNING] [MainThread] [deprecation/deprecation.py:161]: [DEPRECATED] BarBlurEffect: 'acrylic' - No longer supported and can be removed from the config.
2026-10-06 12:59:04,405 [INFO] [yasb-audio-visualizer] [root/loopback.py:728]: Audio visualizer: loopback capture open (48000 Hz, 2 ch, 32-bit float)
2026-10-06 12:59:04,528 [INFO] [MainThread] [root/service.py:52]: AudioOutputService starting...
2026-10-06 12:59:04,626 [INFO] [MainThread] [root/bar_manager.py:103]: Starting SystemEventListener...
2026-10-06 12:59:04,626 [ERROR] [MainThread] [root/widget_builder.py:114]: Failed to validate widget(s) due to invalid options  - language
      rewrite:
      - Extra inputs are not permitted
      
2026-10-06 12:59:04,654 [INFO] [MainThread] [root/watcher.py:65]: Watching directory: c:\users\usuario\.config\yasb
2026-10-06 12:59:04,654 [INFO] [MainThread] [root/watcher.py:104]: Created file watcher
2026-10-06 12:59:04,668 [INFO] [MainThread] [root/update_service.py:434]: Background update checker started
2026-10-06 12:59:04,668 [INFO] [SystrayHook] [systray_hook/systray_hook.py:193]: Injecting into Explorer (PID: 5792)
2026-10-06 12:59:16,883 [WARNING] [MainThread] [deprecation/deprecation.py:161]: [DEPRECATED] BarBlurEffect: 'acrylic' - No longer supported and can be removed from the config.
2026-10-06 12:59:16,884 [INFO] [MainThread] [root/controller.py:21]: Reloading Application because of config change.
2026-10-06 12:59:16,996 [INFO] [MainThread] [cli_server/cli_server.py:114]: Log pipe server stopped
2026-10-06 12:59:17,002 [INFO] [MainThread] [root/bar_manager.py:93]: Successfully loaded updated config and re-initialised all bars.
2026-10-06 12:59:17,063 [INFO] [MainThread] [root/bar_manager.py:119]: Stopping SystemEventListener...
2026-10-06 12:59:17,494 [INFO] [MainThread] [root/log.py:103]: YASB v2.0.7
2026-10-06 12:59:17,495 [INFO] [CLIPipeServer] [cli_server/cli_server.py:216]: CLI server started v1.1.7
2026-10-06 12:59:17,495 [INFO] [MainThread] [cli_server/cli_server.py:106]: Log pipe server started
2026-10-06 12:59:17,541 [WARNING] [MainThread] [deprecation/deprecation.py:161]: [DEPRECATED] BarBlurEffect: 'acrylic' - No longer supported and can be removed from the config.
2026-10-06 12:59:18,033 [INFO] [yasb-audio-visualizer] [root/loopback.py:728]: Audio visualizer: loopback capture open (48000 Hz, 2 ch, 32-bit float)
2026-10-06 12:59:18,154 [INFO] [MainThread] [root/service.py:52]: AudioOutputService starting...
2026-10-06 12:59:18,255 [INFO] [MainThread] [root/bar_manager.py:103]: Starting SystemEventListener...
2026-10-06 12:59:18,255 [ERROR] [MainThread] [root/widget_builder.py:114]: Failed to validate widget(s) due to invalid options  - language
      rewrite:
      - Extra inputs are not permitted
      
2026-10-06 12:59:18,281 [INFO] [MainThread] [root/watcher.py:65]: Watching directory: c:\users\usuario\.config\yasb
2026-10-06 12:59:18,281 [INFO] [MainThread] [root/watcher.py:104]: Created file watcher
2026-10-06 12:59:18,294 [INFO] [MainThread] [root/update_service.py:434]: Background update checker started
2026-10-06 12:59:18,296 [INFO] [SystrayHook] [systray_hook/systray_hook.py:193]: Injecting into Explorer (PID: 5792)
2026-10-06 12:59:31,751 [WARNING] [MainThread] [deprecation/deprecation.py:161]: [DEPRECATED] BarBlurEffect: 'acrylic' - No longer supported and can be removed from the config.
2026-10-06 12:59:31,751 [INFO] [MainThread] [root/controller.py:21]: Reloading Application because of config change.
2026-10-06 12:59:31,863 [INFO] [MainThread] [cli_server/cli_server.py:114]: Log pipe server stopped
2026-10-06 12:59:31,869 [INFO] [MainThread] [root/bar_manager.py:93]: Successfully loaded updated config and re-initialised all bars.
2026-10-06 12:59:31,932 [INFO] [MainThread] [root/bar_manager.py:119]: Stopping SystemEventListener...
2026-10-06 12:59:32,356 [INFO] [MainThread] [root/log.py:103]: YASB v2.0.7
2026-10-06 12:59:32,357 [INFO] [CLIPipeServer] [cli_server/cli_server.py:216]: CLI server started v1.1.7
2026-10-06 12:59:32,357 [INFO] [MainThread] [cli_server/cli_server.py:106]: Log pipe server started
2026-10-06 12:59:32,404 [WARNING] [MainThread] [deprecation/deprecation.py:161]: [DEPRECATED] BarBlurEffect: 'acrylic' - No longer supported and can be removed from the config.
2026-10-06 12:59:32,896 [INFO] [yasb-audio-visualizer] [root/loopback.py:728]: Audio visualizer: loopback capture open (48000 Hz, 2 ch, 32-bit float)
2026-10-06 12:59:33,014 [INFO] [MainThread] [root/service.py:52]: AudioOutputService starting...
2026-10-06 12:59:33,113 [INFO] [MainThread] [root/bar_manager.py:103]: Starting SystemEventListener...
2026-10-06 12:59:33,113 [ERROR] [MainThread] [root/widget_builder.py:114]: Failed to validate widget(s) due to invalid options  - language
      rewrite:
      - Extra inputs are not permitted
      
2026-10-06 12:59:33,140 [INFO] [MainThread] [root/watcher.py:65]: Watching directory: c:\users\usuario\.config\yasb
2026-10-06 12:59:33,141 [INFO] [MainThread] [root/watcher.py:104]: Created file watcher
2026-10-06 12:59:33,152 [INFO] [MainThread] [root/update_service.py:434]: Background update checker started
2026-10-06 12:59:33,157 [INFO] [SystrayHook] [systray_hook/systray_hook.py:193]: Injecting into Explorer (PID: 5792)
2026-10-06 13:01:13,764 [WARNING] [MainThread] [deprecation/deprecation.py:161]: [DEPRECATED] BarBlurEffect: 'acrylic' - No longer supported and can be removed from the config.
2026-10-06 13:01:13,764 [INFO] [MainThread] [root/controller.py:21]: Reloading Application because of config change.
2026-10-06 13:01:13,875 [INFO] [MainThread] [cli_server/cli_server.py:114]: Log pipe server stopped
2026-10-06 13:01:13,882 [INFO] [MainThread] [root/bar_manager.py:93]: Successfully loaded updated config and re-initialised all bars.
2026-10-06 13:01:13,945 [INFO] [MainThread] [root/bar_manager.py:119]: Stopping SystemEventListener...
2026-10-06 13:01:14,412 [INFO] [MainThread] [root/log.py:103]: YASB v2.0.7
2026-10-06 13:01:14,412 [INFO] [CLIPipeServer] [cli_server/cli_server.py:216]: CLI server started v1.1.7
2026-10-06 13:01:14,412 [INFO] [MainThread] [cli_server/cli_server.py:106]: Log pipe server started
2026-10-06 13:01:14,461 [WARNING] [MainThread] [deprecation/deprecation.py:161]: [DEPRECATED] BarBlurEffect: 'acrylic' - No longer supported and can be removed from the config.
2026-10-06 13:01:14,954 [INFO] [yasb-audio-visualizer] [root/loopback.py:728]: Audio visualizer: loopback capture open (48000 Hz, 2 ch, 32-bit float)
2026-10-06 13:01:15,025 [ERROR] [MainThread] [root/base.py:133]: Failed to execute callback of type 'update_label' with args: []
Traceback (most recent call last):
  File "D:\a\yasb\yasb\src\core\widgets\base.py", line 131, in _run_callback
  File "D:\a\yasb\yasb\src\core\widgets\yasb\language.py", line 107, in _update_label
KeyError: 'data'
2026-10-06 13:01:15,076 [INFO] [MainThread] [root/service.py:52]: AudioOutputService starting...
2026-10-06 13:01:15,175 [INFO] [MainThread] [root/bar_manager.py:103]: Starting SystemEventListener...
2026-10-06 13:01:15,180 [INFO] [MainThread] [root/watcher.py:65]: Watching directory: c:\users\usuario\.config\yasb
2026-10-06 13:01:15,180 [INFO] [MainThread] [root/watcher.py:104]: Created file watcher
2026-10-06 13:01:15,197 [INFO] [MainThread] [root/update_service.py:434]: Background update checker started
2026-10-06 13:01:15,209 [INFO] [SystrayHook] [systray_hook/systray_hook.py:193]: Injecting into Explorer (PID: 5792)
2026-10-06 13:01:16,024 [ERROR] [MainThread] [root/base.py:133]: Failed to execute callback of type 'update_label' with args: []
Traceback (most recent call last):
  File "D:\a\yasb\yasb\src\core\widgets\base.py", line 131, in _run_callback
  File "D:\a\yasb\yasb\src\core\widgets\yasb\language.py", line 107, in _update_label
KeyError: 'data'
2026-10-06 13:01:17,016 [ERROR] [MainThread] [root/base.py:133]: Failed to execute callback of type 'update_label' with args: []
Traceback (most recent call last):
  File "D:\a\yasb\yasb\src\core\widgets\base.py", line 131, in _run_callback
  File "D:\a\yasb\yasb\src\core\widgets\yasb\language.py", line 107, in _update_label
KeyError: 'data'
2026-10-06 13:01:18,025 [ERROR] [MainThread] [root/base.py:133]: Failed to execute callback of type 'update_label' with args: []
Traceback (most recent call last):
  File "D:\a\yasb\yasb\src\core\widgets\base.py", line 131, in _run_callback
  File "D:\a\yasb\yasb\src\core\widgets\yasb\language.py", line 107, in _update_label
KeyError: 'data'
2026-10-06 13:01:19,020 [ERROR] [MainThread] [root/base.py:133]: Failed to execute callback of type 'update_label' with args: []
Traceback (most recent call last):
  File "D:\a\yasb\yasb\src\core\widgets\base.py", line 131, in _run_callback
  File "D:\a\yasb\yasb\src\core\widgets\yasb\language.py", line 107, in _update_label
KeyError: 'data'
2026-10-06 13:01:20,022 [ERROR] [MainThread] [root/base.py:133]: Failed to execute callback of type 'update_label' with args: []
Traceback (most recent call last):
  File "D:\a\yasb\yasb\src\core\widgets\base.py", line 131, in _run_callback
  File "D:\a\yasb\yasb\src\core\widgets\yasb\language.py", line 107, in _update_label
KeyError: 'data'
2026-10-06 13:01:21,024 [ERROR] [MainThread] [root/base.py:133]: Failed to execute callback of type 'update_label' with args: []
Traceback (most recent call last):
  File "D:\a\yasb\yasb\src\core\widgets\base.py", line 131, in _run_callback
  File "D:\a\yasb\yasb\src\core\widgets\yasb\language.py", line 107, in _update_label
KeyError: 'data'
2026-10-06 13:01:22,015 [ERROR] [MainThread] [root/base.py:133]: Failed to execute callback of type 'update_label' with args: []
Traceback (most recent call last):
  File "D:\a\yasb\yasb\src\core\widgets\base.py", line 131, in _run_callback
  File "D:\a\yasb\yasb\src\core\widgets\yasb\language.py", line 107, in _update_label
KeyError: 'data'
2026-10-06 13:01:23,017 [ERROR] [MainThread] [root/base.py:133]: Failed to execute callback of type 'update_label' with args: []
Traceback (most recent call last):
  File "D:\a\yasb\yasb\src\core\widgets\base.py", line 131, in _run_callback
  File "D:\a\yasb\yasb\src\core\widgets\yasb\language.py", line 107, in _update_label
KeyError: 'data'
2026-10-06 13:01:24,026 [ERROR] [MainThread] [root/base.py:133]: Failed to execute callback of type 'update_label' with args: []
Traceback (most recent call last):
  File "D:\a\yasb\yasb\src\core\widgets\base.py", line 131, in _run_callback
  File "D:\a\yasb\yasb\src\core\widgets\yasb\language.py", line 107, in _update_label
KeyError: 'data'
2026-10-06 13:01:25,020 [ERROR] [MainThread] [root/base.py:133]: Failed to execute callback of type 'update_label' with args: []
Traceback (most recent call last):
  File "D:\a\yasb\yasb\src\core\widgets\base.py", line 131, in _run_callback
  File "D:\a\yasb\yasb\src\core\widgets\yasb\language.py", line 107, in _update_label
KeyError: 'data'
2026-10-06 13:01:26,026 [ERROR] [MainThread] [root/base.py:133]: Failed to execute callback of type 'update_label' with args: []
Traceback (most recent call last):
  File "D:\a\yasb\yasb\src\core\widgets\base.py", line 131, in _run_callback
  File "D:\a\yasb\yasb\src\core\widgets\yasb\language.py", line 107, in _update_label
KeyError: 'data'
2026-10-06 13:01:27,015 [ERROR] [MainThread] [root/base.py:133]: Failed to execute callback of type 'update_label' with args: []
Traceback (most recent call last):
  File "D:\a\yasb\yasb\src\core\widgets\base.py", line 131, in _run_callback
  File "D:\a\yasb\yasb\src\core\widgets\yasb\language.py", line 107, in _update_label
KeyError: 'data'
2026-10-06 13:01:28,021 [ERROR] [MainThread] [root/base.py:133]: Failed to execute callback of type 'update_label' with args: []
Traceback (most recent call last):
  File "D:\a\yasb\yasb\src\core\widgets\base.py", line 131, in _run_callback
  File "D:\a\yasb\yasb\src\core\widgets\yasb\language.py", line 107, in _update_label
KeyError: 'data'
2026-10-06 13:01:29,021 [ERROR] [MainThread] [root/base.py:133]: Failed to execute callback of type 'update_label' with args: []
Traceback (most recent call last):
  File "D:\a\yasb\yasb\src\core\widgets\base.py", line 131, in _run_callback
  File "D:\a\yasb\yasb\src\core\widgets\yasb\language.py", line 107, in _update_label
KeyError: 'data'
2026-10-06 13:01:30,025 [ERROR] [MainThread] [root/base.py:133]: Failed to execute callback of type 'update_label' with args: []
Traceback (most recent call last):
  File "D:\a\yasb\yasb\src\core\widgets\base.py", line 131, in _run_callback
  File "D:\a\yasb\yasb\src\core\widgets\yasb\language.py", line 107, in _update_label
KeyError: 'data'
2026-10-06 13:01:31,030 [ERROR] [MainThread] [root/base.py:133]: Failed to execute callback of type 'update_label' with args: []
Traceback (most recent call last):
  File "D:\a\yasb\yasb\src\core\widgets\base.py", line 131, in _run_callback
  File "D:\a\yasb\yasb\src\core\widgets\yasb\language.py", line 107, in _update_label
KeyError: 'data'
2026-10-06 13:01:32,016 [ERROR] [MainThread] [root/base.py:133]: Failed to execute callback of type 'update_label' with args: []
Traceback (most recent call last):
  File "D:\a\yasb\yasb\src\core\widgets\base.py", line 131, in _run_callback
  File "D:\a\yasb\yasb\src\core\widgets\yasb\language.py", line 107, in _update_label
KeyError: 'data'
2026-10-06 13:01:33,029 [ERROR] [MainThread] [root/base.py:133]: Failed to execute callback of type 'update_label' with args: []
Traceback (most recent call last):
  File "D:\a\yasb\yasb\src\core\widgets\base.py", line 131, in _run_callback
  File "D:\a\yasb\yasb\src\core\widgets\yasb\language.py", line 107, in _update_label
KeyError: 'data'
2026-10-06 13:01:34,026 [ERROR] [MainThread] [root/base.py:133]: Failed to execute callback of type 'update_label' with args: []
Traceback (most recent call last):
  File "D:\a\yasb\yasb\src\core\widgets\base.py", line 131, in _run_callback
  File "D:\a\yasb\yasb\src\core\widgets\yasb\language.py", line 107, in _update_label
KeyError: 'data'
2026-10-06 13:01:35,026 [ERROR] [MainThread] [root/base.py:133]: Failed to execute callback of type 'update_label' with args: []
Traceback (most recent call last):
  File "D:\a\yasb\yasb\src\core\widgets\base.py", line 131, in _run_callback
  File "D:\a\yasb\yasb\src\core\widgets\yasb\language.py", line 107, in _update_label
KeyError: 'data'
2026-10-06 13:01:36,027 [ERROR] [MainThread] [root/base.py:133]: Failed to execute callback of type 'update_label' with args: []
Traceback (most recent call last):
  File "D:\a\yasb\yasb\src\core\widgets\base.py", line 131, in _run_callback
  File "D:\a\yasb\yasb\src\core\widgets\yasb\language.py", line 107, in _update_label
KeyError: 'data'
2026-10-06 13:01:37,022 [ERROR] [MainThread] [root/base.py:133]: Failed to execute callback of type 'update_label' with args: []
Traceback (most recent call last):
  File "D:\a\yasb\yasb\src\core\widgets\base.py", line 131, in _run_callback
  File "D:\a\yasb\yasb\src\core\widgets\yasb\language.py", line 107, in _update_label
KeyError: 'data'
2026-10-06 13:01:38,016 [ERROR] [MainThread] [root/base.py:133]: Failed to execute callback of type 'update_label' with args: []
Traceback (most recent call last):
  File "D:\a\yasb\yasb\src\core\widgets\base.py", line 131, in _run_callback
  File "D:\a\yasb\yasb\src\core\widgets\yasb\language.py", line 107, in _update_label
KeyError: 'data'
2026-10-06 13:01:39,016 [ERROR] [MainThread] [root/base.py:133]: Failed to execute callback of type 'update_label' with args: []
Traceback (most recent call last):
  File "D:\a\yasb\yasb\src\core\widgets\base.py", line 131, in _run_callback
  File "D:\a\yasb\yasb\src\core\widgets\yasb\language.py", line 107, in _update_label
KeyError: 'data'
2026-10-06 13:01:40,026 [ERROR] [MainThread] [root/base.py:133]: Failed to execute callback of type 'update_label' with args: []
Traceback (most recent call last):
  File "D:\a\yasb\yasb\src\core\widgets\base.py", line 131, in _run_callback
  File "D:\a\yasb\yasb\src\core\widgets\yasb\language.py", line 107, in _update_label
KeyError: 'data'
2026-10-06 13:01:41,020 [ERROR] [MainThread] [root/base.py:133]: Failed to execute callback of type 'update_label' with args: []
Traceback (most recent call last):
  File "D:\a\yasb\yasb\src\core\widgets\base.py", line 131, in _run_callback
  File "D:\a\yasb\yasb\src\core\widgets\yasb\language.py", line 107, in _update_label
KeyError: 'data'
2026-10-06 13:01:42,023 [ERROR] [MainThread] [root/base.py:133]: Failed to execute callback of type 'update_label' with args: []
Traceback (most recent call last):
  File "D:\a\yasb\yasb\src\core\widgets\base.py", line 131, in _run_callback
  File "D:\a\yasb\yasb\src\core\widgets\yasb\language.py", line 107, in _update_label
KeyError: 'data'
2026-10-06 13:01:43,016 [ERROR] [MainThread] [root/base.py:133]: Failed to execute callback of type 'update_label' with args: []
Traceback (most recent call last):
  File "D:\a\yasb\yasb\src\core\widgets\base.py", line 131, in _run_callback
  File "D:\a\yasb\yasb\src\core\widgets\yasb\language.py", line 107, in _update_label
KeyError: 'data'
2026-10-06 13:01:44,015 [ERROR] [MainThread] [root/base.py:133]: Failed to execute callback of type 'update_label' with args: []
Traceback (most recent call last):
  File "D:\a\yasb\yasb\src\core\widgets\base.py", line 131, in _run_callback
  File "D:\a\yasb\yasb\src\core\widgets\yasb\language.py", line 107, in _update_label
KeyError: 'data'
2026-10-06 13:01:45,015 [ERROR] [MainThread] [root/base.py:133]: Failed to execute callback of type 'update_label' with args: []
Traceback (most recent call last):
  File "D:\a\yasb\yasb\src\core\widgets\base.py", line 131, in _run_callback
  File "D:\a\yasb\yasb\src\core\widgets\yasb\language.py", line 107, in _update_label
KeyError: 'data'
2026-10-06 13:01:46,023 [ERROR] [MainThread] [root/base.py:133]: Failed to execute callback of type 'update_label' with args: []
Traceback (most recent call last):
  File "D:\a\yasb\yasb\src\core\widgets\base.py", line 131, in _run_callback
  File "D:\a\yasb\yasb\src\core\widgets\yasb\language.py", line 107, in _update_label
KeyError: 'data'
2026-10-06 13:01:47,014 [ERROR] [MainThread] [root/base.py:133]: Failed to execute callback of type 'update_label' with args: []
Traceback (most recent call last):
  File "D:\a\yasb\yasb\src\core\widgets\base.py", line 131, in _run_callback
  File "D:\a\yasb\yasb\src\core\widgets\yasb\language.py", line 107, in _update_label
KeyError: 'data'
2026-10-06 13:01:48,021 [ERROR] [MainThread] [root/base.py:133]: Failed to execute callback of type 'update_label' with args: []
Traceback (most recent call last):
  File "D:\a\yasb\yasb\src\core\widgets\base.py", line 131, in _run_callback
  File "D:\a\yasb\yasb\src\core\widgets\yasb\language.py", line 107, in _update_label
KeyError: 'data'
2026-10-06 13:01:49,015 [ERROR] [MainThread] [root/base.py:133]: Failed to execute callback of type 'update_label' with args: []
Traceback (most recent call last):
  File "D:\a\yasb\yasb\src\core\widgets\base.py", line 131, in _run_callback
  File "D:\a\yasb\yasb\src\core\widgets\yasb\language.py", line 107, in _update_label
KeyError: 'data'
2026-10-06 13:01:50,023 [ERROR] [MainThread] [root/base.py:133]: Failed to execute callback of type 'update_label' with args: []
Traceback (most recent call last):
  File "D:\a\yasb\yasb\src\core\widgets\base.py", line 131, in _run_callback
  File "D:\a\yasb\yasb\src\core\widgets\yasb\language.py", line 107, in _update_label
KeyError: 'data'
2026-10-06 13:01:51,015 [ERROR] [MainThread] [root/base.py:133]: Failed to execute callback of type 'update_label' with args: []
Traceback (most recent call last):
  File "D:\a\yasb\yasb\src\core\widgets\base.py", line 131, in _run_callback
  File "D:\a\yasb\yasb\src\core\widgets\yasb\language.py", line 107, in _update_label
KeyError: 'data'
2026-10-06 13:01:52,025 [ERROR] [MainThread] [root/base.py:133]: Failed to execute callback of type 'update_label' with args: []
Traceback (most recent call last):
  File "D:\a\yasb\yasb\src\core\widgets\base.py", line 131, in _run_callback
  File "D:\a\yasb\yasb\src\core\widgets\yasb\language.py", line 107, in _update_label
KeyError: 'data'
2026-10-06 13:01:53,018 [ERROR] [MainThread] [root/base.py:133]: Failed to execute callback of type 'update_label' with args: []
Traceback (most recent call last):
  File "D:\a\yasb\yasb\src\core\widgets\base.py", line 131, in _run_callback
  File "D:\a\yasb\yasb\src\core\widgets\yasb\language.py", line 107, in _update_label
KeyError: 'data'
2026-10-06 13:01:54,014 [ERROR] [MainThread] [root/base.py:133]: Failed to execute callback of type 'update_label' with args: []
Traceback (most recent call last):
  File "D:\a\yasb\yasb\src\core\widgets\base.py", line 131, in _run_callback
  File "D:\a\yasb\yasb\src\core\widgets\yasb\language.py", line 107, in _update_label
KeyError: 'data'
2026-10-06 13:01:55,021 [ERROR] [MainThread] [root/base.py:133]: Failed to execute callback of type 'update_label' with args: []
Traceback (most recent call last):
  File "D:\a\yasb\yasb\src\core\widgets\base.py", line 131, in _run_callback
  File "D:\a\yasb\yasb\src\core\widgets\yasb\language.py", line 107, in _update_label
KeyError: 'data'
2026-10-06 13:01:56,015 [ERROR] [MainThread] [root/base.py:133]: Failed to execute callback of type 'update_label' with args: []
Traceback (most recent call last):
  File "D:\a\yasb\yasb\src\core\widgets\base.py", line 131, in _run_callback
  File "D:\a\yasb\yasb\src\core\widgets\yasb\language.py", line 107, in _update_label
KeyError: 'data'
2026-10-06 13:01:57,022 [ERROR] [MainThread] [root/base.py:133]: Failed to execute callback of type 'update_label' with args: []
Traceback (most recent call last):
  File "D:\a\yasb\yasb\src\core\widgets\base.py", line 131, in _run_callback
  File "D:\a\yasb\yasb\src\core\widgets\yasb\language.py", line 107, in _update_label
KeyError: 'data'
2026-10-06 13:01:58,020 [ERROR] [MainThread] [root/base.py:133]: Failed to execute callback of type 'update_label' with args: []
Traceback (most recent call last):
  File "D:\a\yasb\yasb\src\core\widgets\base.py", line 131, in _run_callback
  File "D:\a\yasb\yasb\src\core\widgets\yasb\language.py", line 107, in _update_label
KeyError: 'data'
2026-10-06 13:01:59,026 [ERROR] [MainThread] [root/base.py:133]: Failed to execute callback of type 'update_label' with args: []
Traceback (most recent call last):
  File "D:\a\yasb\yasb\src\core\widgets\base.py", line 131, in _run_callback
  File "D:\a\yasb\yasb\src\core\widgets\yasb\language.py", line 107, in _update_label
KeyError: 'data'
2026-10-06 13:02:00,016 [ERROR] [MainThread] [root/base.py:133]: Failed to execute callback of type 'update_label' with args: []
Traceback (most recent call last):
  File "D:\a\yasb\yasb\src\core\widgets\base.py", line 131, in _run_callback
  File "D:\a\yasb\yasb\src\core\widgets\yasb\language.py", line 107, in _update_label
KeyError: 'data'
2026-10-06 13:02:01,015 [ERROR] [MainThread] [root/base.py:133]: Failed to execute callback of type 'update_label' with args: []
Traceback (most recent call last):
  File "D:\a\yasb\yasb\src\core\widgets\base.py", line 131, in _run_callback
  File "D:\a\yasb\yasb\src\core\widgets\yasb\language.py", line 107, in _update_label
KeyError: 'data'
2026-10-06 13:02:02,019 [ERROR] [MainThread] [root/base.py:133]: Failed to execute callback of type 'update_label' with args: []
Traceback (most recent call last):
  File "D:\a\yasb\yasb\src\core\widgets\base.py", line 131, in _run_callback
  File "D:\a\yasb\yasb\src\core\widgets\yasb\language.py", line 107, in _update_label
KeyError: 'data'
2026-10-06 13:02:03,017 [ERROR] [MainThread] [root/base.py:133]: Failed to execute callback of type 'update_label' with args: []
Traceback (most recent call last):
  File "D:\a\yasb\yasb\src\core\widgets\base.py", line 131, in _run_callback
  File "D:\a\yasb\yasb\src\core\widgets\yasb\language.py", line 107, in _update_label
KeyError: 'data'
2026-10-06 13:02:04,018 [ERROR] [MainThread] [root/base.py:133]: Failed to execute callback of type 'update_label' with args: []
Traceback (most recent call last):
  File "D:\a\yasb\yasb\src\core\widgets\base.py", line 131, in _run_callback
  File "D:\a\yasb\yasb\src\core\widgets\yasb\language.py", line 107, in _update_label
KeyError: 'data'
2026-10-06 13:02:05,016 [ERROR] [MainThread] [root/base.py:133]: Failed to execute callback of type 'update_label' with args: []
Traceback (most recent call last):
  File "D:\a\yasb\yasb\src\core\widgets\base.py", line 131, in _run_callback
  File "D:\a\yasb\yasb\src\core\widgets\yasb\language.py", line 107, in _update_label
KeyError: 'data'
2026-10-06 13:02:06,019 [ERROR] [MainThread] [root/base.py:133]: Failed to execute callback of type 'update_label' with args: []
Traceback (most recent call last):
  File "D:\a\yasb\yasb\src\core\widgets\base.py", line 131, in _run_callback
  File "D:\a\yasb\yasb\src\core\widgets\yasb\language.py", line 107, in _update_label
KeyError: 'data'
2026-10-06 13:02:07,028 [ERROR] [MainThread] [root/base.py:133]: Failed to execute callback of type 'update_label' with args: []
Traceback (most recent call last):
  File "D:\a\yasb\yasb\src\core\widgets\base.py", line 131, in _run_callback
  File "D:\a\yasb\yasb\src\core\widgets\yasb\language.py", line 107, in _update_label
KeyError: 'data'
2026-10-06 13:02:08,023 [ERROR] [MainThread] [root/base.py:133]: Failed to execute callback of type 'update_label' with args: []
Traceback (most recent call last):
  File "D:\a\yasb\yasb\src\core\widgets\base.py", line 131, in _run_callback
  File "D:\a\yasb\yasb\src\core\widgets\yasb\language.py", line 107, in _update_label
KeyError: 'data'
2026-10-06 13:02:09,023 [ERROR] [MainThread] [root/base.py:133]: Failed to execute callback of type 'update_label' with args: []
Traceback (most recent call last):
  File "D:\a\yasb\yasb\src\core\widgets\base.py", line 131, in _run_callback
  File "D:\a\yasb\yasb\src\core\widgets\yasb\language.py", line 107, in _update_label
KeyError: 'data'
2026-10-06 13:02:10,022 [ERROR] [MainThread] [root/base.py:133]: Failed to execute callback of type 'update_label' with args: []
Traceback (most recent call last):
  File "D:\a\yasb\yasb\src\core\widgets\base.py", line 131, in _run_callback
  File "D:\a\yasb\yasb\src\core\widgets\yasb\language.py", line 107, in _update_label
KeyError: 'data'
2026-10-06 13:02:11,020 [ERROR] [MainThread] [root/base.py:133]: Failed to execute callback of type 'update_label' with args: []
Traceback (most recent call last):
  File "D:\a\yasb\yasb\src\core\widgets\base.py", line 131, in _run_callback
  File "D:\a\yasb\yasb\src\core\widgets\yasb\language.py", line 107, in _update_label
KeyError: 'data'
2026-10-06 13:02:12,021 [ERROR] [MainThread] [root/base.py:133]: Failed to execute callback of type 'update_label' with args: []
Traceback (most recent call last):
  File "D:\a\yasb\yasb\src\core\widgets\base.py", line 131, in _run_callback
  File "D:\a\yasb\yasb\src\core\widgets\yasb\language.py", line 107, in _update_label
KeyError: 'data'
2026-10-06 13:02:13,023 [ERROR] [MainThread] [root/base.py:133]: Failed to execute callback of type 'update_label' with args: []
Traceback (most recent call last):
  File "D:\a\yasb\yasb\src\core\widgets\base.py", line 131, in _run_callback
  File "D:\a\yasb\yasb\src\core\widgets\yasb\language.py", line 107, in _update_label
KeyError: 'data'
2026-10-06 13:02:14,017 [ERROR] [MainThread] [root/base.py:133]: Failed to execute callback of type 'update_label' with args: []
Traceback (most recent call last):
  File "D:\a\yasb\yasb\src\core\widgets\base.py", line 131, in _run_callback
  File "D:\a\yasb\yasb\src\core\widgets\yasb\language.py", line 107, in _update_label
KeyError: 'data'
2026-10-06 13:02:15,023 [ERROR] [MainThread] [root/base.py:133]: Failed to execute callback of type 'update_label' with args: []
Traceback (most recent call last):
  File "D:\a\yasb\yasb\src\core\widgets\base.py", line 131, in _run_callback
  File "D:\a\yasb\yasb\src\core\widgets\yasb\language.py", line 107, in _update_label
KeyError: 'data'
2026-10-06 13:02:16,027 [ERROR] [MainThread] [root/base.py:133]: Failed to execute callback of type 'update_label' with args: []
Traceback (most recent call last):
  File "D:\a\yasb\yasb\src\core\widgets\base.py", line 131, in _run_callback
  File "D:\a\yasb\yasb\src\core\widgets\yasb\language.py", line 107, in _update_label
KeyError: 'data'
2026-10-06 13:02:17,023 [ERROR] [MainThread] [root/base.py:133]: Failed to execute callback of type 'update_label' with args: []
Traceback (most recent call last):
  File "D:\a\yasb\yasb\src\core\widgets\base.py", line 131, in _run_callback
  File "D:\a\yasb\yasb\src\core\widgets\yasb\language.py", line 107, in _update_label
KeyError: 'data'
2026-10-06 13:02:18,022 [ERROR] [MainThread] [root/base.py:133]: Failed to execute callback of type 'update_label' with args: []
Traceback (most recent call last):
  File "D:\a\yasb\yasb\src\core\widgets\base.py", line 131, in _run_callback
  File "D:\a\yasb\yasb\src\core\widgets\yasb\language.py", line 107, in _update_label
KeyError: 'data'
2026-10-06 13:02:19,024 [ERROR] [MainThread] [root/base.py:133]: Failed to execute callback of type 'update_label' with args: []
Traceback (most recent call last):
  File "D:\a\yasb\yasb\src\core\widgets\base.py", line 131, in _run_callback
  File "D:\a\yasb\yasb\src\core\widgets\yasb\language.py", line 107, in _update_label
KeyError: 'data'
2026-10-06 13:02:20,025 [ERROR] [MainThread] [root/base.py:133]: Failed to execute callback of type 'update_label' with args: []
Traceback (most recent call last):
  File "D:\a\yasb\yasb\src\core\widgets\base.py", line 131, in _run_callback
  File "D:\a\yasb\yasb\src\core\widgets\yasb\language.py", line 107, in _update_label
KeyError: 'data'
2026-10-06 13:02:20,316 [WARNING] [MainThread] [deprecation/deprecation.py:161]: [DEPRECATED] BarBlurEffect: 'acrylic' - No longer supported and can be removed from the config.
2026-10-06 13:02:20,317 [INFO] [MainThread] [root/controller.py:21]: Reloading Application because of config change.
2026-10-06 13:02:20,429 [INFO] [MainThread] [cli_server/cli_server.py:114]: Log pipe server stopped
2026-10-06 13:02:20,436 [INFO] [MainThread] [root/bar_manager.py:93]: Successfully loaded updated config and re-initialised all bars.
2026-10-06 13:02:20,498 [INFO] [MainThread] [root/bar_manager.py:119]: Stopping SystemEventListener...
2026-10-06 13:02:20,911 [INFO] [MainThread] [root/log.py:103]: YASB v2.0.7
2026-10-06 13:02:20,911 [INFO] [CLIPipeServer] [cli_server/cli_server.py:216]: CLI server started v1.1.7
2026-10-06 13:02:20,912 [INFO] [MainThread] [cli_server/cli_server.py:106]: Log pipe server started
2026-10-06 13:02:20,958 [WARNING] [MainThread] [deprecation/deprecation.py:161]: [DEPRECATED] BarBlurEffect: 'acrylic' - No longer supported and can be removed from the config.
2026-10-06 13:02:21,445 [INFO] [yasb-audio-visualizer] [root/loopback.py:728]: Audio visualizer: loopback capture open (48000 Hz, 2 ch, 32-bit float)
2026-10-06 13:02:21,559 [INFO] [MainThread] [root/service.py:52]: AudioOutputService starting...
2026-10-06 13:02:21,654 [INFO] [MainThread] [root/bar_manager.py:103]: Starting SystemEventListener...
2026-10-06 13:02:21,658 [INFO] [MainThread] [root/watcher.py:65]: Watching directory: c:\users\usuario\.config\yasb
2026-10-06 13:02:21,658 [INFO] [MainThread] [root/watcher.py:104]: Created file watcher
2026-10-06 13:02:21,675 [INFO] [MainThread] [root/update_service.py:434]: Background update checker started
2026-10-06 13:02:21,704 [INFO] [SystrayHook] [systray_hook/systray_hook.py:193]: Injecting into Explorer (PID: 5792)
2026-10-06 13:11:01,521 [INFO] [MainThread] [root/controller.py:21]: Reloading Bar from context menu...
2026-10-06 13:11:01,633 [INFO] [MainThread] [cli_server/cli_server.py:114]: Log pipe server stopped
2026-10-06 13:11:01,633 [DEBUG] [MainThread] [cli_server/cli_server.py:210]: CLI server stopped
2026-10-06 13:11:01,716 [INFO] [MainThread] [root/bar_manager.py:119]: Stopping SystemEventListener...
2026-10-06 13:11:01,718 [INFO] [MainThread] [root/bar_manager.py:119]: Stopping WindowsNotificationEventListener...
2026-10-06 13:11:01,718 [INFO] [Dummy-7] [root/windows_notification.py:97]: Notification service stopped
2026-10-06 13:11:01,718 [DEBUG] [Dummy-7] [root/windows_notification.py:178]: Unsubscribed from WNF notifications
2026-10-06 13:11:01,722 [DEBUG] [MainThread] [systray_widget/systray.py:594]: Saving state to C:\Users\Usuario\AppData\Local\YASB\systray_state_EKLTDODYSSEYG5HX5Y901830.json
2026-10-06 13:11:01,723 [DEBUG] [MainThread] [systray_widget/utils.py:151]: Destroying window 721352
2026-10-06 13:11:01,723 [DEBUG] [SystrayMonitor] [systray_widget/systray_monitor.py:125]: WM_CLOSE received, destroying window 721352
2026-10-06 13:11:01,723 [DEBUG] [SystrayMonitor] [systray_widget/systray_monitor.py:129]: WM_DESTROY received for window 721352
2026-10-06 13:11:02,105 [INFO] [MainThread] [root/log.py:103]: YASB v2.0.7
2026-10-06 13:11:02,106 [INFO] [CLIPipeServer] [cli_server/cli_server.py:216]: CLI server started v1.1.7
2026-10-06 13:11:02,106 [INFO] [MainThread] [cli_server/cli_server.py:106]: Log pipe server started
2026-10-06 13:11:02,152 [WARNING] [MainThread] [deprecation/deprecation.py:161]: [DEPRECATED] BarBlurEffect: 'acrylic' - No longer supported and can be removed from the config.
2026-10-06 13:11:02,636 [INFO] [yasb-audio-visualizer] [root/loopback.py:728]: Audio visualizer: loopback capture open (48000 Hz, 2 ch, 32-bit float)
2026-10-06 13:11:02,752 [INFO] [MainThread] [root/service.py:52]: AudioOutputService starting...
2026-10-06 13:11:02,844 [INFO] [MainThread] [root/bar_manager.py:103]: Starting SystemEventListener...
2026-10-06 13:11:02,847 [INFO] [MainThread] [root/watcher.py:65]: Watching directory: c:\users\usuario\.config\yasb
2026-10-06 13:11:02,847 [INFO] [MainThread] [root/watcher.py:104]: Created file watcher
2026-10-06 13:11:02,860 [INFO] [MainThread] [root/update_service.py:434]: Background update checker started
2026-10-06 13:11:02,870 [INFO] [SystrayHook] [systray_hook/systray_hook.py:193]: Injecting into Explorer (PID: 5792)
2026-10-06 13:14:51,919 [WARNING] [MainThread] [deprecation/deprecation.py:161]: [DEPRECATED] BarBlurEffect: 'acrylic' - No longer supported and can be removed from the config.
2026-10-06 13:14:51,919 [INFO] [MainThread] [root/controller.py:21]: Reloading Application because of config change.
2026-10-06 13:14:52,023 [INFO] [MainThread] [cli_server/cli_server.py:114]: Log pipe server stopped
2026-10-06 13:14:52,030 [INFO] [MainThread] [root/bar_manager.py:93]: Successfully loaded updated config and re-initialised all bars.
2026-10-06 13:14:52,086 [INFO] [MainThread] [root/bar_manager.py:119]: Stopping SystemEventListener...
2026-10-06 13:14:52,510 [INFO] [MainThread] [root/log.py:103]: YASB v2.0.7
2026-10-06 13:14:52,510 [INFO] [CLIPipeServer] [cli_server/cli_server.py:216]: CLI server started v1.1.7
2026-10-06 13:14:52,511 [INFO] [MainThread] [cli_server/cli_server.py:106]: Log pipe server started
2026-10-06 13:14:52,559 [WARNING] [MainThread] [deprecation/deprecation.py:161]: [DEPRECATED] BarBlurEffect: 'acrylic' - No longer supported and can be removed from the config.
2026-10-06 13:14:53,047 [INFO] [yasb-audio-visualizer] [root/loopback.py:728]: Audio visualizer: loopback capture open (48000 Hz, 2 ch, 32-bit float)
2026-10-06 13:14:53,154 [INFO] [MainThread] [root/service.py:52]: AudioOutputService starting...
2026-10-06 13:14:53,248 [INFO] [MainThread] [root/bar_manager.py:103]: Starting SystemEventListener...
2026-10-06 13:14:53,248 [ERROR] [MainThread] [root/widget_builder.py:114]: Failed to validate widget(s) due to invalid options  - wifi
      menu_config:
        wifi_icons:
        - Extra inputs are not permitted
      
2026-10-06 13:14:53,274 [INFO] [MainThread] [root/watcher.py:65]: Watching directory: c:\users\usuario\.config\yasb
2026-10-06 13:14:53,274 [INFO] [MainThread] [root/watcher.py:104]: Created file watcher
2026-10-06 13:14:53,287 [INFO] [MainThread] [root/update_service.py:434]: Background update checker started
2026-10-06 13:14:53,289 [INFO] [SystrayHook] [systray_hook/systray_hook.py:193]: Injecting into Explorer (PID: 5792)
2026-10-06 13:15:05,824 [WARNING] [MainThread] [deprecation/deprecation.py:161]: [DEPRECATED] BarBlurEffect: 'acrylic' - No longer supported and can be removed from the config.
2026-10-06 13:15:05,825 [INFO] [MainThread] [root/controller.py:21]: Reloading Application because of config change.
2026-10-06 13:15:05,929 [INFO] [MainThread] [cli_server/cli_server.py:114]: Log pipe server stopped
2026-10-06 13:15:05,935 [INFO] [MainThread] [root/bar_manager.py:93]: Successfully loaded updated config and re-initialised all bars.
2026-10-06 13:15:05,991 [INFO] [MainThread] [root/bar_manager.py:119]: Stopping SystemEventListener...
2026-10-06 13:15:06,412 [INFO] [MainThread] [root/log.py:103]: YASB v2.0.7
2026-10-06 13:15:06,412 [INFO] [CLIPipeServer] [cli_server/cli_server.py:216]: CLI server started v1.1.7
2026-10-06 13:15:06,412 [INFO] [MainThread] [cli_server/cli_server.py:106]: Log pipe server started
2026-10-06 13:15:06,459 [WARNING] [MainThread] [deprecation/deprecation.py:161]: [DEPRECATED] BarBlurEffect: 'acrylic' - No longer supported and can be removed from the config.
2026-10-06 13:15:06,982 [INFO] [yasb-audio-visualizer] [root/loopback.py:728]: Audio visualizer: loopback capture open (48000 Hz, 2 ch, 32-bit float)
2026-10-06 13:15:07,115 [INFO] [MainThread] [root/service.py:52]: AudioOutputService starting...
2026-10-06 13:15:07,214 [INFO] [MainThread] [root/bar_manager.py:103]: Starting SystemEventListener...
2026-10-06 13:15:07,218 [INFO] [MainThread] [root/watcher.py:65]: Watching directory: c:\users\usuario\.config\yasb
2026-10-06 13:15:07,218 [INFO] [MainThread] [root/watcher.py:104]: Created file watcher
2026-10-06 13:15:07,236 [INFO] [MainThread] [root/update_service.py:434]: Background update checker started
2026-10-06 13:15:07,246 [INFO] [SystrayHook] [systray_hook/systray_hook.py:193]: Injecting into Explorer (PID: 5792)
2026-10-06 13:15:15,321 [WARNING] [MainThread] [deprecation/deprecation.py:161]: [DEPRECATED] BarBlurEffect: 'acrylic' - No longer supported and can be removed from the config.
2026-10-06 13:15:15,323 [INFO] [MainThread] [root/controller.py:21]: Reloading Application because of config change.
2026-10-06 13:15:15,433 [INFO] [MainThread] [cli_server/cli_server.py:114]: Log pipe server stopped
2026-10-06 13:15:15,439 [INFO] [MainThread] [root/bar_manager.py:93]: Successfully loaded updated config and re-initialised all bars.
2026-10-06 13:15:15,490 [INFO] [MainThread] [root/bar_manager.py:119]: Stopping SystemEventListener...
2026-10-06 13:15:15,924 [INFO] [MainThread] [root/log.py:103]: YASB v2.0.7
2026-10-06 13:15:15,925 [INFO] [CLIPipeServer] [cli_server/cli_server.py:216]: CLI server started v1.1.7
2026-10-06 13:15:15,925 [INFO] [MainThread] [cli_server/cli_server.py:106]: Log pipe server started
2026-10-06 13:15:15,972 [WARNING] [MainThread] [deprecation/deprecation.py:161]: [DEPRECATED] BarBlurEffect: 'acrylic' - No longer supported and can be removed from the config.
2026-10-06 13:15:16,465 [INFO] [yasb-audio-visualizer] [root/loopback.py:728]: Audio visualizer: loopback capture open (48000 Hz, 2 ch, 32-bit float)
2026-10-06 13:15:16,586 [INFO] [MainThread] [root/service.py:52]: AudioOutputService starting...
2026-10-06 13:15:16,683 [INFO] [MainThread] [root/bar_manager.py:103]: Starting SystemEventListener...
2026-10-06 13:15:16,686 [INFO] [MainThread] [root/watcher.py:65]: Watching directory: c:\users\usuario\.config\yasb
2026-10-06 13:15:16,687 [INFO] [MainThread] [root/watcher.py:104]: Created file watcher
2026-10-06 13:15:16,701 [INFO] [MainThread] [root/update_service.py:434]: Background update checker started
2026-10-06 13:15:16,711 [INFO] [SystrayHook] [systray_hook/systray_hook.py:193]: Injecting into Explorer (PID: 5792)
2026-10-06 13:15:34,886 [WARNING] [MainThread] [deprecation/deprecation.py:161]: [DEPRECATED] BarBlurEffect: 'acrylic' - No longer supported and can be removed from the config.
2026-10-06 13:15:34,887 [INFO] [MainThread] [root/controller.py:21]: Reloading Application because of config change.
2026-10-06 13:15:34,998 [INFO] [MainThread] [cli_server/cli_server.py:114]: Log pipe server stopped
2026-10-06 13:15:35,005 [INFO] [MainThread] [root/bar_manager.py:93]: Successfully loaded updated config and re-initialised all bars.
2026-10-06 13:15:35,063 [INFO] [MainThread] [root/bar_manager.py:119]: Stopping SystemEventListener...
2026-10-06 13:15:35,500 [INFO] [MainThread] [root/log.py:103]: YASB v2.0.7
2026-10-06 13:15:35,500 [INFO] [CLIPipeServer] [cli_server/cli_server.py:216]: CLI server started v1.1.7
2026-10-06 13:15:35,501 [INFO] [MainThread] [cli_server/cli_server.py:106]: Log pipe server started
2026-10-06 13:15:35,551 [WARNING] [MainThread] [deprecation/deprecation.py:161]: [DEPRECATED] BarBlurEffect: 'acrylic' - No longer supported and can be removed from the config.
2026-10-06 13:15:36,059 [INFO] [yasb-audio-visualizer] [root/loopback.py:728]: Audio visualizer: loopback capture open (48000 Hz, 2 ch, 32-bit float)
2026-10-06 13:15:36,184 [INFO] [MainThread] [root/service.py:52]: AudioOutputService starting...
2026-10-06 13:15:36,286 [INFO] [MainThread] [root/bar_manager.py:103]: Starting SystemEventListener...
2026-10-06 13:15:36,290 [INFO] [MainThread] [root/watcher.py:65]: Watching directory: c:\users\usuario\.config\yasb
2026-10-06 13:15:36,290 [INFO] [MainThread] [root/watcher.py:104]: Created file watcher
2026-10-06 13:15:36,309 [INFO] [MainThread] [root/update_service.py:434]: Background update checker started
2026-10-06 13:15:36,318 [INFO] [SystrayHook] [systray_hook/systray_hook.py:193]: Injecting into Explorer (PID: 5792)
2026-10-06 13:18:00,681 [WARNING] [MainThread] [deprecation/deprecation.py:161]: [DEPRECATED] BarBlurEffect: 'acrylic' - No longer supported and can be removed from the config.
2026-10-06 13:18:00,682 [INFO] [MainThread] [root/controller.py:21]: Reloading Application because of config change.
2026-10-06 13:18:00,795 [INFO] [MainThread] [cli_server/cli_server.py:114]: Log pipe server stopped
2026-10-06 13:18:00,802 [INFO] [MainThread] [root/bar_manager.py:93]: Successfully loaded updated config and re-initialised all bars.
2026-10-06 13:18:00,859 [INFO] [MainThread] [root/bar_manager.py:119]: Stopping SystemEventListener...
2026-10-06 13:18:01,312 [INFO] [MainThread] [root/log.py:103]: YASB v2.0.7
2026-10-06 13:18:01,312 [INFO] [CLIPipeServer] [cli_server/cli_server.py:216]: CLI server started v1.1.7
2026-10-06 13:18:01,313 [INFO] [MainThread] [cli_server/cli_server.py:106]: Log pipe server started
2026-10-06 13:18:01,367 [WARNING] [MainThread] [deprecation/deprecation.py:161]: [DEPRECATED] BarBlurEffect: 'acrylic' - No longer supported and can be removed from the config.
2026-10-06 13:18:01,855 [INFO] [yasb-audio-visualizer] [root/loopback.py:728]: Audio visualizer: loopback capture open (48000 Hz, 2 ch, 32-bit float)
2026-10-06 13:18:01,986 [INFO] [MainThread] [root/service.py:52]: AudioOutputService starting...
2026-10-06 13:18:02,086 [INFO] [MainThread] [root/bar_manager.py:103]: Starting SystemEventListener...
2026-10-06 13:18:02,090 [INFO] [MainThread] [root/watcher.py:65]: Watching directory: c:\users\usuario\.config\yasb
2026-10-06 13:18:02,090 [INFO] [MainThread] [root/watcher.py:104]: Created file watcher
2026-10-06 13:18:02,106 [INFO] [MainThread] [root/update_service.py:434]: Background update checker started
2026-10-06 13:18:02,114 [INFO] [SystrayHook] [systray_hook/systray_hook.py:193]: Injecting into Explorer (PID: 5792)
2026-10-06 13:26:44,257 [INFO] [CLIPipeServer] [cli_server/cli_server.py:257]: CLI server received command: stop
2026-10-06 13:26:44,258 [INFO] [CLIPipeServer] [root/controller.py:43]: Exiting Application from CLI...
2026-10-06 13:26:44,368 [INFO] [CLIPipeServer] [cli_server/cli_server.py:114]: Log pipe server stopped
2026-10-06 13:26:44,410 [INFO] [MainThread] [root/bar_manager.py:119]: Stopping SystemEventListener...
2026-10-06 13:26:45,537 [INFO] [MainThread] [root/log.py:103]: YASB v2.0.7
2026-10-06 13:26:45,538 [INFO] [CLIPipeServer] [cli_server/cli_server.py:216]: CLI server started v1.1.7
2026-10-06 13:26:45,538 [INFO] [MainThread] [cli_server/cli_server.py:106]: Log pipe server started
2026-10-06 13:26:45,683 [INFO] [MainThread] [windows_desktop_service/com.py:130]: Virtual desktop COM ready (tier 26100, build 26300)
2026-10-06 13:26:45,688 [INFO] [MainThread] [windows_desktop_service/notification.py:163]: Registered for virtual desktop notifications (cookie=13)
2026-10-06 13:26:46,189 [INFO] [MainThread] [root/service.py:52]: AudioOutputService starting...
2026-10-06 13:26:46,230 [INFO] [MainThread] [root/service.py:41]: AudioInputService starting...
2026-10-06 13:26:46,937 [INFO] [MainThread] [taskbar_window_manager/window_manager.py:181]: TaskbarWindowManager is starting...
2026-10-06 13:26:46,942 [INFO] [MainThread] [root/watcher.py:65]: Watching directory: c:\users\usuario\.config\yasb
2026-10-06 13:26:46,942 [INFO] [MainThread] [root/watcher.py:104]: Created file watcher
2026-10-06 13:26:46,952 [INFO] [MainThread] [root/update_service.py:434]: Background update checker started
2026-10-06 13:28:33,649 [WARNING] [MainThread] [deprecation/deprecation.py:161]: [DEPRECATED] BarBlurEffect: 'acrylic' - No longer supported and can be removed from the config.
2026-10-06 13:28:33,650 [INFO] [MainThread] [root/controller.py:21]: Reloading Application because of config change.
2026-10-06 13:28:33,764 [INFO] [MainThread] [cli_server/cli_server.py:114]: Log pipe server stopped
2026-10-06 13:28:33,771 [INFO] [MainThread] [root/bar_manager.py:93]: Successfully loaded updated config and re-initialised all bars.
2026-10-06 13:28:33,932 [INFO] [MainThread] [taskbar_window_manager/window_manager.py:208]: TaskbarWindowManager stopped
2026-10-06 13:28:33,951 [INFO] [MainThread] [windows_desktop_service/notification.py:171]: Unregistered virtual desktop notifications (cookie=13)
2026-10-06 13:28:34,259 [INFO] [MainThread] [root/log.py:103]: YASB v2.0.7
2026-10-06 13:28:34,259 [INFO] [CLIPipeServer] [cli_server/cli_server.py:216]: CLI server started v1.1.7
2026-10-06 13:28:34,259 [INFO] [MainThread] [cli_server/cli_server.py:106]: Log pipe server started
2026-10-06 13:28:34,307 [WARNING] [MainThread] [deprecation/deprecation.py:161]: [DEPRECATED] BarBlurEffect: 'acrylic' - No longer supported and can be removed from the config.
2026-10-06 13:28:34,787 [INFO] [yasb-audio-visualizer] [root/loopback.py:728]: Audio visualizer: loopback capture open (48000 Hz, 2 ch, 32-bit float)
2026-10-06 13:28:34,904 [INFO] [MainThread] [root/service.py:52]: AudioOutputService starting...
2026-10-06 13:28:35,000 [INFO] [MainThread] [root/bar_manager.py:103]: Starting SystemEventListener...
2026-10-06 13:28:35,003 [INFO] [MainThread] [root/watcher.py:65]: Watching directory: c:\users\usuario\.config\yasb
2026-10-06 13:28:35,003 [INFO] [MainThread] [root/watcher.py:104]: Created file watcher
2026-10-06 13:28:35,017 [INFO] [MainThread] [root/update_service.py:434]: Background update checker started
2026-10-06 13:28:35,028 [INFO] [SystrayHook] [systray_hook/systray_hook.py:193]: Injecting into Explorer (PID: 5792)
2026-10-06 13:29:11,826 [INFO] [MainThread] [root/controller.py:21]: Reloading Bar from context menu...
2026-10-06 13:29:11,930 [INFO] [MainThread] [cli_server/cli_server.py:114]: Log pipe server stopped
2026-10-06 13:29:12,038 [INFO] [MainThread] [root/bar_manager.py:119]: Stopping SystemEventListener...
2026-10-06 13:29:12,439 [INFO] [MainThread] [root/log.py:103]: YASB v2.0.7
2026-10-06 13:29:12,439 [INFO] [CLIPipeServer] [cli_server/cli_server.py:216]: CLI server started v1.1.7
2026-10-06 13:29:12,440 [INFO] [MainThread] [cli_server/cli_server.py:106]: Log pipe server started
2026-10-06 13:29:12,487 [WARNING] [MainThread] [deprecation/deprecation.py:161]: [DEPRECATED] BarBlurEffect: 'acrylic' - No longer supported and can be removed from the config.
2026-10-06 13:29:12,956 [INFO] [yasb-audio-visualizer] [root/loopback.py:728]: Audio visualizer: loopback capture open (48000 Hz, 2 ch, 32-bit float)
2026-10-06 13:29:13,072 [INFO] [MainThread] [root/service.py:52]: AudioOutputService starting...
2026-10-06 13:29:13,169 [INFO] [MainThread] [root/bar_manager.py:103]: Starting SystemEventListener...
2026-10-06 13:29:13,173 [INFO] [MainThread] [root/watcher.py:65]: Watching directory: c:\users\usuario\.config\yasb
2026-10-06 13:29:13,174 [INFO] [MainThread] [root/watcher.py:104]: Created file watcher
2026-10-06 13:29:13,185 [INFO] [MainThread] [root/update_service.py:434]: Background update checker started
2026-10-06 13:29:13,196 [INFO] [SystrayHook] [systray_hook/systray_hook.py:193]: Injecting into Explorer (PID: 5792)
2026-10-06 13:31:01,418 [WARNING] [MainThread] [deprecation/deprecation.py:161]: [DEPRECATED] BarBlurEffect: 'acrylic' - No longer supported and can be removed from the config.
2026-10-06 13:31:01,419 [INFO] [MainThread] [root/controller.py:21]: Reloading Application because of config change.
2026-10-06 13:31:01,522 [INFO] [MainThread] [cli_server/cli_server.py:114]: Log pipe server stopped
2026-10-06 13:31:01,529 [INFO] [MainThread] [root/bar_manager.py:93]: Successfully loaded updated config and re-initialised all bars.
2026-10-06 13:31:01,594 [INFO] [MainThread] [root/bar_manager.py:119]: Stopping SystemEventListener...
2026-10-06 13:31:02,031 [INFO] [MainThread] [root/log.py:103]: YASB v2.0.7
2026-10-06 13:31:02,032 [INFO] [CLIPipeServer] [cli_server/cli_server.py:216]: CLI server started v1.1.7
2026-10-06 13:31:02,032 [INFO] [MainThread] [cli_server/cli_server.py:106]: Log pipe server started
2026-10-06 13:31:02,080 [WARNING] [MainThread] [deprecation/deprecation.py:161]: [DEPRECATED] BarBlurEffect: 'acrylic' - No longer supported and can be removed from the config.
2026-10-06 13:31:02,566 [INFO] [yasb-audio-visualizer] [root/loopback.py:728]: Audio visualizer: loopback capture open (48000 Hz, 2 ch, 32-bit float)
2026-10-06 13:31:02,694 [INFO] [MainThread] [root/service.py:52]: AudioOutputService starting...
2026-10-06 13:31:02,841 [INFO] [MainThread] [root/bar_manager.py:103]: Starting SystemEventListener...
2026-10-06 13:31:02,845 [INFO] [MainThread] [root/watcher.py:65]: Watching directory: c:\users\usuario\.config\yasb
2026-10-06 13:31:02,845 [INFO] [MainThread] [root/watcher.py:104]: Created file watcher
2026-10-06 13:31:02,874 [INFO] [MainThread] [root/update_service.py:434]: Background update checker started
2026-10-06 13:31:02,885 [INFO] [SystrayHook] [systray_hook/systray_hook.py:193]: Injecting into Explorer (PID: 5792)
2026-10-06 13:40:13,147 [WARNING] [MainThread] [deprecation/deprecation.py:161]: [DEPRECATED] BarBlurEffect: 'acrylic' - No longer supported and can be removed from the config.
2026-10-06 13:40:13,147 [INFO] [MainThread] [root/controller.py:21]: Reloading Application because of config change.
2026-10-06 13:40:13,248 [INFO] [MainThread] [cli_server/cli_server.py:114]: Log pipe server stopped
2026-10-06 13:40:13,254 [INFO] [MainThread] [root/bar_manager.py:93]: Successfully loaded updated config and re-initialised all bars.
2026-10-06 13:40:13,308 [INFO] [MainThread] [root/bar_manager.py:119]: Stopping SystemEventListener...
2026-10-06 13:40:13,761 [INFO] [MainThread] [root/log.py:103]: YASB v2.0.7
2026-10-06 13:40:13,761 [INFO] [CLIPipeServer] [cli_server/cli_server.py:216]: CLI server started v1.1.7
2026-10-06 13:40:13,762 [INFO] [MainThread] [cli_server/cli_server.py:106]: Log pipe server started
2026-10-06 13:40:13,810 [WARNING] [MainThread] [deprecation/deprecation.py:161]: [DEPRECATED] BarBlurEffect: 'acrylic' - No longer supported and can be removed from the config.
2026-10-06 13:40:14,337 [INFO] [yasb-audio-visualizer] [root/loopback.py:728]: Audio visualizer: loopback capture open (48000 Hz, 2 ch, 32-bit float)
2026-10-06 13:40:14,460 [INFO] [MainThread] [root/service.py:52]: AudioOutputService starting...
2026-10-06 13:40:14,562 [INFO] [MainThread] [root/bar_manager.py:103]: Starting SystemEventListener...
2026-10-06 13:40:14,566 [INFO] [MainThread] [root/watcher.py:65]: Watching directory: c:\users\usuario\.config\yasb
2026-10-06 13:40:14,566 [INFO] [MainThread] [root/watcher.py:104]: Created file watcher
2026-10-06 13:40:14,584 [INFO] [MainThread] [root/update_service.py:434]: Background update checker started
2026-10-06 13:40:14,597 [INFO] [SystrayHook] [systray_hook/systray_hook.py:193]: Injecting into Explorer (PID: 5792)
2026-10-06 13:40:49,435 [WARNING] [MainThread] [deprecation/deprecation.py:161]: [DEPRECATED] BarBlurEffect: 'acrylic' - No longer supported and can be removed from the config.
2026-10-06 13:40:49,436 [INFO] [MainThread] [root/controller.py:21]: Reloading Application because of config change.
2026-10-06 13:40:49,545 [INFO] [MainThread] [cli_server/cli_server.py:114]: Log pipe server stopped
2026-10-06 13:40:49,552 [INFO] [MainThread] [root/bar_manager.py:93]: Successfully loaded updated config and re-initialised all bars.
2026-10-06 13:40:49,615 [INFO] [MainThread] [root/bar_manager.py:119]: Stopping SystemEventListener...
2026-10-06 13:40:50,046 [INFO] [MainThread] [root/log.py:103]: YASB v2.0.7
2026-10-06 13:40:50,046 [INFO] [CLIPipeServer] [cli_server/cli_server.py:216]: CLI server started v1.1.7
2026-10-06 13:40:50,047 [INFO] [MainThread] [cli_server/cli_server.py:106]: Log pipe server started
2026-10-06 13:40:50,094 [WARNING] [MainThread] [deprecation/deprecation.py:161]: [DEPRECATED] BarBlurEffect: 'acrylic' - No longer supported and can be removed from the config.
2026-10-06 13:40:50,587 [INFO] [yasb-audio-visualizer] [root/loopback.py:728]: Audio visualizer: loopback capture open (48000 Hz, 2 ch, 32-bit float)
2026-10-06 13:40:50,708 [INFO] [MainThread] [root/service.py:52]: AudioOutputService starting...
2026-10-06 13:40:50,810 [INFO] [MainThread] [root/bar_manager.py:103]: Starting SystemEventListener...
2026-10-06 13:40:50,813 [INFO] [MainThread] [root/watcher.py:65]: Watching directory: c:\users\usuario\.config\yasb
2026-10-06 13:40:50,814 [INFO] [MainThread] [root/watcher.py:104]: Created file watcher
2026-10-06 13:40:50,828 [INFO] [MainThread] [root/update_service.py:434]: Background update checker started
2026-10-06 13:40:50,840 [INFO] [SystrayHook] [systray_hook/systray_hook.py:193]: Injecting into Explorer (PID: 5792)
2026-10-06 13:40:58,032 [WARNING] [MainThread] [deprecation/deprecation.py:161]: [DEPRECATED] BarBlurEffect: 'acrylic' - No longer supported and can be removed from the config.
2026-10-06 13:40:58,032 [INFO] [MainThread] [root/controller.py:21]: Reloading Application because of config change.
2026-10-06 13:40:58,134 [INFO] [MainThread] [cli_server/cli_server.py:114]: Log pipe server stopped
2026-10-06 13:40:58,141 [INFO] [MainThread] [root/bar_manager.py:93]: Successfully loaded updated config and re-initialised all bars.
2026-10-06 13:40:58,197 [INFO] [MainThread] [root/bar_manager.py:119]: Stopping SystemEventListener...
2026-10-06 13:40:58,635 [INFO] [MainThread] [root/log.py:103]: YASB v2.0.7
2026-10-06 13:40:58,636 [INFO] [CLIPipeServer] [cli_server/cli_server.py:216]: CLI server started v1.1.7
2026-10-06 13:40:58,636 [INFO] [MainThread] [cli_server/cli_server.py:106]: Log pipe server started
2026-10-06 13:40:58,684 [WARNING] [MainThread] [deprecation/deprecation.py:161]: [DEPRECATED] BarBlurEffect: 'acrylic' - No longer supported and can be removed from the config.
2026-10-06 13:40:59,172 [INFO] [yasb-audio-visualizer] [root/loopback.py:728]: Audio visualizer: loopback capture open (48000 Hz, 2 ch, 32-bit float)
2026-10-06 13:40:59,293 [INFO] [MainThread] [root/service.py:52]: AudioOutputService starting...
2026-10-06 13:40:59,395 [INFO] [MainThread] [root/bar_manager.py:103]: Starting SystemEventListener...
2026-10-06 13:40:59,400 [INFO] [MainThread] [root/watcher.py:65]: Watching directory: c:\users\usuario\.config\yasb
2026-10-06 13:40:59,400 [INFO] [MainThread] [root/watcher.py:104]: Created file watcher
2026-10-06 13:40:59,415 [INFO] [MainThread] [root/update_service.py:434]: Background update checker started
2026-10-06 13:40:59,428 [INFO] [SystrayHook] [systray_hook/systray_hook.py:193]: Injecting into Explorer (PID: 5792)
2026-10-06 13:41:34,323 [WARNING] [MainThread] [deprecation/deprecation.py:161]: [DEPRECATED] BarBlurEffect: 'acrylic' - No longer supported and can be removed from the config.
2026-10-06 13:41:34,324 [INFO] [MainThread] [root/controller.py:21]: Reloading Application because of config change.
2026-10-06 13:41:34,430 [INFO] [MainThread] [cli_server/cli_server.py:114]: Log pipe server stopped
2026-10-06 13:41:34,437 [INFO] [MainThread] [root/bar_manager.py:93]: Successfully loaded updated config and re-initialised all bars.
2026-10-06 13:41:34,499 [INFO] [MainThread] [root/bar_manager.py:119]: Stopping SystemEventListener...
2026-10-06 13:41:34,966 [INFO] [MainThread] [root/log.py:103]: YASB v2.0.7
2026-10-06 13:41:34,966 [INFO] [CLIPipeServer] [cli_server/cli_server.py:216]: CLI server started v1.1.7
2026-10-06 13:41:34,967 [INFO] [MainThread] [cli_server/cli_server.py:106]: Log pipe server started
2026-10-06 13:41:35,017 [WARNING] [MainThread] [deprecation/deprecation.py:161]: [DEPRECATED] BarBlurEffect: 'acrylic' - No longer supported and can be removed from the config.
2026-10-06 13:41:35,525 [INFO] [yasb-audio-visualizer] [root/loopback.py:728]: Audio visualizer: loopback capture open (48000 Hz, 2 ch, 32-bit float)
2026-10-06 13:41:35,645 [INFO] [MainThread] [root/service.py:52]: AudioOutputService starting...
2026-10-06 13:41:35,783 [INFO] [MainThread] [root/bar_manager.py:103]: Starting SystemEventListener...
2026-10-06 13:41:35,786 [INFO] [MainThread] [root/watcher.py:65]: Watching directory: c:\users\usuario\.config\yasb
2026-10-06 13:41:35,786 [INFO] [MainThread] [root/watcher.py:104]: Created file watcher
2026-10-06 13:41:35,799 [INFO] [MainThread] [root/update_service.py:434]: Background update checker started
2026-10-06 13:41:35,812 [INFO] [SystrayHook] [systray_hook/systray_hook.py:193]: Injecting into Explorer (PID: 5792)
2026-10-06 13:43:09,590 [WARNING] [MainThread] [deprecation/deprecation.py:161]: [DEPRECATED] BarBlurEffect: 'acrylic' - No longer supported and can be removed from the config.
2026-10-06 13:43:09,590 [INFO] [MainThread] [root/controller.py:21]: Reloading Application because of config change.
2026-10-06 13:43:09,692 [INFO] [MainThread] [cli_server/cli_server.py:114]: Log pipe server stopped
2026-10-06 13:43:09,700 [INFO] [MainThread] [root/bar_manager.py:93]: Successfully loaded updated config and re-initialised all bars.
2026-10-06 13:43:09,757 [INFO] [MainThread] [root/bar_manager.py:119]: Stopping SystemEventListener...
2026-10-06 13:43:10,209 [INFO] [MainThread] [root/log.py:103]: YASB v2.0.7
2026-10-06 13:43:10,209 [INFO] [CLIPipeServer] [cli_server/cli_server.py:216]: CLI server started v1.1.7
2026-10-06 13:43:10,209 [INFO] [MainThread] [cli_server/cli_server.py:106]: Log pipe server started
2026-10-06 13:43:10,262 [WARNING] [MainThread] [deprecation/deprecation.py:161]: [DEPRECATED] BarBlurEffect: 'acrylic' - No longer supported and can be removed from the config.
2026-10-06 13:43:10,747 [INFO] [yasb-audio-visualizer] [root/loopback.py:728]: Audio visualizer: loopback capture open (48000 Hz, 2 ch, 32-bit float)
2026-10-06 13:43:10,869 [INFO] [MainThread] [root/service.py:52]: AudioOutputService starting...
2026-10-06 13:43:10,973 [INFO] [MainThread] [root/bar_manager.py:103]: Starting SystemEventListener...
2026-10-06 13:43:10,976 [INFO] [MainThread] [root/watcher.py:65]: Watching directory: c:\users\usuario\.config\yasb
2026-10-06 13:43:10,977 [INFO] [MainThread] [root/watcher.py:104]: Created file watcher
2026-10-06 13:43:10,991 [INFO] [MainThread] [root/update_service.py:434]: Background update checker started
2026-10-06 13:43:11,003 [INFO] [SystrayHook] [systray_hook/systray_hook.py:193]: Injecting into Explorer (PID: 5792)
2026-10-06 13:46:22,824 [WARNING] [MainThread] [deprecation/deprecation.py:161]: [DEPRECATED] BarBlurEffect: 'acrylic' - No longer supported and can be removed from the config.
2026-10-06 13:46:22,824 [INFO] [MainThread] [root/controller.py:21]: Reloading Application because of config change.
2026-10-06 13:46:22,939 [INFO] [MainThread] [cli_server/cli_server.py:114]: Log pipe server stopped
2026-10-06 13:46:22,946 [INFO] [MainThread] [root/bar_manager.py:93]: Successfully loaded updated config and re-initialised all bars.
2026-10-06 13:46:23,001 [INFO] [MainThread] [root/bar_manager.py:119]: Stopping SystemEventListener...
2026-10-06 13:46:23,444 [INFO] [MainThread] [root/log.py:103]: YASB v2.0.7
2026-10-06 13:46:23,445 [INFO] [CLIPipeServer] [cli_server/cli_server.py:216]: CLI server started v1.1.7
2026-10-06 13:46:23,445 [INFO] [MainThread] [cli_server/cli_server.py:106]: Log pipe server started
2026-10-06 13:46:23,493 [WARNING] [MainThread] [deprecation/deprecation.py:161]: [DEPRECATED] BarBlurEffect: 'acrylic' - No longer supported and can be removed from the config.
2026-10-06 13:46:23,997 [INFO] [yasb-audio-visualizer] [root/loopback.py:728]: Audio visualizer: loopback capture open (48000 Hz, 2 ch, 32-bit float)
2026-10-06 13:46:24,106 [INFO] [MainThread] [root/service.py:52]: AudioOutputService starting...
2026-10-06 13:46:24,206 [INFO] [MainThread] [root/bar_manager.py:103]: Starting SystemEventListener...
2026-10-06 13:46:24,210 [INFO] [MainThread] [root/watcher.py:65]: Watching directory: c:\users\usuario\.config\yasb
2026-10-06 13:46:24,210 [INFO] [MainThread] [root/watcher.py:104]: Created file watcher
2026-10-06 13:46:24,225 [INFO] [MainThread] [root/update_service.py:434]: Background update checker started
2026-10-06 13:46:24,241 [INFO] [SystrayHook] [systray_hook/systray_hook.py:193]: Injecting into Explorer (PID: 5792)
2026-10-06 13:48:06,921 [WARNING] [MainThread] [deprecation/deprecation.py:161]: [DEPRECATED] BarBlurEffect: 'acrylic' - No longer supported and can be removed from the config.
2026-10-06 13:48:06,922 [INFO] [MainThread] [root/controller.py:21]: Reloading Application because of config change.
2026-10-06 13:48:07,022 [INFO] [MainThread] [cli_server/cli_server.py:114]: Log pipe server stopped
2026-10-06 13:48:07,029 [INFO] [MainThread] [root/bar_manager.py:93]: Successfully loaded updated config and re-initialised all bars.
2026-10-06 13:48:07,087 [INFO] [MainThread] [root/bar_manager.py:119]: Stopping SystemEventListener...
2026-10-06 13:48:07,498 [INFO] [MainThread] [root/log.py:103]: YASB v2.0.7
2026-10-06 13:48:07,498 [INFO] [CLIPipeServer] [cli_server/cli_server.py:216]: CLI server started v1.1.7
2026-10-06 13:48:07,499 [INFO] [MainThread] [cli_server/cli_server.py:106]: Log pipe server started
2026-10-06 13:48:07,545 [WARNING] [MainThread] [deprecation/deprecation.py:161]: [DEPRECATED] BarBlurEffect: 'acrylic' - No longer supported and can be removed from the config.
2026-10-06 13:48:08,036 [INFO] [yasb-audio-visualizer] [root/loopback.py:728]: Audio visualizer: loopback capture open (48000 Hz, 2 ch, 32-bit float)
2026-10-06 13:48:08,142 [INFO] [MainThread] [root/service.py:52]: AudioOutputService starting...
2026-10-06 13:48:08,239 [INFO] [MainThread] [root/bar_manager.py:103]: Starting SystemEventListener...
2026-10-06 13:48:08,243 [INFO] [MainThread] [root/watcher.py:65]: Watching directory: c:\users\usuario\.config\yasb
2026-10-06 13:48:08,243 [INFO] [MainThread] [root/watcher.py:104]: Created file watcher
2026-10-06 13:48:08,257 [INFO] [MainThread] [root/update_service.py:434]: Background update checker started
2026-10-06 13:48:08,278 [INFO] [SystrayHook] [systray_hook/systray_hook.py:193]: Injecting into Explorer (PID: 5792)
2026-10-06 13:49:11,251 [WARNING] [MainThread] [deprecation/deprecation.py:161]: [DEPRECATED] BarBlurEffect: 'acrylic' - No longer supported and can be removed from the config.
2026-10-06 13:49:11,252 [INFO] [MainThread] [root/controller.py:21]: Reloading Application because of config change.
2026-10-06 13:49:11,353 [INFO] [MainThread] [cli_server/cli_server.py:114]: Log pipe server stopped
2026-10-06 13:49:11,360 [INFO] [MainThread] [root/bar_manager.py:93]: Successfully loaded updated config and re-initialised all bars.
2026-10-06 13:49:11,413 [INFO] [MainThread] [root/bar_manager.py:119]: Stopping SystemEventListener...
2026-10-06 13:49:11,893 [INFO] [MainThread] [root/log.py:103]: YASB v2.0.7
2026-10-06 13:49:11,893 [INFO] [CLIPipeServer] [cli_server/cli_server.py:216]: CLI server started v1.1.7
2026-10-06 13:49:11,894 [INFO] [MainThread] [cli_server/cli_server.py:106]: Log pipe server started
2026-10-06 13:49:11,943 [WARNING] [MainThread] [deprecation/deprecation.py:161]: [DEPRECATED] BarBlurEffect: 'acrylic' - No longer supported and can be removed from the config.
2026-10-06 13:49:12,444 [INFO] [yasb-audio-visualizer] [root/loopback.py:728]: Audio visualizer: loopback capture open (48000 Hz, 2 ch, 32-bit float)
2026-10-06 13:49:12,551 [INFO] [MainThread] [root/service.py:52]: AudioOutputService starting...
2026-10-06 13:49:12,687 [INFO] [MainThread] [root/bar_manager.py:103]: Starting SystemEventListener...
2026-10-06 13:49:12,691 [INFO] [MainThread] [root/watcher.py:65]: Watching directory: c:\users\usuario\.config\yasb
2026-10-06 13:49:12,691 [INFO] [MainThread] [root/watcher.py:104]: Created file watcher
2026-10-06 13:49:12,717 [INFO] [MainThread] [root/update_service.py:434]: Background update checker started
2026-10-06 13:49:12,729 [INFO] [SystrayHook] [systray_hook/systray_hook.py:193]: Injecting into Explorer (PID: 5792)
2026-10-06 13:50:29,006 [WARNING] [MainThread] [deprecation/deprecation.py:161]: [DEPRECATED] BarBlurEffect: 'acrylic' - No longer supported and can be removed from the config.
2026-10-06 13:50:29,007 [INFO] [MainThread] [root/controller.py:21]: Reloading Application because of config change.
2026-10-06 13:50:29,112 [INFO] [MainThread] [cli_server/cli_server.py:114]: Log pipe server stopped
2026-10-06 13:50:29,119 [INFO] [MainThread] [root/bar_manager.py:93]: Successfully loaded updated config and re-initialised all bars.
2026-10-06 13:50:29,172 [INFO] [MainThread] [root/bar_manager.py:119]: Stopping SystemEventListener...
2026-10-06 13:50:29,634 [INFO] [MainThread] [root/log.py:103]: YASB v2.0.7
2026-10-06 13:50:29,635 [INFO] [CLIPipeServer] [cli_server/cli_server.py:216]: CLI server started v1.1.7
2026-10-06 13:50:29,635 [INFO] [MainThread] [cli_server/cli_server.py:106]: Log pipe server started
2026-10-06 13:50:29,683 [WARNING] [MainThread] [deprecation/deprecation.py:161]: [DEPRECATED] BarBlurEffect: 'acrylic' - No longer supported and can be removed from the config.
2026-10-06 13:50:30,176 [INFO] [yasb-audio-visualizer] [root/loopback.py:728]: Audio visualizer: loopback capture open (48000 Hz, 2 ch, 32-bit float)
2026-10-06 13:50:30,282 [INFO] [MainThread] [root/service.py:52]: AudioOutputService starting...
2026-10-06 13:50:30,382 [INFO] [MainThread] [root/bar_manager.py:103]: Starting SystemEventListener...
2026-10-06 13:50:30,386 [INFO] [MainThread] [root/watcher.py:65]: Watching directory: c:\users\usuario\.config\yasb
2026-10-06 13:50:30,386 [INFO] [MainThread] [root/watcher.py:104]: Created file watcher
2026-10-06 13:50:30,399 [INFO] [MainThread] [root/update_service.py:434]: Background update checker started
2026-10-06 13:50:30,413 [INFO] [SystrayHook] [systray_hook/systray_hook.py:193]: Injecting into Explorer (PID: 5792)
2026-10-06 13:51:47,445 [WARNING] [MainThread] [deprecation/deprecation.py:161]: [DEPRECATED] BarBlurEffect: 'acrylic' - No longer supported and can be removed from the config.
2026-10-06 13:51:47,445 [INFO] [MainThread] [root/controller.py:21]: Reloading Application because of config change.
2026-10-06 13:51:47,554 [INFO] [MainThread] [cli_server/cli_server.py:114]: Log pipe server stopped
2026-10-06 13:51:47,561 [INFO] [MainThread] [root/bar_manager.py:93]: Successfully loaded updated config and re-initialised all bars.
2026-10-06 13:51:47,615 [INFO] [MainThread] [root/bar_manager.py:119]: Stopping SystemEventListener...
2026-10-06 13:51:48,075 [INFO] [MainThread] [root/log.py:103]: YASB v2.0.7
2026-10-06 13:51:48,075 [INFO] [CLIPipeServer] [cli_server/cli_server.py:216]: CLI server started v1.1.7
2026-10-06 13:51:48,075 [INFO] [MainThread] [cli_server/cli_server.py:106]: Log pipe server started
2026-10-06 13:51:48,122 [WARNING] [MainThread] [deprecation/deprecation.py:161]: [DEPRECATED] BarBlurEffect: 'acrylic' - No longer supported and can be removed from the config.
2026-10-06 13:51:48,612 [INFO] [yasb-audio-visualizer] [root/loopback.py:728]: Audio visualizer: loopback capture open (48000 Hz, 2 ch, 32-bit float)
2026-10-06 13:51:48,719 [INFO] [MainThread] [root/service.py:52]: AudioOutputService starting...
2026-10-06 13:51:48,819 [INFO] [MainThread] [root/bar_manager.py:103]: Starting SystemEventListener...
2026-10-06 13:51:48,822 [INFO] [MainThread] [root/watcher.py:65]: Watching directory: c:\users\usuario\.config\yasb
2026-10-06 13:51:48,822 [INFO] [MainThread] [root/watcher.py:104]: Created file watcher
2026-10-06 13:51:48,839 [INFO] [MainThread] [root/update_service.py:434]: Background update checker started
2026-10-06 13:51:48,855 [INFO] [SystrayHook] [systray_hook/systray_hook.py:193]: Injecting into Explorer (PID: 5792)
2026-10-06 13:52:00,655 [WARNING] [MainThread] [deprecation/deprecation.py:161]: [DEPRECATED] BarBlurEffect: 'acrylic' - No longer supported and can be removed from the config.
2026-10-06 13:52:00,655 [INFO] [MainThread] [root/controller.py:21]: Reloading Application because of config change.
2026-10-06 13:52:00,765 [INFO] [MainThread] [cli_server/cli_server.py:114]: Log pipe server stopped
2026-10-06 13:52:00,773 [INFO] [MainThread] [root/bar_manager.py:93]: Successfully loaded updated config and re-initialised all bars.
2026-10-06 13:52:00,825 [INFO] [MainThread] [root/bar_manager.py:119]: Stopping SystemEventListener...
2026-10-06 13:52:01,289 [INFO] [MainThread] [root/log.py:103]: YASB v2.0.7
2026-10-06 13:52:01,289 [INFO] [CLIPipeServer] [cli_server/cli_server.py:216]: CLI server started v1.1.7
2026-10-06 13:52:01,290 [INFO] [MainThread] [cli_server/cli_server.py:106]: Log pipe server started
2026-10-06 13:52:01,337 [WARNING] [MainThread] [deprecation/deprecation.py:161]: [DEPRECATED] BarBlurEffect: 'acrylic' - No longer supported and can be removed from the config.
2026-10-06 13:52:01,821 [INFO] [yasb-audio-visualizer] [root/loopback.py:728]: Audio visualizer: loopback capture open (48000 Hz, 2 ch, 32-bit float)
2026-10-06 13:52:01,927 [INFO] [MainThread] [root/service.py:52]: AudioOutputService starting...
2026-10-06 13:52:02,028 [INFO] [MainThread] [root/bar_manager.py:103]: Starting SystemEventListener...
2026-10-06 13:52:02,032 [INFO] [MainThread] [root/watcher.py:65]: Watching directory: c:\users\usuario\.config\yasb
2026-10-06 13:52:02,032 [INFO] [MainThread] [root/watcher.py:104]: Created file watcher
2026-10-06 13:52:02,046 [INFO] [MainThread] [root/update_service.py:434]: Background update checker started
2026-10-06 13:52:02,059 [INFO] [SystrayHook] [systray_hook/systray_hook.py:193]: Injecting into Explorer (PID: 5792)
2026-10-06 13:52:07,037 [WARNING] [MainThread] [deprecation/deprecation.py:161]: [DEPRECATED] BarBlurEffect: 'acrylic' - No longer supported and can be removed from the config.
2026-10-06 13:52:07,038 [INFO] [MainThread] [root/controller.py:21]: Reloading Application because of config change.
2026-10-06 13:52:07,152 [INFO] [MainThread] [cli_server/cli_server.py:114]: Log pipe server stopped
2026-10-06 13:52:07,159 [INFO] [MainThread] [root/bar_manager.py:93]: Successfully loaded updated config and re-initialised all bars.
2026-10-06 13:52:07,212 [INFO] [MainThread] [root/bar_manager.py:119]: Stopping SystemEventListener...
2026-10-06 13:52:07,658 [INFO] [MainThread] [root/log.py:103]: YASB v2.0.7
2026-10-06 13:52:07,659 [INFO] [CLIPipeServer] [cli_server/cli_server.py:216]: CLI server started v1.1.7
2026-10-06 13:52:07,659 [INFO] [MainThread] [cli_server/cli_server.py:106]: Log pipe server started
2026-10-06 13:52:07,706 [WARNING] [MainThread] [deprecation/deprecation.py:161]: [DEPRECATED] BarBlurEffect: 'acrylic' - No longer supported and can be removed from the config.
2026-10-06 13:52:08,194 [INFO] [yasb-audio-visualizer] [root/loopback.py:728]: Audio visualizer: loopback capture open (48000 Hz, 2 ch, 32-bit float)
2026-10-06 13:52:08,301 [INFO] [MainThread] [root/service.py:52]: AudioOutputService starting...
2026-10-06 13:52:08,400 [INFO] [MainThread] [root/bar_manager.py:103]: Starting SystemEventListener...
2026-10-06 13:52:08,404 [INFO] [MainThread] [root/watcher.py:65]: Watching directory: c:\users\usuario\.config\yasb
2026-10-06 13:52:08,404 [INFO] [MainThread] [root/watcher.py:104]: Created file watcher
2026-10-06 13:52:08,418 [INFO] [MainThread] [root/update_service.py:434]: Background update checker started
2026-10-06 13:52:08,433 [INFO] [SystrayHook] [systray_hook/systray_hook.py:193]: Injecting into Explorer (PID: 5792)
2026-10-06 13:52:25,696 [ERROR] [MainThread] [root/bar_manager.py:80]: Error loading config: while scanning a double-quoted scalar
  in "C:\Users\Usuario\.config\yasb\config.yaml", line 154, column 9
found unknown escape character '\uf1eb'
  in "C:\Users\Usuario\.config\yasb\config.yaml", line 154, column 11
2026-10-06 13:53:12,751 [WARNING] [MainThread] [deprecation/deprecation.py:161]: [DEPRECATED] BarBlurEffect: 'acrylic' - No longer supported and can be removed from the config.
2026-10-06 13:53:12,751 [INFO] [MainThread] [root/controller.py:21]: Reloading Application because of config change.
2026-10-06 13:53:12,857 [INFO] [MainThread] [cli_server/cli_server.py:114]: Log pipe server stopped
2026-10-06 13:53:12,864 [INFO] [MainThread] [root/bar_manager.py:93]: Successfully loaded updated config and re-initialised all bars.
2026-10-06 13:53:12,935 [INFO] [MainThread] [root/bar_manager.py:119]: Stopping SystemEventListener...
2026-10-06 13:53:13,358 [INFO] [MainThread] [root/log.py:103]: YASB v2.0.7
2026-10-06 13:53:13,359 [INFO] [CLIPipeServer] [cli_server/cli_server.py:216]: CLI server started v1.1.7
2026-10-06 13:53:13,359 [INFO] [MainThread] [cli_server/cli_server.py:106]: Log pipe server started
2026-10-06 13:53:13,405 [WARNING] [MainThread] [deprecation/deprecation.py:161]: [DEPRECATED] BarBlurEffect: 'acrylic' - No longer supported and can be removed from the config.
2026-10-06 13:53:13,902 [INFO] [yasb-audio-visualizer] [root/loopback.py:728]: Audio visualizer: loopback capture open (48000 Hz, 2 ch, 32-bit float)
2026-10-06 13:53:14,014 [INFO] [MainThread] [root/service.py:52]: AudioOutputService starting...
2026-10-06 13:53:14,120 [INFO] [MainThread] [root/bar_manager.py:103]: Starting SystemEventListener...
2026-10-06 13:53:14,126 [INFO] [MainThread] [root/watcher.py:65]: Watching directory: c:\users\usuario\.config\yasb
2026-10-06 13:53:14,126 [INFO] [MainThread] [root/watcher.py:104]: Created file watcher
2026-10-06 13:53:14,142 [INFO] [MainThread] [root/update_service.py:434]: Background update checker started
2026-10-06 13:53:14,155 [INFO] [SystrayHook] [systray_hook/systray_hook.py:193]: Injecting into Explorer (PID: 5792)
2026-10-06 13:54:12,539 [WARNING] [MainThread] [deprecation/deprecation.py:161]: [DEPRECATED] BarBlurEffect: 'acrylic' - No longer supported and can be removed from the config.
2026-10-06 13:54:12,540 [INFO] [MainThread] [root/controller.py:21]: Reloading Application because of config change.
2026-10-06 13:54:12,641 [INFO] [MainThread] [cli_server/cli_server.py:114]: Log pipe server stopped
2026-10-06 13:54:12,649 [INFO] [MainThread] [root/bar_manager.py:93]: Successfully loaded updated config and re-initialised all bars.
2026-10-06 13:54:12,704 [INFO] [MainThread] [root/bar_manager.py:119]: Stopping SystemEventListener...
2026-10-06 13:54:13,142 [INFO] [MainThread] [root/log.py:103]: YASB v2.0.7
2026-10-06 13:54:13,143 [INFO] [CLIPipeServer] [cli_server/cli_server.py:216]: CLI server started v1.1.7
2026-10-06 13:54:13,143 [INFO] [MainThread] [cli_server/cli_server.py:106]: Log pipe server started
2026-10-06 13:54:13,191 [WARNING] [MainThread] [deprecation/deprecation.py:161]: [DEPRECATED] BarBlurEffect: 'acrylic' - No longer supported and can be removed from the config.
2026-10-06 13:54:13,684 [INFO] [yasb-audio-visualizer] [root/loopback.py:728]: Audio visualizer: loopback capture open (48000 Hz, 2 ch, 32-bit float)
2026-10-06 13:54:13,790 [INFO] [MainThread] [root/service.py:52]: AudioOutputService starting...
2026-10-06 13:54:13,891 [INFO] [MainThread] [root/bar_manager.py:103]: Starting SystemEventListener...
2026-10-06 13:54:13,895 [INFO] [MainThread] [root/watcher.py:65]: Watching directory: c:\users\usuario\.config\yasb
2026-10-06 13:54:13,895 [INFO] [MainThread] [root/watcher.py:104]: Created file watcher
2026-10-06 13:54:13,910 [INFO] [MainThread] [root/update_service.py:434]: Background update checker started
2026-10-06 13:54:13,922 [INFO] [SystrayHook] [systray_hook/systray_hook.py:193]: Injecting into Explorer (PID: 5792)
2026-10-06 13:54:16,627 [WARNING] [MainThread] [deprecation/deprecation.py:161]: [DEPRECATED] BarBlurEffect: 'acrylic' - No longer supported and can be removed from the config.
2026-10-06 13:54:16,628 [INFO] [MainThread] [root/controller.py:21]: Reloading Application because of config change.
2026-10-06 13:54:16,730 [INFO] [MainThread] [cli_server/cli_server.py:114]: Log pipe server stopped
2026-10-06 13:54:16,737 [INFO] [MainThread] [root/bar_manager.py:93]: Successfully loaded updated config and re-initialised all bars.
2026-10-06 13:54:16,795 [INFO] [MainThread] [root/bar_manager.py:119]: Stopping SystemEventListener...
2026-10-06 13:54:17,224 [INFO] [MainThread] [root/log.py:103]: YASB v2.0.7
2026-10-06 13:54:17,225 [INFO] [CLIPipeServer] [cli_server/cli_server.py:216]: CLI server started v1.1.7
2026-10-06 13:54:17,225 [INFO] [MainThread] [cli_server/cli_server.py:106]: Log pipe server started
2026-10-06 13:54:17,272 [WARNING] [MainThread] [deprecation/deprecation.py:161]: [DEPRECATED] BarBlurEffect: 'acrylic' - No longer supported and can be removed from the config.
2026-10-06 13:54:17,763 [INFO] [yasb-audio-visualizer] [root/loopback.py:728]: Audio visualizer: loopback capture open (48000 Hz, 2 ch, 32-bit float)
2026-10-06 13:54:17,868 [INFO] [MainThread] [root/service.py:52]: AudioOutputService starting...
2026-10-06 13:54:17,969 [INFO] [MainThread] [root/bar_manager.py:103]: Starting SystemEventListener...
2026-10-06 13:54:17,972 [INFO] [MainThread] [root/watcher.py:65]: Watching directory: c:\users\usuario\.config\yasb
2026-10-06 13:54:17,972 [INFO] [MainThread] [root/watcher.py:104]: Created file watcher
2026-10-06 13:54:17,988 [INFO] [MainThread] [root/update_service.py:434]: Background update checker started
2026-10-06 13:54:18,002 [INFO] [SystrayHook] [systray_hook/systray_hook.py:193]: Injecting into Explorer (PID: 5792)
2026-10-06 13:54:53,044 [WARNING] [MainThread] [deprecation/deprecation.py:161]: [DEPRECATED] BarBlurEffect: 'acrylic' - No longer supported and can be removed from the config.
2026-10-06 13:54:53,045 [INFO] [MainThread] [root/controller.py:21]: Reloading Application because of config change.
2026-10-06 13:54:53,146 [INFO] [MainThread] [cli_server/cli_server.py:114]: Log pipe server stopped
2026-10-06 13:54:53,153 [INFO] [MainThread] [root/bar_manager.py:93]: Successfully loaded updated config and re-initialised all bars.
2026-10-06 13:54:53,207 [INFO] [MainThread] [root/bar_manager.py:119]: Stopping SystemEventListener...
2026-10-06 13:54:53,645 [INFO] [MainThread] [root/log.py:103]: YASB v2.0.7
2026-10-06 13:54:53,646 [INFO] [CLIPipeServer] [cli_server/cli_server.py:216]: CLI server started v1.1.7
2026-10-06 13:54:53,646 [INFO] [MainThread] [cli_server/cli_server.py:106]: Log pipe server started
2026-10-06 13:54:53,696 [WARNING] [MainThread] [deprecation/deprecation.py:161]: [DEPRECATED] BarBlurEffect: 'acrylic' - No longer supported and can be removed from the config.
2026-10-06 13:54:54,194 [INFO] [yasb-audio-visualizer] [root/loopback.py:728]: Audio visualizer: loopback capture open (48000 Hz, 2 ch, 32-bit float)
2026-10-06 13:54:54,326 [INFO] [MainThread] [root/service.py:52]: AudioOutputService starting...
2026-10-06 13:54:54,429 [INFO] [MainThread] [root/bar_manager.py:103]: Starting SystemEventListener...
2026-10-06 13:54:54,432 [INFO] [MainThread] [root/watcher.py:65]: Watching directory: c:\users\usuario\.config\yasb
2026-10-06 13:54:54,433 [INFO] [MainThread] [root/watcher.py:104]: Created file watcher
2026-10-06 13:54:54,448 [INFO] [MainThread] [root/update_service.py:434]: Background update checker started
2026-10-06 13:54:54,458 [INFO] [SystrayHook] [systray_hook/systray_hook.py:193]: Injecting into Explorer (PID: 5792)
2026-10-06 13:54:58,411 [WARNING] [MainThread] [deprecation/deprecation.py:161]: [DEPRECATED] BarBlurEffect: 'acrylic' - No longer supported and can be removed from the config.
2026-10-06 13:54:58,412 [INFO] [MainThread] [root/controller.py:21]: Reloading Application because of config change.
2026-10-06 13:54:58,520 [INFO] [MainThread] [cli_server/cli_server.py:114]: Log pipe server stopped
2026-10-06 13:54:58,526 [INFO] [MainThread] [root/bar_manager.py:93]: Successfully loaded updated config and re-initialised all bars.
2026-10-06 13:54:58,580 [INFO] [MainThread] [root/bar_manager.py:119]: Stopping SystemEventListener...
2026-10-06 13:54:59,016 [INFO] [MainThread] [root/log.py:103]: YASB v2.0.7
2026-10-06 13:54:59,016 [INFO] [CLIPipeServer] [cli_server/cli_server.py:216]: CLI server started v1.1.7
2026-10-06 13:54:59,017 [INFO] [MainThread] [cli_server/cli_server.py:106]: Log pipe server started
2026-10-06 13:54:59,064 [WARNING] [MainThread] [deprecation/deprecation.py:161]: [DEPRECATED] BarBlurEffect: 'acrylic' - No longer supported and can be removed from the config.
2026-10-06 13:54:59,575 [INFO] [yasb-audio-visualizer] [root/loopback.py:728]: Audio visualizer: loopback capture open (48000 Hz, 2 ch, 32-bit float)
2026-10-06 13:54:59,682 [INFO] [MainThread] [root/service.py:52]: AudioOutputService starting...
2026-10-06 13:54:59,786 [INFO] [MainThread] [root/bar_manager.py:103]: Starting SystemEventListener...
2026-10-06 13:54:59,790 [INFO] [MainThread] [root/watcher.py:65]: Watching directory: c:\users\usuario\.config\yasb
2026-10-06 13:54:59,790 [INFO] [MainThread] [root/watcher.py:104]: Created file watcher
2026-10-06 13:54:59,804 [INFO] [MainThread] [root/update_service.py:434]: Background update checker started
2026-10-06 13:54:59,815 [INFO] [SystrayHook] [systray_hook/systray_hook.py:193]: Injecting into Explorer (PID: 5792)
2026-10-06 16:45:00,434 [INFO] [MainThread] [root/log.py:103]: YASB v2.0.7
2026-10-06 16:45:00,435 [INFO] [CLIPipeServer] [cli_server/cli_server.py:216]: CLI server started v1.1.7
2026-10-06 16:45:00,435 [INFO] [MainThread] [cli_server/cli_server.py:106]: Log pipe server started
2026-10-06 16:45:00,480 [WARNING] [MainThread] [deprecation/deprecation.py:161]: [DEPRECATED] BarBlurEffect: 'acrylic' - No longer supported and can be removed from the config.
2026-10-06 16:45:00,967 [INFO] [yasb-audio-visualizer] [root/loopback.py:728]: Audio visualizer: loopback capture open (48000 Hz, 2 ch, 32-bit float)
2026-10-06 16:45:01,077 [INFO] [MainThread] [root/service.py:52]: AudioOutputService starting...
2026-10-06 16:45:01,130 [INFO] [SystrayHook] [systray_hook/systray_hook.py:193]: Injecting into Explorer (PID: 6940)
2026-10-06 16:45:01,174 [INFO] [MainThread] [root/bar_manager.py:103]: Starting SystemEventListener...
2026-10-06 16:45:01,177 [INFO] [MainThread] [root/watcher.py:65]: Watching directory: c:\users\usuario\.config\yasb
2026-10-06 16:45:01,177 [INFO] [MainThread] [root/watcher.py:104]: Created file watcher
2026-10-06 16:45:01,189 [INFO] [MainThread] [root/update_service.py:434]: Background update checker started
2026-10-06 16:46:55,124 [WARNING] [MainThread] [deprecation/deprecation.py:161]: [DEPRECATED] BarBlurEffect: 'acrylic' - No longer supported and can be removed from the config.
2026-10-06 16:46:55,125 [INFO] [MainThread] [root/controller.py:21]: Reloading Application because of config change.
2026-10-06 16:46:55,233 [INFO] [MainThread] [cli_server/cli_server.py:114]: Log pipe server stopped
2026-10-06 16:46:55,240 [INFO] [MainThread] [root/bar_manager.py:93]: Successfully loaded updated config and re-initialised all bars.
2026-10-06 16:46:55,292 [INFO] [MainThread] [root/bar_manager.py:119]: Stopping SystemEventListener...
2026-10-06 16:46:55,690 [INFO] [MainThread] [root/log.py:103]: YASB v2.0.7
2026-10-06 16:46:55,691 [INFO] [CLIPipeServer] [cli_server/cli_server.py:216]: CLI server started v1.1.7
2026-10-06 16:46:55,691 [INFO] [MainThread] [cli_server/cli_server.py:106]: Log pipe server started
2026-10-06 16:46:55,736 [WARNING] [MainThread] [deprecation/deprecation.py:161]: [DEPRECATED] BarBlurEffect: 'acrylic' - No longer supported and can be removed from the config.
2026-10-06 16:46:56,212 [INFO] [yasb-audio-visualizer] [root/loopback.py:728]: Audio visualizer: loopback capture open (48000 Hz, 2 ch, 32-bit float)
2026-10-06 16:46:56,316 [INFO] [MainThread] [root/service.py:52]: AudioOutputService starting...
2026-10-06 16:46:56,415 [INFO] [MainThread] [root/bar_manager.py:103]: Starting SystemEventListener...
2026-10-06 16:46:56,420 [INFO] [MainThread] [root/watcher.py:65]: Watching directory: c:\users\usuario\.config\yasb
2026-10-06 16:46:56,420 [INFO] [MainThread] [root/watcher.py:104]: Created file watcher
2026-10-06 16:46:56,421 [INFO] [SystrayHook] [systray_hook/systray_hook.py:193]: Injecting into Explorer (PID: 6940)
2026-10-06 16:46:56,431 [INFO] [MainThread] [root/update_service.py:434]: Background update checker started
2026-10-06 16:48:35,047 [ERROR] [MainThread] [root/config.py:113]: The file 'C:\Users\Usuario\.config\yasb\config.yaml' contains Parser Error(s). Please fix:
while parsing a block mapping
  in "C:\Users\Usuario\.config\yasb\config.yaml", line 108, column 9
expected <block end>, but found '<scalar>'
  in "C:\Users\Usuario\.config\yasb\config.yaml", line 110, column 16
2026-10-06 16:48:45,463 [WARNING] [MainThread] [deprecation/deprecation.py:161]: [DEPRECATED] BarBlurEffect: 'acrylic' - No longer supported and can be removed from the config.
2026-10-06 16:48:45,464 [INFO] [MainThread] [root/controller.py:21]: Reloading Application because of config change.
2026-10-06 16:48:45,564 [INFO] [MainThread] [cli_server/cli_server.py:114]: Log pipe server stopped
2026-10-06 16:48:45,571 [INFO] [MainThread] [root/bar_manager.py:93]: Successfully loaded updated config and re-initialised all bars.
2026-10-06 16:48:45,617 [INFO] [MainThread] [root/bar_manager.py:119]: Stopping SystemEventListener...
2026-10-06 16:48:46,030 [INFO] [MainThread] [root/log.py:103]: YASB v2.0.7
2026-10-06 16:48:46,031 [INFO] [CLIPipeServer] [cli_server/cli_server.py:216]: CLI server started v1.1.7
2026-10-06 16:48:46,031 [INFO] [MainThread] [cli_server/cli_server.py:106]: Log pipe server started
2026-10-06 16:48:46,076 [WARNING] [MainThread] [deprecation/deprecation.py:161]: [DEPRECATED] BarBlurEffect: 'acrylic' - No longer supported and can be removed from the config.
2026-10-06 16:48:46,528 [INFO] [yasb-audio-visualizer] [root/loopback.py:728]: Audio visualizer: loopback capture open (48000 Hz, 2 ch, 32-bit float)
2026-10-06 16:48:46,648 [INFO] [MainThread] [root/service.py:52]: AudioOutputService starting...
2026-10-06 16:48:46,781 [INFO] [MainThread] [root/bar_manager.py:103]: Starting SystemEventListener...
2026-10-06 16:48:46,785 [INFO] [MainThread] [root/watcher.py:65]: Watching directory: c:\users\usuario\.config\yasb
2026-10-06 16:48:46,785 [INFO] [MainThread] [root/watcher.py:104]: Created file watcher
2026-10-06 16:48:46,801 [INFO] [MainThread] [root/update_service.py:434]: Background update checker started
2026-10-06 16:48:46,801 [INFO] [SystrayHook] [systray_hook/systray_hook.py:193]: Injecting into Explorer (PID: 6940)
2026-10-06 16:51:51,215 [ERROR] [MainThread] [root/config.py:113]: The file 'C:\Users\Usuario\.config\yasb\config.yaml' contains Parser Error(s). Please fix:
while parsing a block mapping
  in "C:\Users\Usuario\.config\yasb\config.yaml", line 108, column 9
expected <block end>, but found '<scalar>'
  in "C:\Users\Usuario\.config\yasb\config.yaml", line 109, column 24
2026-10-06 16:52:02,845 [WARNING] [MainThread] [deprecation/deprecation.py:161]: [DEPRECATED] BarBlurEffect: 'acrylic' - No longer supported and can be removed from the config.
2026-10-06 16:52:02,846 [INFO] [MainThread] [root/controller.py:21]: Reloading Application because of config change.
2026-10-06 16:52:02,948 [INFO] [MainThread] [cli_server/cli_server.py:114]: Log pipe server stopped
2026-10-06 16:52:02,954 [INFO] [MainThread] [root/bar_manager.py:93]: Successfully loaded updated config and re-initialised all bars.
2026-10-06 16:52:03,003 [INFO] [MainThread] [root/bar_manager.py:119]: Stopping SystemEventListener...
2026-10-06 16:52:03,408 [INFO] [MainThread] [root/log.py:103]: YASB v2.0.7
2026-10-06 16:52:03,408 [INFO] [CLIPipeServer] [cli_server/cli_server.py:216]: CLI server started v1.1.7
2026-10-06 16:52:03,409 [INFO] [MainThread] [cli_server/cli_server.py:106]: Log pipe server started
2026-10-06 16:52:03,454 [WARNING] [MainThread] [deprecation/deprecation.py:161]: [DEPRECATED] BarBlurEffect: 'acrylic' - No longer supported and can be removed from the config.
2026-10-06 16:52:03,900 [INFO] [yasb-audio-visualizer] [root/loopback.py:728]: Audio visualizer: loopback capture open (48000 Hz, 2 ch, 32-bit float)
2026-10-06 16:52:04,001 [INFO] [MainThread] [root/service.py:52]: AudioOutputService starting...
2026-10-06 16:52:04,136 [INFO] [MainThread] [root/bar_manager.py:103]: Starting SystemEventListener...
2026-10-06 16:52:04,139 [INFO] [MainThread] [root/watcher.py:65]: Watching directory: c:\users\usuario\.config\yasb
2026-10-06 16:52:04,140 [INFO] [MainThread] [root/watcher.py:104]: Created file watcher
2026-10-06 16:52:04,152 [INFO] [MainThread] [root/update_service.py:434]: Background update checker started
2026-10-06 16:52:04,153 [INFO] [SystrayHook] [systray_hook/systray_hook.py:193]: Injecting into Explorer (PID: 6940)
2026-10-06 16:55:14,420 [WARNING] [MainThread] [deprecation/deprecation.py:161]: [DEPRECATED] BarBlurEffect: 'acrylic' - No longer supported and can be removed from the config.
2026-10-06 16:55:14,421 [INFO] [MainThread] [root/controller.py:21]: Reloading Application because of config change.
2026-10-06 16:55:14,524 [INFO] [MainThread] [cli_server/cli_server.py:114]: Log pipe server stopped
2026-10-06 16:55:14,531 [INFO] [MainThread] [root/bar_manager.py:93]: Successfully loaded updated config and re-initialised all bars.
2026-10-06 16:55:14,589 [INFO] [MainThread] [root/bar_manager.py:119]: Stopping SystemEventListener...
2026-10-06 16:55:14,995 [INFO] [MainThread] [root/log.py:103]: YASB v2.0.7
2026-10-06 16:55:14,995 [INFO] [CLIPipeServer] [cli_server/cli_server.py:216]: CLI server started v1.1.7
2026-10-06 16:55:14,995 [INFO] [MainThread] [cli_server/cli_server.py:106]: Log pipe server started
2026-10-06 16:55:15,042 [WARNING] [MainThread] [deprecation/deprecation.py:161]: [DEPRECATED] BarBlurEffect: 'acrylic' - No longer supported and can be removed from the config.
2026-10-06 16:55:15,491 [INFO] [yasb-audio-visualizer] [root/loopback.py:728]: Audio visualizer: loopback capture open (48000 Hz, 2 ch, 32-bit float)
2026-10-06 16:55:15,591 [INFO] [MainThread] [root/service.py:52]: AudioOutputService starting...
2026-10-06 16:55:15,720 [INFO] [MainThread] [root/bar_manager.py:103]: Starting SystemEventListener...
2026-10-06 16:55:15,723 [INFO] [MainThread] [root/watcher.py:65]: Watching directory: c:\users\usuario\.config\yasb
2026-10-06 16:55:15,723 [INFO] [MainThread] [root/watcher.py:104]: Created file watcher
2026-10-06 16:55:15,737 [INFO] [SystrayHook] [systray_hook/systray_hook.py:193]: Injecting into Explorer (PID: 6940)
2026-10-06 16:55:15,737 [INFO] [MainThread] [root/update_service.py:434]: Background update checker started
2026-10-06 16:58:41,930 [INFO] [MainThread] [root/controller.py:21]: Reloading Bar from context menu...
2026-10-06 16:58:42,034 [INFO] [MainThread] [cli_server/cli_server.py:114]: Log pipe server stopped
2026-10-06 16:58:42,102 [INFO] [MainThread] [root/bar_manager.py:119]: Stopping SystemEventListener...
2026-10-06 16:58:42,536 [INFO] [MainThread] [root/log.py:103]: YASB v2.0.7
2026-10-06 16:58:42,536 [INFO] [CLIPipeServer] [cli_server/cli_server.py:216]: CLI server started v1.1.7
2026-10-06 16:58:42,536 [INFO] [MainThread] [cli_server/cli_server.py:106]: Log pipe server started
2026-10-06 16:58:42,584 [WARNING] [MainThread] [deprecation/deprecation.py:161]: [DEPRECATED] BarBlurEffect: 'acrylic' - No longer supported and can be removed from the config.
2026-10-06 16:58:43,048 [INFO] [yasb-audio-visualizer] [root/loopback.py:728]: Audio visualizer: loopback capture open (48000 Hz, 2 ch, 32-bit float)
2026-10-06 16:58:43,153 [INFO] [MainThread] [root/service.py:52]: AudioOutputService starting...
2026-10-06 16:58:43,260 [INFO] [MainThread] [root/bar_manager.py:103]: Starting SystemEventListener...
2026-10-06 16:58:43,264 [INFO] [MainThread] [root/watcher.py:65]: Watching directory: c:\users\usuario\.config\yasb
2026-10-06 16:58:43,265 [INFO] [MainThread] [root/watcher.py:104]: Created file watcher
2026-10-06 16:58:43,266 [INFO] [SystrayHook] [systray_hook/systray_hook.py:193]: Injecting into Explorer (PID: 6940)
2026-10-06 16:58:43,278 [INFO] [MainThread] [root/update_service.py:434]: Background update checker started
2026-10-06 17:05:05,323 [INFO] [MainThread] [root/controller.py:21]: Reloading Bar from context menu...
2026-10-06 17:05:05,429 [INFO] [MainThread] [cli_server/cli_server.py:114]: Log pipe server stopped
2026-10-06 17:05:05,531 [INFO] [MainThread] [root/bar_manager.py:119]: Stopping SystemEventListener...
2026-10-06 17:05:05,983 [INFO] [MainThread] [root/log.py:103]: YASB v2.0.7
2026-10-06 17:05:05,983 [INFO] [CLIPipeServer] [cli_server/cli_server.py:216]: CLI server started v1.1.7
2026-10-06 17:05:05,984 [INFO] [MainThread] [cli_server/cli_server.py:106]: Log pipe server started
2026-10-06 17:05:06,031 [WARNING] [MainThread] [deprecation/deprecation.py:161]: [DEPRECATED] BarBlurEffect: 'acrylic' - No longer supported and can be removed from the config.
2026-10-06 17:05:06,489 [INFO] [yasb-audio-visualizer] [root/loopback.py:728]: Audio visualizer: loopback capture open (48000 Hz, 2 ch, 32-bit float)
2026-10-06 17:05:06,589 [INFO] [MainThread] [root/service.py:52]: AudioOutputService starting...
2026-10-06 17:05:06,732 [INFO] [MainThread] [root/bar_manager.py:103]: Starting SystemEventListener...
2026-10-06 17:05:06,734 [INFO] [MainThread] [root/watcher.py:65]: Watching directory: c:\users\usuario\.config\yasb
2026-10-06 17:05:06,735 [INFO] [MainThread] [root/watcher.py:104]: Created file watcher
2026-10-06 17:05:06,754 [INFO] [MainThread] [root/update_service.py:434]: Background update checker started
2026-10-06 17:05:06,755 [INFO] [SystrayHook] [systray_hook/systray_hook.py:193]: Injecting into Explorer (PID: 6940)
2026-10-06 17:07:03,088 [ERROR] [MainThread] [root/bar_manager.py:80]: Error loading config: mapping values are not allowed here
  in "C:\Users\Usuario\.config\yasb\config.yaml", line 104, column 19
2026-10-06 17:10:29,755 [WARNING] [MainThread] [deprecation/deprecation.py:161]: [DEPRECATED] BarBlurEffect: 'acrylic' - No longer supported and can be removed from the config.
2026-10-06 17:10:29,756 [INFO] [MainThread] [root/controller.py:21]: Reloading Application because of config change.
2026-10-06 17:10:29,856 [INFO] [MainThread] [cli_server/cli_server.py:114]: Log pipe server stopped
2026-10-06 17:10:29,863 [INFO] [MainThread] [root/bar_manager.py:93]: Successfully loaded updated config and re-initialised all bars.
2026-10-06 17:10:29,917 [INFO] [MainThread] [root/bar_manager.py:119]: Stopping SystemEventListener...
2026-10-06 17:10:30,409 [INFO] [MainThread] [root/log.py:103]: YASB v2.0.7
2026-10-06 17:10:30,410 [INFO] [CLIPipeServer] [cli_server/cli_server.py:216]: CLI server started v1.1.7
2026-10-06 17:10:30,410 [INFO] [MainThread] [cli_server/cli_server.py:106]: Log pipe server started
2026-10-06 17:10:30,459 [WARNING] [MainThread] [deprecation/deprecation.py:161]: [DEPRECATED] BarBlurEffect: 'acrylic' - No longer supported and can be removed from the config.
2026-10-06 17:10:30,943 [INFO] [yasb-audio-visualizer] [root/loopback.py:728]: Audio visualizer: loopback capture open (48000 Hz, 2 ch, 32-bit float)
2026-10-06 17:10:31,054 [INFO] [MainThread] [root/service.py:52]: AudioOutputService starting...
2026-10-06 17:10:31,151 [INFO] [SystrayHook] [systray_hook/systray_hook.py:193]: Injecting into Explorer (PID: 6940)
2026-10-06 17:10:31,209 [INFO] [MainThread] [root/bar_manager.py:103]: Starting SystemEventListener...
2026-10-06 17:10:31,213 [INFO] [MainThread] [root/watcher.py:65]: Watching directory: c:\users\usuario\.config\yasb
2026-10-06 17:10:31,214 [INFO] [MainThread] [root/watcher.py:104]: Created file watcher
2026-10-06 17:10:31,237 [INFO] [MainThread] [root/update_service.py:434]: Background update checker started
2026-10-06 17:10:48,787 [INFO] [MainThread] [root/controller.py:21]: Reloading Bar from context menu...
2026-10-06 17:10:48,888 [INFO] [MainThread] [cli_server/cli_server.py:114]: Log pipe server stopped
2026-10-06 17:10:48,950 [INFO] [MainThread] [root/bar_manager.py:119]: Stopping SystemEventListener...
2026-10-06 17:10:49,383 [INFO] [MainThread] [root/log.py:103]: YASB v2.0.7
2026-10-06 17:10:49,384 [INFO] [CLIPipeServer] [cli_server/cli_server.py:216]: CLI server started v1.1.7
2026-10-06 17:10:49,384 [INFO] [MainThread] [cli_server/cli_server.py:106]: Log pipe server started
2026-10-06 17:10:49,437 [WARNING] [MainThread] [deprecation/deprecation.py:161]: [DEPRECATED] BarBlurEffect: 'acrylic' - No longer supported and can be removed from the config.
2026-10-06 17:10:49,907 [INFO] [yasb-audio-visualizer] [root/loopback.py:728]: Audio visualizer: loopback capture open (48000 Hz, 2 ch, 32-bit float)
2026-10-06 17:10:50,011 [INFO] [MainThread] [root/service.py:52]: AudioOutputService starting...
2026-10-06 17:10:50,146 [INFO] [MainThread] [root/bar_manager.py:103]: Starting SystemEventListener...
2026-10-06 17:10:50,150 [INFO] [MainThread] [root/watcher.py:65]: Watching directory: c:\users\usuario\.config\yasb
2026-10-06 17:10:50,151 [INFO] [MainThread] [root/watcher.py:104]: Created file watcher
2026-10-06 17:10:50,150 [INFO] [SystrayHook] [systray_hook/systray_hook.py:193]: Injecting into Explorer (PID: 6940)
2026-10-06 17:10:50,168 [INFO] [MainThread] [root/update_service.py:434]: Background update checker started
2026-10-06 17:14:52,385 [WARNING] [MainThread] [deprecation/deprecation.py:161]: [DEPRECATED] BarBlurEffect: 'acrylic' - No longer supported and can be removed from the config.
2026-10-06 17:14:52,386 [INFO] [MainThread] [root/controller.py:21]: Reloading Application because of config change.
2026-10-06 17:14:52,488 [INFO] [MainThread] [cli_server/cli_server.py:114]: Log pipe server stopped
2026-10-06 17:14:52,494 [INFO] [MainThread] [root/bar_manager.py:93]: Successfully loaded updated config and re-initialised all bars.
2026-10-06 17:14:52,539 [INFO] [MainThread] [root/bar_manager.py:119]: Stopping SystemEventListener...
2026-10-06 17:14:52,961 [INFO] [MainThread] [root/log.py:103]: YASB v2.0.7
2026-10-06 17:14:52,961 [INFO] [CLIPipeServer] [cli_server/cli_server.py:216]: CLI server started v1.1.7
2026-10-06 17:14:52,962 [INFO] [MainThread] [cli_server/cli_server.py:106]: Log pipe server started
2026-10-06 17:14:53,008 [WARNING] [MainThread] [deprecation/deprecation.py:161]: [DEPRECATED] BarBlurEffect: 'acrylic' - No longer supported and can be removed from the config.
2026-10-06 17:14:53,479 [INFO] [yasb-audio-visualizer] [root/loopback.py:728]: Audio visualizer: loopback capture open (48000 Hz, 2 ch, 32-bit float)
2026-10-06 17:14:53,588 [INFO] [MainThread] [root/service.py:52]: AudioOutputService starting...
2026-10-06 17:14:53,726 [INFO] [MainThread] [root/bar_manager.py:103]: Starting SystemEventListener...
2026-10-06 17:14:53,731 [INFO] [MainThread] [root/watcher.py:65]: Watching directory: c:\users\usuario\.config\yasb
2026-10-06 17:14:53,731 [INFO] [MainThread] [root/watcher.py:104]: Created file watcher
2026-10-06 17:14:53,749 [INFO] [MainThread] [root/update_service.py:434]: Background update checker started
2026-10-06 17:14:53,757 [INFO] [SystrayHook] [systray_hook/systray_hook.py:193]: Injecting into Explorer (PID: 6940)
2026-10-06 17:16:01,203 [INFO] [MainThread] [root/controller.py:21]: Reloading Bar from context menu...
2026-10-06 17:16:01,312 [INFO] [MainThread] [cli_server/cli_server.py:114]: Log pipe server stopped
2026-10-06 17:16:01,373 [INFO] [MainThread] [root/bar_manager.py:119]: Stopping SystemEventListener...
2026-10-06 17:16:01,808 [INFO] [MainThread] [root/log.py:103]: YASB v2.0.7
2026-10-06 17:16:01,809 [INFO] [CLIPipeServer] [cli_server/cli_server.py:216]: CLI server started v1.1.7
2026-10-06 17:16:01,809 [INFO] [MainThread] [cli_server/cli_server.py:106]: Log pipe server started
2026-10-06 17:16:01,857 [WARNING] [MainThread] [deprecation/deprecation.py:161]: [DEPRECATED] BarBlurEffect: 'acrylic' - No longer supported and can be removed from the config.
2026-10-06 17:16:02,337 [INFO] [yasb-audio-visualizer] [root/loopback.py:728]: Audio visualizer: loopback capture open (48000 Hz, 2 ch, 32-bit float)
2026-10-06 17:16:02,444 [INFO] [MainThread] [root/service.py:52]: AudioOutputService starting...
2026-10-06 17:16:02,540 [INFO] [MainThread] [root/bar_manager.py:103]: Starting SystemEventListener...
2026-10-06 17:16:02,543 [INFO] [MainThread] [root/watcher.py:65]: Watching directory: c:\users\usuario\.config\yasb
2026-10-06 17:16:02,543 [INFO] [MainThread] [root/watcher.py:104]: Created file watcher
2026-10-06 17:16:02,556 [INFO] [MainThread] [root/update_service.py:434]: Background update checker started
2026-10-06 17:16:02,565 [INFO] [SystrayHook] [systray_hook/systray_hook.py:193]: Injecting into Explorer (PID: 6940)
2026-10-06 17:18:53,163 [INFO] [MainThread] [root/bar.py:162]: Screen geometry changed. Updating position for bar primary-bar on screen Odyssey G5
2026-10-06 17:20:00,800 [INFO] [MainThread] [root/bar.py:162]: Screen geometry changed. Updating position for bar primary-bar on screen Odyssey G5
2026-10-06 17:20:02,971 [INFO] [MainThread] [root/bar.py:162]: Screen geometry changed. Updating position for bar primary-bar on screen Odyssey G5
2026-10-06 17:20:23,087 [INFO] [MainThread] [root/controller.py:21]: Reloading Bar from context menu...
2026-10-06 17:20:23,189 [INFO] [MainThread] [cli_server/cli_server.py:114]: Log pipe server stopped
2026-10-06 17:20:23,243 [INFO] [MainThread] [root/bar_manager.py:119]: Stopping SystemEventListener...
2026-10-06 17:20:23,648 [INFO] [MainThread] [root/log.py:103]: YASB v2.0.7
2026-10-06 17:20:23,648 [INFO] [CLIPipeServer] [cli_server/cli_server.py:216]: CLI server started v1.1.7
2026-10-06 17:20:23,648 [INFO] [MainThread] [cli_server/cli_server.py:106]: Log pipe server started
2026-10-06 17:20:23,694 [WARNING] [MainThread] [deprecation/deprecation.py:161]: [DEPRECATED] BarBlurEffect: 'acrylic' - No longer supported and can be removed from the config.
2026-10-06 17:20:24,156 [INFO] [yasb-audio-visualizer] [root/loopback.py:728]: Audio visualizer: loopback capture open (48000 Hz, 2 ch, 32-bit float)
2026-10-06 17:20:24,260 [INFO] [MainThread] [root/service.py:52]: AudioOutputService starting...
2026-10-06 17:20:24,354 [INFO] [MainThread] [root/bar_manager.py:103]: Starting SystemEventListener...
2026-10-06 17:20:24,357 [INFO] [MainThread] [root/watcher.py:65]: Watching directory: c:\users\usuario\.config\yasb
2026-10-06 17:20:24,357 [INFO] [MainThread] [root/watcher.py:104]: Created file watcher
2026-10-06 17:20:24,367 [INFO] [MainThread] [root/update_service.py:434]: Background update checker started
2026-10-06 17:20:24,379 [INFO] [SystrayHook] [systray_hook/systray_hook.py:193]: Injecting into Explorer (PID: 6940)
2026-10-06 17:25:41,173 [INFO] [MainThread] [root/controller.py:21]: Reloading Bar from context menu...
2026-10-06 17:25:41,289 [INFO] [MainThread] [cli_server/cli_server.py:114]: Log pipe server stopped
2026-10-06 17:25:41,336 [INFO] [MainThread] [root/bar_manager.py:119]: Stopping SystemEventListener...
2026-10-06 17:25:41,758 [INFO] [MainThread] [root/log.py:103]: YASB v2.0.7
2026-10-06 17:25:41,759 [INFO] [CLIPipeServer] [cli_server/cli_server.py:216]: CLI server started v1.1.7
2026-10-06 17:25:41,759 [INFO] [MainThread] [cli_server/cli_server.py:106]: Log pipe server started
2026-10-06 17:25:41,804 [WARNING] [MainThread] [deprecation/deprecation.py:161]: [DEPRECATED] BarBlurEffect: 'acrylic' - No longer supported and can be removed from the config.
2026-10-06 17:25:42,257 [INFO] [yasb-audio-visualizer] [root/loopback.py:728]: Audio visualizer: loopback capture open (48000 Hz, 2 ch, 32-bit float)
2026-10-06 17:25:42,372 [INFO] [MainThread] [root/service.py:52]: AudioOutputService starting...
2026-10-06 17:25:42,467 [INFO] [MainThread] [root/bar_manager.py:103]: Starting SystemEventListener...
2026-10-06 17:25:42,471 [INFO] [MainThread] [root/watcher.py:65]: Watching directory: c:\users\usuario\.config\yasb
2026-10-06 17:25:42,471 [INFO] [MainThread] [root/watcher.py:104]: Created file watcher
2026-10-06 17:25:42,483 [INFO] [MainThread] [root/update_service.py:434]: Background update checker started
2026-10-06 17:25:42,495 [INFO] [SystrayHook] [systray_hook/systray_hook.py:193]: Injecting into Explorer (PID: 6940)
2026-10-06 17:27:54,246 [INFO] [MainThread] [root/controller.py:21]: Reloading Bar from context menu...
2026-10-06 17:27:54,360 [INFO] [MainThread] [cli_server/cli_server.py:114]: Log pipe server stopped
2026-10-06 17:27:54,472 [INFO] [MainThread] [root/bar_manager.py:119]: Stopping SystemEventListener...
2026-10-06 17:27:54,919 [INFO] [MainThread] [root/log.py:103]: YASB v2.0.7
2026-10-06 17:27:54,920 [INFO] [CLIPipeServer] [cli_server/cli_server.py:216]: CLI server started v1.1.7
2026-10-06 17:27:54,920 [INFO] [MainThread] [cli_server/cli_server.py:106]: Log pipe server started
2026-10-06 17:27:54,968 [WARNING] [MainThread] [deprecation/deprecation.py:161]: [DEPRECATED] BarBlurEffect: 'acrylic' - No longer supported and can be removed from the config.
2026-10-06 17:27:55,428 [INFO] [yasb-audio-visualizer] [root/loopback.py:728]: Audio visualizer: loopback capture open (48000 Hz, 2 ch, 32-bit float)
2026-10-06 17:27:55,550 [INFO] [MainThread] [root/service.py:52]: AudioOutputService starting...
2026-10-06 17:27:55,651 [INFO] [MainThread] [root/bar_manager.py:103]: Starting SystemEventListener...
2026-10-06 17:27:55,654 [INFO] [MainThread] [root/watcher.py:65]: Watching directory: c:\users\usuario\.config\yasb
2026-10-06 17:27:55,654 [INFO] [MainThread] [root/watcher.py:104]: Created file watcher
2026-10-06 17:27:55,669 [INFO] [MainThread] [root/update_service.py:434]: Background update checker started
2026-10-06 17:27:55,682 [INFO] [SystrayHook] [systray_hook/systray_hook.py:193]: Injecting into Explorer (PID: 6940)
2026-10-06 17:30:16,961 [INFO] [MainThread] [root/controller.py:21]: Reloading Bar from context menu...
2026-10-06 17:30:17,070 [INFO] [MainThread] [cli_server/cli_server.py:114]: Log pipe server stopped
2026-10-06 17:30:17,152 [INFO] [MainThread] [root/bar_manager.py:119]: Stopping SystemEventListener...
2026-10-06 17:30:17,596 [INFO] [MainThread] [root/log.py:103]: YASB v2.0.7
2026-10-06 17:30:17,597 [INFO] [CLIPipeServer] [cli_server/cli_server.py:216]: CLI server started v1.1.7
2026-10-06 17:30:17,597 [INFO] [MainThread] [cli_server/cli_server.py:106]: Log pipe server started
2026-10-06 17:30:17,644 [WARNING] [MainThread] [deprecation/deprecation.py:161]: [DEPRECATED] BarBlurEffect: 'acrylic' - No longer supported and can be removed from the config.
2026-10-06 17:30:18,089 [INFO] [yasb-audio-visualizer] [root/loopback.py:728]: Audio visualizer: loopback capture open (48000 Hz, 2 ch, 32-bit float)
2026-10-06 17:30:18,202 [INFO] [MainThread] [root/service.py:52]: AudioOutputService starting...
2026-10-06 17:30:18,303 [INFO] [MainThread] [root/bar_manager.py:103]: Starting SystemEventListener...
2026-10-06 17:30:18,307 [INFO] [MainThread] [root/watcher.py:65]: Watching directory: c:\users\usuario\.config\yasb
2026-10-06 17:30:18,307 [INFO] [MainThread] [root/watcher.py:104]: Created file watcher
2026-10-06 17:30:18,321 [INFO] [MainThread] [root/update_service.py:434]: Background update checker started
2026-10-06 17:30:18,332 [INFO] [SystrayHook] [systray_hook/systray_hook.py:193]: Injecting into Explorer (PID: 6940)
2026-10-06 17:31:44,155 [WARNING] [MainThread] [deprecation/deprecation.py:161]: [DEPRECATED] BarBlurEffect: 'acrylic' - No longer supported and can be removed from the config.
2026-10-06 17:31:44,157 [INFO] [MainThread] [root/controller.py:21]: Reloading Application because of config change.
2026-10-06 17:31:44,266 [INFO] [MainThread] [cli_server/cli_server.py:114]: Log pipe server stopped
2026-10-06 17:31:44,272 [INFO] [MainThread] [root/bar_manager.py:93]: Successfully loaded updated config and re-initialised all bars.
2026-10-06 17:31:44,328 [INFO] [MainThread] [root/bar_manager.py:119]: Stopping SystemEventListener...
2026-10-06 17:31:44,832 [INFO] [MainThread] [root/log.py:103]: YASB v2.0.7
2026-10-06 17:31:44,833 [INFO] [CLIPipeServer] [cli_server/cli_server.py:216]: CLI server started v1.1.7
2026-10-06 17:31:44,833 [INFO] [MainThread] [cli_server/cli_server.py:106]: Log pipe server started
2026-10-06 17:31:44,885 [WARNING] [MainThread] [deprecation/deprecation.py:161]: [DEPRECATED] BarBlurEffect: 'acrylic' - No longer supported and can be removed from the config.
2026-10-06 17:31:45,363 [INFO] [yasb-audio-visualizer] [root/loopback.py:728]: Audio visualizer: loopback capture open (48000 Hz, 2 ch, 32-bit float)
2026-10-06 17:31:45,488 [INFO] [MainThread] [root/service.py:52]: AudioOutputService starting...
2026-10-06 17:31:45,591 [INFO] [MainThread] [root/bar_manager.py:103]: Starting SystemEventListener...
2026-10-06 17:31:45,595 [INFO] [MainThread] [root/watcher.py:65]: Watching directory: c:\users\usuario\.config\yasb
2026-10-06 17:31:45,595 [INFO] [MainThread] [root/watcher.py:104]: Created file watcher
2026-10-06 17:31:45,616 [INFO] [MainThread] [root/update_service.py:434]: Background update checker started
2026-10-06 17:31:45,638 [INFO] [SystrayHook] [systray_hook/systray_hook.py:193]: Injecting into Explorer (PID: 6940)
2026-10-06 17:33:00,173 [WARNING] [MainThread] [deprecation/deprecation.py:161]: [DEPRECATED] BarBlurEffect: 'acrylic' - No longer supported and can be removed from the config.
2026-10-06 17:33:00,174 [INFO] [MainThread] [root/controller.py:21]: Reloading Application because of config change.
2026-10-06 17:33:00,276 [INFO] [MainThread] [cli_server/cli_server.py:114]: Log pipe server stopped
2026-10-06 17:33:00,282 [INFO] [MainThread] [root/bar_manager.py:93]: Successfully loaded updated config and re-initialised all bars.
2026-10-06 17:33:00,326 [INFO] [MainThread] [root/bar_manager.py:119]: Stopping SystemEventListener...
2026-10-06 17:33:00,771 [INFO] [MainThread] [root/log.py:103]: YASB v2.0.7
2026-10-06 17:33:00,771 [INFO] [CLIPipeServer] [cli_server/cli_server.py:216]: CLI server started v1.1.7
2026-10-06 17:33:00,772 [INFO] [MainThread] [cli_server/cli_server.py:106]: Log pipe server started
2026-10-06 17:33:00,825 [WARNING] [MainThread] [deprecation/deprecation.py:161]: [DEPRECATED] BarBlurEffect: 'acrylic' - No longer supported and can be removed from the config.
2026-10-06 17:33:01,325 [INFO] [yasb-audio-visualizer] [root/loopback.py:728]: Audio visualizer: loopback capture open (48000 Hz, 2 ch, 32-bit float)
2026-10-06 17:33:01,445 [INFO] [MainThread] [root/service.py:52]: AudioOutputService starting...
2026-10-06 17:33:01,540 [INFO] [MainThread] [root/bar_manager.py:103]: Starting SystemEventListener...
2026-10-06 17:33:01,544 [INFO] [MainThread] [root/watcher.py:65]: Watching directory: c:\users\usuario\.config\yasb
2026-10-06 17:33:01,544 [INFO] [MainThread] [root/watcher.py:104]: Created file watcher
2026-10-06 17:33:01,562 [INFO] [MainThread] [root/update_service.py:434]: Background update checker started
2026-10-06 17:33:01,574 [INFO] [SystrayHook] [systray_hook/systray_hook.py:193]: Injecting into Explorer (PID: 6940)
2026-10-06 17:36:10,580 [WARNING] [MainThread] [deprecation/deprecation.py:161]: [DEPRECATED] BarBlurEffect: 'acrylic' - No longer supported and can be removed from the config.
2026-10-06 17:36:10,582 [INFO] [MainThread] [root/controller.py:21]: Reloading Application because of config change.
2026-10-06 17:36:10,686 [INFO] [MainThread] [cli_server/cli_server.py:114]: Log pipe server stopped
2026-10-06 17:36:10,692 [INFO] [MainThread] [root/bar_manager.py:93]: Successfully loaded updated config and re-initialised all bars.
2026-10-06 17:36:10,738 [INFO] [MainThread] [root/bar_manager.py:119]: Stopping SystemEventListener...
2026-10-06 17:36:11,200 [INFO] [MainThread] [root/log.py:103]: YASB v2.0.7
2026-10-06 17:36:11,200 [INFO] [CLIPipeServer] [cli_server/cli_server.py:216]: CLI server started v1.1.7
2026-10-06 17:36:11,201 [INFO] [MainThread] [cli_server/cli_server.py:106]: Log pipe server started
2026-10-06 17:36:11,247 [WARNING] [MainThread] [deprecation/deprecation.py:161]: [DEPRECATED] BarBlurEffect: 'acrylic' - No longer supported and can be removed from the config.
2026-10-06 17:36:11,700 [INFO] [yasb-audio-visualizer] [root/loopback.py:728]: Audio visualizer: loopback capture open (48000 Hz, 2 ch, 32-bit float)
2026-10-06 17:36:11,815 [INFO] [MainThread] [root/service.py:52]: AudioOutputService starting...
2026-10-06 17:36:11,909 [INFO] [MainThread] [root/bar_manager.py:103]: Starting SystemEventListener...
2026-10-06 17:36:11,912 [INFO] [MainThread] [root/watcher.py:65]: Watching directory: c:\users\usuario\.config\yasb
2026-10-06 17:36:11,912 [INFO] [MainThread] [root/watcher.py:104]: Created file watcher
2026-10-06 17:36:11,926 [INFO] [MainThread] [root/update_service.py:434]: Background update checker started
2026-10-06 17:36:11,950 [INFO] [SystrayHook] [systray_hook/systray_hook.py:193]: Injecting into Explorer (PID: 6940)
2026-10-06 17:37:43,022 [WARNING] [MainThread] [deprecation/deprecation.py:161]: [DEPRECATED] BarBlurEffect: 'acrylic' - No longer supported and can be removed from the config.
2026-10-06 17:37:43,022 [INFO] [MainThread] [root/controller.py:21]: Reloading Application because of config change.
2026-10-06 17:37:43,132 [INFO] [MainThread] [cli_server/cli_server.py:114]: Log pipe server stopped
2026-10-06 17:37:43,139 [INFO] [MainThread] [root/bar_manager.py:93]: Successfully loaded updated config and re-initialised all bars.
2026-10-06 17:37:43,179 [INFO] [MainThread] [root/bar_manager.py:119]: Stopping SystemEventListener...
2026-10-06 17:37:43,598 [INFO] [MainThread] [root/log.py:103]: YASB v2.0.7
2026-10-06 17:37:43,599 [INFO] [CLIPipeServer] [cli_server/cli_server.py:216]: CLI server started v1.1.7
2026-10-06 17:37:43,599 [INFO] [MainThread] [cli_server/cli_server.py:106]: Log pipe server started
2026-10-06 17:37:43,646 [WARNING] [MainThread] [deprecation/deprecation.py:161]: [DEPRECATED] BarBlurEffect: 'acrylic' - No longer supported and can be removed from the config.
2026-10-06 17:37:44,087 [INFO] [yasb-audio-visualizer] [root/loopback.py:728]: Audio visualizer: loopback capture open (48000 Hz, 2 ch, 32-bit float)
2026-10-06 17:37:44,207 [INFO] [MainThread] [root/service.py:52]: AudioOutputService starting...
2026-10-06 17:37:44,299 [INFO] [MainThread] [root/bar_manager.py:103]: Starting SystemEventListener...
2026-10-06 17:37:44,301 [INFO] [MainThread] [root/watcher.py:65]: Watching directory: c:\users\usuario\.config\yasb
2026-10-06 17:37:44,301 [INFO] [MainThread] [root/watcher.py:104]: Created file watcher
2026-10-06 17:37:44,313 [INFO] [MainThread] [root/update_service.py:434]: Background update checker started
2026-10-06 17:37:44,335 [INFO] [SystrayHook] [systray_hook/systray_hook.py:193]: Injecting into Explorer (PID: 6940)
2026-10-06 17:38:07,816 [WARNING] [MainThread] [deprecation/deprecation.py:161]: [DEPRECATED] BarBlurEffect: 'acrylic' - No longer supported and can be removed from the config.
2026-10-06 17:38:07,816 [INFO] [MainThread] [root/controller.py:21]: Reloading Application because of config change.
2026-10-06 17:38:07,931 [INFO] [MainThread] [cli_server/cli_server.py:114]: Log pipe server stopped
2026-10-06 17:38:07,938 [INFO] [MainThread] [root/bar_manager.py:93]: Successfully loaded updated config and re-initialised all bars.
2026-10-06 17:38:07,980 [INFO] [MainThread] [root/bar_manager.py:119]: Stopping SystemEventListener...
2026-10-06 17:38:08,423 [INFO] [MainThread] [root/log.py:103]: YASB v2.0.7
2026-10-06 17:38:08,424 [INFO] [CLIPipeServer] [cli_server/cli_server.py:216]: CLI server started v1.1.7
2026-10-06 17:38:08,424 [INFO] [MainThread] [cli_server/cli_server.py:106]: Log pipe server started
2026-10-06 17:38:08,470 [WARNING] [MainThread] [deprecation/deprecation.py:161]: [DEPRECATED] BarBlurEffect: 'acrylic' - No longer supported and can be removed from the config.
2026-10-06 17:38:08,918 [INFO] [yasb-audio-visualizer] [root/loopback.py:728]: Audio visualizer: loopback capture open (48000 Hz, 2 ch, 32-bit float)
2026-10-06 17:38:09,048 [INFO] [MainThread] [root/service.py:52]: AudioOutputService starting...
2026-10-06 17:38:09,146 [INFO] [MainThread] [root/bar_manager.py:103]: Starting SystemEventListener...
2026-10-06 17:38:09,149 [INFO] [MainThread] [root/watcher.py:65]: Watching directory: c:\users\usuario\.config\yasb
2026-10-06 17:38:09,150 [INFO] [MainThread] [root/watcher.py:104]: Created file watcher
2026-10-06 17:38:09,162 [INFO] [MainThread] [root/update_service.py:434]: Background update checker started
2026-10-06 17:38:09,177 [INFO] [SystrayHook] [systray_hook/systray_hook.py:193]: Injecting into Explorer (PID: 6940)
2026-10-06 21:02:14,280 [WARNING] [MainThread] [deprecation/deprecation.py:161]: [DEPRECATED] BarBlurEffect: 'acrylic' - No longer supported and can be removed from the config.
2026-10-06 21:02:14,289 [INFO] [MainThread] [root/controller.py:21]: Reloading Application because of config change.
2026-10-06 21:02:14,390 [INFO] [MainThread] [cli_server/cli_server.py:114]: Log pipe server stopped
2026-10-06 21:02:14,409 [INFO] [MainThread] [root/bar_manager.py:93]: Successfully loaded updated config and re-initialised all bars.
2026-10-06 21:02:14,478 [INFO] [MainThread] [root/bar_manager.py:119]: Stopping SystemEventListener...
2026-10-06 21:02:14,928 [INFO] [MainThread] [root/log.py:103]: YASB v2.0.7
2026-10-06 21:02:14,929 [INFO] [CLIPipeServer] [cli_server/cli_server.py:216]: CLI server started v1.1.7
2026-10-06 21:02:14,929 [INFO] [MainThread] [cli_server/cli_server.py:106]: Log pipe server started
2026-10-06 21:02:14,991 [WARNING] [MainThread] [deprecation/deprecation.py:161]: [DEPRECATED] BarBlurEffect: 'acrylic' - No longer supported and can be removed from the config.
2026-10-06 21:02:15,798 [INFO] [yasb-audio-visualizer] [root/loopback.py:728]: Audio visualizer: loopback capture open (48000 Hz, 2 ch, 32-bit float)
2026-10-06 21:02:15,948 [INFO] [MainThread] [root/service.py:52]: AudioOutputService starting...
2026-10-06 21:02:16,048 [INFO] [MainThread] [root/bar_manager.py:103]: Starting SystemEventListener...
2026-10-06 21:02:16,052 [INFO] [MainThread] [root/watcher.py:65]: Watching directory: c:\users\usuario\.config\yasb
2026-10-06 21:02:16,053 [INFO] [MainThread] [root/watcher.py:104]: Created file watcher
2026-10-06 21:02:16,081 [INFO] [MainThread] [root/update_service.py:434]: Background update checker started
2026-10-06 21:02:16,128 [INFO] [SystrayHook] [systray_hook/systray_hook.py:193]: Injecting into Explorer (PID: 6940)
